full_name,title_credentials,medico_legal_experience,clinical_practice_experience,clinical_interests,management_experience,research_interests,summary_of_publications,teaching_training,prizes_and_awards,memberships,areas_of_expertise,photo_url,base_location,contact_email,contact_phone,source_url,categories,specialty_slugs
Mr Ian Smith,"Consultant Plastic, Reconstructive & Aesthetic Surgeon; MB ChB, BDS, MSc, FDSRCS(Eng), FRCS(Ed), FRCS(Eng), FRCS(Plast)",Mr Smith has undergone Bondsolon training and enjoys receiving instructions from both Claimant and Defendant law firms in personal injury and clinical negligence cases.,"Mr Ian Smith is a Consultant Plastic Surgeon at Leeds Teaching Hospitals NHS Trust, where he leads a high-volume plastic surgery service that encompasses both elective and emergency reconstructive work. In parallel, he maintains a thriving private practice at Spire Leeds and Nuffield Leeds, providing comprehensive plastic and aesthetic procedures to a diverse patient cohort. His clinical expertise is underpinned by a dual qualification in medicine (University of Leeds School of Medicine) and dentistry (University of Birmingham School of Dentistry), initial training in maxillofacial surgery, and full general surgical training in Leeds. Following this foundation, Mr Smith completed specialist training in plastic surgery across the Leeds and Yorkshire region, supplemented by two prestigious fellowships in Australia—first at the Australian Craniofacial Unit in Adelaide and subsequently at the Royal Brisbane Hospital—where he acquired advanced skills in head and neck reconstruction and the management of complex skin cancers.","Mr Smith's clinical interests are broad yet highly focused on the subspecialty areas that benefit most from his reconstructive expertise. He routinely undertakes general plastic surgery cases, ranging from traumatic soft-tissue reconstruction to microsurgical free-flap procedures. A particular passion lies in sarcoma and surgical oncology, where he collaborates closely with multidisciplinary tumour boards to deliver limb-sparing and oncologically sound resections followed by sophisticated reconstructions. In addition, Mr Smith maintains an active aesthetic practice, offering cosmetic procedures that integrate his reconstructive principles to achieve natural and durable outcomes.","In his capacity as Lead Clinician for the Plastic Surgery Department and for the Sarcoma Regional Centre at Leeds Teaching Hospitals Trust, Mr Smith provides strategic direction, oversees service development, and ensures the delivery of high quality patient care across both NHS and specialist cancer pathways. He serves as Chair of the Intercollegiate Board of Examiners for the FRCS (Plast) and acts as an assessor for the same examination, shaping the next generation of plastic surgeons. Mr Smith is also Hon Treasurer and an officer of the British Association of Plastic, Reconstructive and Aesthetic Surgeons (BAPRAS), and chairs the BAPRAS Special Interest and Advisory Group for Sarcoma. From 2012 to 2020 he directed the Yorkshire and Humber Training Programme, and he remains an active member of the National Plastic Surgery Specialty Advisory Committee.","Mr Smith's research agenda is centred on surgical oncology, with particular emphasis on the development of novel reconstructive techniques for sarcoma and head and neck malignancies. His work seeks to improve functional outcomes, reduce postoperative morbidity, and integrate emerging technologies such as 3D modelling and intra-operative navigation into complex oncologic reconstructions.","Mr Smith is a prolific clinician-researcher whose work bridges hand surgery, reconstructive microsurgery and sarcoma management. He introduced a fail-safe digital tourniquet (J. Hand Surg 2002), examined moving-image recording of hand motion (Br. J. Plast. Surg 2002), and later authored landmark studies on chronic osteomyelitis, radial-forearm-palmaris free-flap lip reconstruction, rare paediatric maxillary lesions, post-Le Fort I arteriovenous malformations and long-term mandibular rhabdomyosarcoma care. His contributions to cleft-lip/palate protocol outcomes, morphea-associated squamous-cell carcinoma, and a book chapter on free vascularised fibular bone graft (Springer 2011) further attest to his breadth. Smith has also been a sought-after speaker, delivering invited keynotes at the British Sarcoma Group (Swansea, 2022), Royal Society of Medicine Sarcoma Symposium (London, 2022), BAPRAS Advanced Educational Conference (Sheffield, 2023), Doctors Update (France, 2026) and the BAPRAS Special Interest Sarcoma Group (2026).","A committed educator, Mr Smith led the Yorkshire and Humber Training Programme and chaired the Surgical Training Committee from 2012 to 2020, overseeing curriculum design, trainee assessment, and workforce planning. He regularly serves as an examiner and Chair of the Board of Examiners for the FRCS (Plast), and he contributes to national policy as a member of the Plastic Surgery Specialist Advisory Committee. Mr Smith is a frequent invited speaker at national Advanced Educational Conferences, where he shares clinical insights and advances in both reconstructive and aesthetic surgery.",Clinical Excellence Award,"Royal College of Surgeons of England (RCS England); British Sarcoma Group (BSG); Honorary Treasurer & Officer - British Association of Plastic, Reconstructive & Aesthetic Surgeons (BAPRAS)",Arm Reconstruction; Basal Cell Carcinoma; Body-Contouring; Breast Implants; Breast Reconstruction; Breast Reduction; Breast Surgery; Breast Uplift; Ear Correction; General Cosmetic Surgery; General Plastic Surgery; Lipomas; Lower Limb Trauma; Major Trauma; Mastopexy; Otoplasty; Pinnaplasty; Plastic Surgery; Reconstructive Surgery; Sarcoma; Scar Revision; Skin Cancer; Skin Graft/Flap; Skin Lesions; Soft Tissue Reconstruction,https://www.mccollumconsultants.com/wp-content/uploads/2026/07/Ian-Smith-Cg.jpg,Leeds Teaching Hospitals NHS Trust; Spire Leeds; Nuffield Leeds,info@exp-w.com,+44 (0)161 218 0223,https://www.mccollumconsultants.com/expert-witness/ian-smith/,Breast Surgery,ew-breast-surgery
Miss Rashmi Verma,"Consultant Oncoplastic Breast Surgeon; FRCS, MMedSci, MBBS, MD",Miss Verma is happy to receive instructions from Claimant and Defendant law firms in personal injury and clinical negligence cases.,"Miss Verma trained in general surgery in India until June 2004. Following this, in February 2005, Miss Verma undertook further training at The Oxford Radcliffe Hospital, Doncaster & Bassetlaw and Yorkshire and Sheffield Hospitals. Miss Verma then became a clinic research fellow in breast surgery at Leeds teaching Hospital, followed by a consultant oncoplastic breast surgeon post at Lancashire Teaching Hospital. Miss Verma now holds the post of Consultant Oncoplastic Breast Surgeon at the Royal Wolverhampton Hospitals NHS Trust.","Miss Verma specialises in breast symmetrisation, lipomodelling, latissimus dorsi flap, therapeutic mammoplasty, breast reduction and lateral chest wall perforator flaps for partial breast reconstruction.",,,Miss Verma has published widely in peer-reviewed journals,Miss Verma has undertaken teaching and mentoring of undergraduate and postgraduate students.,Distinction in Master's in Medical Education (Nottingham University) - March 2016,Royal College of Surgeons England; Association of Breast Surgeons (ABS); General Medical Council (GMC),Breast Cancer; Breast Health; Breast Implants; Breast Reconstruction; Breast Reduction; Breast Surgery; Lipomodelling; Mammoplasty; Partial Breast Reconstruction,,Royal Wolverhampton Hospitals NHS Trust,info@exp-w.com,+44 (0)161 218 0223,https://www.mccollumconsultants.com/expert-witness/rashmi-verma/,Breast Surgery,ew-breast-surgery
Mr Sreekumar Sundara Rajan,"Consultant Oncoplastic Breast Surgeon; FRCS, MBBS, MSc, MD",Mr Rajan is happy to receive instructions from Claimant and Defendant law firms in personal injury and clinical negligence cases.,"Mr Rajan began his training at The Leeds Teaching Hospital in February 2005. He completed a range of training posts in breast surgery and general surgery while at Leeds. In 2013 Mr Rajan undertook a National TIG Oncoplastic Breast Fellowship post at The Nottingham University Hospital. Following this he undertook locum oncoplastic breast surgeon posts at Bolton and Lancashire Hospitals. While at Bolton, he was the research lead for the breast unit. Since 2022 Mr Rajan has held the post of Consultant Oncoplastic Breast Surgeon, Cancer and MDT Lead for Breast Service at Birmingham University Hospital, as well as being educational and clinical supervisor for higher surgical trainees.","Mr. Rajan specialises in the management of patients presenting with both benign and malignant breast conditions. He offers benign, oncological and axillary surgeries, therapeutic mammoplasties, symmetrising breast reduction, perforator flap based partial breast reconstruction and immediate breast reconstruction with implants.",,Mr Rajan has a research interest in investigating male breast cancer using transcriptomic and immunohistochemistry.,Mr Rajan has published widely in peer-reviewed journals on male breast cancer and biomarker studies.,Mr Rajan has lectured Manchester University where he is an Academic Advisor.,,Royal College of Breast Surgeons of Edinburgh; Association of Breast Surgeons (ABS),Breast Cancer; Breast Health; Breast Implants; Breast Reconstruction; Breast Surgery; Lumpectomy; Mammoplasty; Mastectomy; Partial Breast Reconstruction,https://www.mccollumconsultants.com/wp-content/uploads/2024/08/Sreekumar_Sundara_Rajan_CG.jpg,Birmingham University Hospital,info@exp-w.com,+44 (0)161 218 0223,https://www.mccollumconsultants.com/expert-witness/sreekumar-sundara-rajan/,Breast Surgery,ew-breast-surgery
Annakan Victor Navaratnam,BSc (Hons) MBBS FRCS (ORL-HNS),He has published over 15 academic papers on thematic analysis of clinical negligence claims across a range of medical specialities including ENT and is the author of 'Learning from Litigation Claims': a national guide written in collaboration with NHS Resolution.,"Mr Navaratnam is a Consultant Ear, Nose & Throat (ENT) Surgeon at the Royal National ENT Hospital and University College London Hospital (UCLH). He also holds an honorary consultant position at Great Ormond Street Hospital. Mr Navaratnam runs a nationally-referring tertiary rhinology NHS practice, offering dedicated adult rhinology clinics for a range of nasal conditions including nasal blockage, allergy, and sinus disease.",Mr Navaratnam has a subspeciality interest in rhinology and facial plastic surgery with particular expertise in septorhinoplasty and nose reshaping surgery.,"Mr Navaratnam holds a national role as a National Clinical Advisor in ENT for the Getting it Right First Time Program, NHS England. He also actively contributes to the direction of the field as a member of the national council for the British Rhinology Society, which operates under the umbrella of ENT UK.","Mr Navaratnam's research interests encompass a range of areas focused on improving patient care and surgical outcomes. He evaluates the results of sinonasal surgery using large national datasets, and is dedicated to enhancing patient education through shared decision-making. His research also includes learning from clinical negligence claims in surgery and exploring the adoption of innovation in surgical practice. Currently, he is a co-investigator on a clinical trial exploring the use of biologics in the treatment of sinonasal disease.",,"Mr Navaratnam is deeply committed to training the next generation of surgeons. He regularly volunteers to speak to schoolchildren about careers in medicine, and provides mentorship to both medical students and junior doctors. As a clinical supervisor for higher surgical trainees in ENT, he plays a key role in their professional development. Furthermore, Mr Navaratnam frequently teaches on local and national instructional ENT courses and is a sought-after invited speaker at international conferences.","UCLH Celebrating excellence award (2023); 1st prize oral presentation, British Society of Facial Plastic Surgery (2022); 1st prize poster presentation, British Society of Facial Plastic Surgery (2022); 2nd prize poster presentation British Rhinology Society Annual Meeting (2022); 3rd prize poster presentation British Rhinology Society Annual Meeting (2022); 2nd prize Laryngology & Rhinology section Essay Prize, Royal Society of Medicine (2022); 1st prize Anaesthesia section: Trainee Essay Prize, Royal Society of Medicine (2020); 1st prize Matthew Yung short papers, Royal Society of Medicine Otology section (2020); Mr N Shah ENT Innovations award, Royal Society of Medicine Otology section (2020)",Ear Nose & Throat UK (ENT UK); British Rhinology Society (BRS); British Society of Facial Plastic Surgery (BSFPS),"Cleft Palate; Ear, Nose & Throat (ENT) Surgery; Facial Pain; Glue Ear; Nasal Conditions; Nose Surgery; Nosebleeds; Plastic Surgery; Reconstructive Surgery; Rhynoplasty; Sinus Conditions; Sinus Disorders",,,info@exp-w.com,+44 (0)161 218 0223,"https://www.mccollumconsultants.com/expert-witness/annakan-victor-navaratnam/
CATEGORY_NOTE: appears under both Ear Nose & Throat Surgery and Plastic Surgery category pages","Ear, Nose & Throat Surgery;Plastic Surgery",ew-ear-nose-and-throat-surgery; ew-plastic-surgery
Anthony Josephson,Master of Optometry MOptom (Hons) 2009,"Mr Josephson is registered with the Associate of Personal Injury Lawyers (APIL), the National Crime Agency (NCA), and the UK Register of Expert Witnesses. Mr Josephson enjoys a full medico-legal practice instructed by both Claimant and Defendant law firms in actions relating to personal injury and clinical negligence. He holds weekly medico-legal clinics in Manchester, but is happy to travel in order to conduct home and prison visits. He can usually turnaround reports within 6-8 weeks, sooner if required.","Mr Josephson underwent his additional optometry training at the Royal Victoria Infirmary, Newcastle and further specialist training within BBR Optometry, Hereford. He accepted a post-qualification role as Clinical Resident Optometrist at Kathryn Stott Opticians, now part of the Bayfield family, where he remained for 3 years. During 2012-2013, Mr Josephson gained experience as a Locum Optometrist for an independent practice. In 2013 he accepted the position of Resident Optometrist at Maskell + Associates, which he subsequently bought in 2017 and rebranded in 2019, changing its name to Maskell + Josephson to reflect his ownership.","Mr Josephson's clinical interests lie within glaucoma, macular degeneration, complex contact lenses, complex prescriptions, and Optical Coherence Tomography (OCT). He also has a specialist interest for myopia control and dry eye management. In 2022, Mr Josephson qualified as an accredited community glaucoma clinician acting as a triage between other optometrists and hospital care.",,"Between 2012 and 2019, Mr Josephson was appointed Clinical Supervisor at The University of Manchester.",,,"Mr Josephson was selected as one of only four students in his academic year to be transferred to the elusive Master of Optometry degree, rather than the standard BSc. Mr Josephson was one of only three candidates to successfully complete this degree in his year in the whole of the UK.",Associate of Personal Injury Lawyers (APIL); National Crime Agency (NCA); UK Register of Expert Witnesses,Cataracts; Choroidal Disorders; Complex Contact lenses; Corneal Disorders; Diabetic Eye; Dry Eye Disease; Eye Conditions; Glaucoma; Headaches; Macular Disorders; Ophthalmology; Optic Nerve Conditions; Optometry; Paediatric Eye Care; Retinal Detachment; Visual Field Defects,https://www.mccollumconsultants.com/wp-content/uploads/2023/08/Anthony_Josephson__001-Crop_Grey-copy.jpg,Manchester (weekly medico-legal clinics),info@exp-w.com,+44 (0)161 218 0223,https://www.mccollumconsultants.com/expert-witness/anthony-josephson-optometrist/,Ophthalmology,ew-ophthalmology
Ashley Iain Simpson,"BA(Hons), MBBS, MA(Cantab), MSc(Lond), PGCert(MedEd), MRCS(Eng), FRCS(Orth), FAcadMEd","Mr Simpson is MedCo-accredited and prepares Condition-and-Prognosis, Causation-and-Breach-of-Duty, and advisory reports for claims involving traumatic peripheral-nerve injuries, iatrogenic nerve damage, upper-limb fractures, thoracic-outlet and post-clavicular reconstructions, shoulder instability or rotator-cuff pathology, chronic regional pain, complex nerve reconstructions, and functional or occupational impairment after musculoskeletal injury. He prepares approximately ninety medicolegal reports each year, with a claimant:defendant:joint ratio of 50:40:10.","Consultant Orthopaedic Surgeon whose subspecialty centres on adult and paediatric brachial-plexus and peripheral-nerve surgery together with comprehensive upper-limb reconstruction. He holds a substantive post at the Royal National Orthopaedic Hospital, Stanmore, within the UK's national Peripheral Nerve Injury Unit. Prior appointment: Upper-Limb Consultant and Orthopaedic Education Lead at Guy's and St Thomas' Hospital, London. Completed fellowships in Upper-Limb Surgery in London and Sports & Shoulder Surgery in Australia.","Brachial-plexus injuries, both traumatic and obstetric, employing nerve transfers, grafts and functional muscle transfers; acute traumatic lacerations, chronic compressive lesions and iatrogenic damage; nerve tumours including schwannomas, neurofibromas and malignant peripheral nerve sheath tumours; rotator-cuff tears, instability, arthritic degeneration, complex fractures and arthroplasty; thoracic outlet syndrome; entrapment neuropathies (carpal-tunnel, cubital-tunnel, radial-tunnel, suprascapular and axillary compressions); post-traumatic neuropathic pain and complex regional pain syndrome.",Sits on the NHS England Specialised Services Commissioning Work Group for Peripheral Nerve Surgery; Education Committee Member within British Elbow and Shoulder Society; Shoulder & Elbow Sub-Committee of SICOT; chairs the Clinical Advisory Board and acts as a Trustee for Pain UK; faculty member of the King's Health Partners Executive Fellowship in Surgical Leadership; Virtual Education Lead for the Global Nerve Foundation; founded the London Brachial Plexus & Peripheral Nerve Course.,"Developing artificial-intelligence tools for nerve diagnosis and surgical planning, while also identifying imaging biomarkers that track injury and degeneration. He leads the creation of a national registry to capture long-term outcomes after nerve trauma, and evaluates clinical results of nerve-sheath tumour resections and thoracic-outlet decompression for post-traumatic plexopathy.","Authored over 50 peer-reviewed papers, contributed textbook chapters and presented internationally on nerve injury, shoulder reconstruction and AI-driven surgery.",Faculty on the Miller FRCS Trauma & Orthopaedics Revision Course and directing both the London Brachial Plexus & Peripheral Nerve Course and the Physician Associates Surgical Skills & Assisting Course. He also functions as an examiner for the medical schools at University College London and King's College London and participates as an interviewer in the UK national ST3 orthopaedic recruitment process.,"Travelling Fellowship – British Elbow and Shoulder Society (2025); Copeland Fellowship – British Elbow and Shoulder Society (2024); Consultant Educator of the Year – Guy's and St Thomas' NHS Foundation Trust, Shortlisted (2024); Jacques Duparc Award – EFORT, Hamburg, Germany, Best Poster Display & Shortlisted for Best Abstract (2024); Watanabe Travelling Fellowship (2022); Best Fracture Fixation Prize – Leicester Orthopaedics Hand Fracture Fixation Course (2022); Henry Manners Hill Prize – Australian Orthopaedic Association, Western Branch, Best Paper (2022); BOOS Best Paper – British Orthopaedic Oncological Society (2014); Human Behaviour and Evolution Society Scholarship (2013); IHI & BMJ Scholarship – Institute of Healthcare Improvement, Massachusetts (2013); SARS Training Prize – Society of Academic and Research Surgery (2012); Acumed Presentation Prize – BOA/Irish Orthopaedic Association (2011); Falls and Bones Section Training Scholarship – British Geriatric Society (2010); Cancer Research UK/Institute of Cell and Molecular Science Research Scholarship (2009); Jim Hammond Memorial Prize (2004)","British Orthopaedic Association (BOA); British Elbow and Shoulder Society (BESS); SICOT Shoulder & Elbow Subcommittee; Global Nerve Foundation (GNF); OrthoAI Alliance (ORAIA); Royal Society of Medicine (RSM); Academy of Medical Educators (FAcadMEd); British Medical Association (BMA); HealthWatch (Charity); MDDUS; Cambridge and St Bartholomew's Graduates' Associations; Chair of Trustees, Pain UK",Arthroplasty; Complex Limb Reconstruction; Complex Physical Trauma; Elbow Surgery; Hand & Wrist Surgery; Hand Trauma; Nerve Damage; Nerve Injury; Nerve Surgery; Nerve Tumours; Neuropathy; Peripheral-Nerve Injuries; Shoulder Surgery; Sports Injury; Trauma & Orthopaedic Surgery; Upper Limb Surgery,https://www.mccollumconsultants.com/wp-content/uploads/2025/11/Ashley_Simpson_CG.jpg,"Royal National Orthopaedic Hospital, Stanmore, United Kingdom",info@exp-w.com,+44 (0)161 218 0223,https://www.mccollumconsultants.com/expert-witness/ashley-iain-simpson/,Orthopaedic Surgery,ew-trauma-and-orthopaedic-surgery
Christopher Booth,"MBChB, FRCA, FFICM, EDIC, PGCert",Dr Booth has undergone expert witness training and has completed the Cardiff University Bond Solon Civil Expert certificate. Dr Booth accepts instructions from both Claimant and Defendant law firms in personal injury and clinical negligence cases. Dr Booth has extensive experience of presenting evidence in the coroner's court.,"Dr Booth is currently the Clinical Lead for Critical Care at Salford Royal, Northern Care Alliance, covering a 40 bedded mixed neuro-general critical care unit with >2000 admissions per annum, one of the largest units of its type in the UK. He has worked in Intensive Care Medicine and Anaesthesia for a total of 19 years, with the last 12 years as a Consultant at Salford Royal. In addition to this, Dr Booth is the Regional Clinical Lead for Organ Donation, a position he has held since 2019.","Dr Booth has a wide range of clinical interests in both intensive care medicine and anaesthesia. Dr Booth's clinical interests in intensive care medicine covers all aspects of general intensive care including sepsis, COPD, asthma, pneumonia, cardiac arrest ARDS, renal failure and hypoxic brain injury. He has expertise in the assessment of the critically ill patient and decision-making surrounding appropriateness of intensive care admission, do-not-resuscitate orders and withdrawal of treatment. In addition he has a specialist interest in neurocritical care, with expertise in conditions including trauma, traumatic brain injury, sub-arachnoid haemorrhage, stroke, neurological death and seizures. Dr Booth has expertise in general anaesthesia, spinal and epidural anaesthesia as well as airway management, endotracheal intubation, one lung ventilation, bariatric anaesthesia, upper gastrointestinal anaesthesia, intravenous access and both pre- and peri-operative medicine.","Dr Booth has been the Clinical Lead for Salford Critical Care unit since 2020, a role which has included helping lead one of the largest mixed neuro-critical care units in the UK through the COVID-19 pandemic. His leadership role has given him extensive exposure to the investigation and management of clinical incidents and patient complaints. Dr Booth has also been delivered clinical leadership in Organ Donation since 2013, initially as a hospital Clinical Lead, and since 2019 as the Regional Clinical lead for the North West of England. This includes leadership of a network of intensive care consultants across the region, giving him a unique insight into the wider challenges and clinical experience of patients in multiple intensive care units. Through this role he has become a regional expert in the diagnosis of death by neurological criteria (brainstem death) and devastating brain injury. Whilst in training Dr Booth was a board member of the Faculty of Intensive Care Medicine and a Council member of the Intensive Care Society.",,,"Dr Booth holds a Post-graduate Certificate in Work based Placed Medical Education (PGCert) and has acted as an educational supervisor for doctors training in Intensive Care Medicine and Anaesthesia throughout his consultant career. He has trained Advanced Critical Care Practioners including the first such posts at Salford in 2016. Dr Booth was as the course director for an Advanced Communications Skills course at Salford Royal, instructed on some of the most challenging communication situations faced in hospital medicine. He has also led simulation courses in deceased donation in his role in organ donation.",Chief Executive's Achievement Award at Salford Royal hospital for his leadership in Organ Donation. (2016),"Fellow of the Faculty of Intensive Care Medicine, Fellow of the Royal College of Anaesthetists, Intensive Care Society Member",Anaesthesia; Cardiac Arrest; Chronic obstructive pulmonary disease (COPD); Critical Care; Critical Care Medicine; Intensive Care Medicine; Neurological Death; Pneumonia; Renal Failure; Seizure; Sepsis; Stroke; Sudden Cardiac Arrest; Traumatic Brain Injury,https://www.mccollumconsultants.com/wp-content/uploads/2025/02/Chris_Booth_001-CG.jpg,"Salford Royal, Northern Care Alliance",info@exp-w.com,+44 (0)161 218 0223,https://www.mccollumconsultants.com/expert-witness/intensive-care-medicine-and-anaesthesia/,Anaesthesia; Intensive Care,ew-anaesthesia; ew-intensive-care-medicine
Christopher J Lewis,"Consultant Plastic, Burn & Reconstructive Surgeon, MBBS, MSc, FRCS (Plast), PhD, CUBS",Mr Lewis has completed the Cardiff University Bond Solon Expert Witness Certificate and is now CUBS-accredited. He is happy to be instructed by both claimant and defendant law firms in personal-injury and clinical-negligence cases.,"Mr Lewis has practised as a Consultant Plastic, Burns & Reconstructive Surgeon at the Royal Victoria Infirmary, Newcastle upon Tyne since 2020, and is responsible for the management of children and adults with major burn injuries. Beyond burns, Mr Lewis has a busy general paediatric and adult plastic surgery practice, encompassing vascular malformations, laser and scars. He qualified in 2006, attaining a MBBS (Hons) from Imperial College, London. He has since obtained further qualifications of MRCS, MSc (Burn Care) and FRCS (Plast). Mr Lewis was awarded a PhD from the University of Bradford in 2013. He completed his plastic surgery training in North East England, before completing a Burn & Laser Fellowship in Perth, Western Australia.","Mr Lewis holds subspecialty interests in major burn management, burn reconstruction, plastic surgery trauma, general plastic surgery and the use of lasers for the treatment of scars and vascular malformations.","Mr Lewis leads the plastic surgery laser service and has initiated service development initiatives, including expanding and improving patient access to innovative scar treatments. He also serves as the Chair of the Burns Special Interest Advisory Group (BAPRAS) and as Deputy Editor of the Journal of Plastic, Reconstructive & Aesthetic Surgery.","Mr Lewis is Research Lead for the Northern Regional Burn Centre and has led multiple studies focusing on laser therapy for burn scars, dressings and evaluating the role of artificial intelligence in burn care. He is regional research liaison for the British Burn Association.","Mr Lewis has published over 40 original academic and scientific articles in peer-reviewed journals and written book chapters on burn care, including articles on emerging technologies in burn care, chemical burn decontamination, and the impact of laser on burn scars as well as novel burn reconstruction techniques, and articles on advances in wound epigenetics and stem cells in wound healing.","Mr Lewis is the Training Programme Director for plastic surgery at Health Education England (North East). He is regularly invited to speak at national teaching seminars, online lectures and has provided opinions on burn care and scarring for podcasts. He provides voluntary surgical services in Tanzania, visiting annually to train local surgeons and perform burn reconstruction. Mr Lewis is an instructor for the Emergency Management of Severe Burns course.","BAPRAS (British Association of Plastic, Reconstructive and Aesthetic Surgeons); British Burn Association; Australian & New Zealand Burn Association (recognitions/study grants context; not itemised with dates on page)","British Association of Plastic, Reconstructive and Aesthetic Surgeons; British Burn Association; Royal College of Surgeons of England",Burn Injury; Burns Surgery; Laser; Paediatric Burns; Plastic Surgery; Reconstructive Surgery; Scarring; Skin Graft/Flap; Skin Surgery; Soft Tissue Reconstruction,https://www.mccollumconsultants.com/wp-content/uploads/2026/04/Dr-C-Lewis-003_CG.jpg,"Royal Victoria Infirmary, Newcastle upon Tyne",info@exp-w.com,+44 (0)161 218 0223,https://www.mccollumconsultants.com/expert-witness/christopher-j-lewis/,Paediatric Burns; Plastic Surgery,ew-paediatric-burns; ew-plastic-surgery
David Murray,"Mr David Murray, Consultant Vascular & Endovascular Surgeon; BSc MBChB MRCS(Ed) FRCS(Gen Surg) MD","Mr Murray has an established medico-legal practice as a vascular surgery expert witness and has undertaken formal expert witness training. He provides independent, impartial and evidence-based expert opinion for the Court on matters relating to vascular and endovascular surgery, drawing upon his extensive clinical, surgical and leadership experience. He accepts instructions from Claimant and Defendant legal teams, insurers and insurance companies in clinical negligence and personal injury matters, with an approximate Claimant/Defendant instruction ratio of 70:30. His overriding duty as an expert is to the Court, and his opinions are provided independently and impartially, irrespective of the party instructing him. His expert witness work includes the preparation of independent medico-legal reports addressing breach of duty, causation, condition and prognosis in cases involving vascular disease, vascular injury, surgical and endovascular treatment, and associated complications. His medico-legal expertise encompasses a broad range of arterial, venous and aortic conditions, including peripheral arterial disease and limb ischaemia, aortic aneurysms and complex aneurysm repair, carotid disease, vascular and endovascular interventions, and complications of vascular surgery.","Mr Murray is a Consultant Vascular and Endovascular Surgeon with extensive experience in the diagnosis and treatment of vascular disease. He completed his surgical training in the North West of England before undertaking advanced specialist training as a Senior Clinical and Endovascular Fellow at the John Hunter Hospital in Australia. In 2010, he returned to the UK and was appointed Consultant Vascular Surgeon at Manchester Royal Infirmary, where he has developed extensive experience across vascular and endovascular surgery. He subsequently served for four years as Clinical Head and Greater Manchester Lead for Vascular Services, providing clinical leadership across the regional vascular service. His clinical practice encompasses the assessment and management of a broad range of arterial, venous and aortic conditions, using both open surgical and minimally invasive endovascular techniques.","His clinical interests encompass a broad range of arterial, aortic and venous conditions, with particular expertise in complex aneurysm repair, including abdominal and thoracic aortic aneurysms. He has a specialist interest in minimally invasive and endovascular techniques for the treatment of peripheral arterial disease (PAD) and other complex vascular conditions. His practice also includes the management of carotid artery disease, including carotid surgery for stroke prevention, alongside the investigation and treatment of varicose veins and venous disease.","From 2010 to 2018, he served as Clinical Lead for Governance within the Surgical Patient Track Board, with responsibility for clinical effectiveness and governance across the Vascular Department. His remit included complaints, serious incident and root cause investigations, safeguarding, risk management and maintenance of the departmental risk register. He also played a key role in the development of Manchester's Complex Endovascular Aortic Programme, working with NHS England following its procurement and contributing to the successful development of the hybrid operating theatre complex at Central Manchester University Hospitals NHS Foundation Trust (CMFT). Mr Murray has also served as Clinical Head of the Cardiovascular Division at Manchester Royal Infirmary.","His research interests span vascular and endovascular surgery, with a particular focus on complex aortic aneurysm repair, vascular grafts and endovascular technologies. Mr Murray was a Clinical Research Fellow at the UK Centre for Tissue Engineering, jointly funded by the MRC, BBSRC and EPSRC. His MD thesis investigated the tissue engineering of autologous arterial conduits, with particular emphasis on genetic and molecular approaches to enhance ex vivo vascular graft development, including cloned growth factors and adenoviral transfection strategies. His current research includes aortic stent graft registries and aneurysm device research.",Mr Murray has authored and co-authored more than 60 peer-reviewed scientific publications across vascular and endovascular surgery. He remains actively involved in clinical research and serves as the NIHR Lead for Vascular Surgery in Manchester. He has acted as Principal Investigator and Chief Investigator on numerous aortic research studies.,"From 2015 to 2019, he served as the Vascular Representative on the Surgical Training Committee at CMFT. He has also been a Faculty Trainer for the North West Vascular Teaching Programme. Mr Murray has served as an Educational and Clinical Supervisor at MFT, with responsibility for the clinical supervision, training and development of Foundation and Core Surgical Trainees working within the Vascular Department.",,European Society Vascular Surgery; Royal College of Surgeons of Edinburgh; Vascular Society; The British Society of Endovascular Therapy (BSET),Abdominal Aortic Aneurysm (AAA); Aneurysm; Angiogram; Angioplasty; Aortic Dissection; Arterio-Venous (AV) Fistula; Blood Pressure; Cannulation; Central Line; Critical Limb Ischaemia (CLI); CT Angiography; Deep Vein Thrombosis (DVT); Diabetic Complications; Endovascular Surgery; Haemorrhage; Ischaemia; IVC Filter; PICC Line; Pulmonary Embolism (PE); Shunt; Stenting; Thrombectomy; Varicose Veins; Vascular Embolisation; Vascular Surgery; Vascular Ulcers; Vasculitis; Venous Thromboembolism (VTE),https://www.mccollumconsultants.com/wp-content/uploads/2025/11/Dave_M_001_Portrait_CG.jpg,Manchester Royal Infirmary,info@exp-w.com,+44 (0)161 218 0223,https://www.mccollumconsultants.com/expert-witness/david-murray/,Endovascular Surgery;Vascular Surgery,ew-endovascular-surgery; ew-vascular-surgery
David van Dellen,"Consultant Transplant & General Surgeon, MBBCh, MRCS, FRCS (Gen Surg), MD","Mr van Dellen has written medico-legal reports on a variety of subjects relating to General Surgery, Transplant Surgery, and Renal Replacement therapy (haemodialysis and peritoneal dialysis). He has a specific interest in reports related to hernia surgery (incisional, ventral and inguinal) as well as pancreatic and kidney transplant surgery. Mr van Dellen is happy to accept instructions from both the Claimant and the Defence.","Mr van Dellen qualified in South Africa in 1997. Since then, he has gone on to acquire over twenty-five years of experience, gaining his MD in 2005 from the University of Birmingham, and fellowship to the Royal College of Surgeons (General and Transplantation Surgery). For over twelve years, Mr van Dellen has held the position of Consultant Surgeon within the Renal and Pancreas Transplant Unit at the Manchester Royal Infirmary. He is the clinical director of the busiest Transplant Unit in the UK, focusing on innovative surgeries. Alongside this, Mr van Dellen is the Head of School for Surgery for NHS England North West, where he mentors and oversees training for over 700 trainees and 26 Training Programme Directors across the North West and Mersey regions.","Mr van Dellen appreciates an extensive clinical practice. In particular, he focuses on elective and emergency renal, pancreatic & islet transplantation, Encapsulating Peritoneal Sclerosis (EPS) services, General Surgery (including abdominal wall reconstruction and inguinal and ventral hernias), Vascular Access, and Organ Retrieval. Mr van Dellen developed the simultaneous islet and kidney programme (SIK) for the trust (performing the first transplant in the UK) as well as a tertiary referral Abdominal Wall Reconstruction (AWR) Service dealing with complex ventral hernias.","Mr van Dellen is the clinical director for transplantation and nephrology at the Manchester Royal Infirmary. He has held several leadership positions, including National Lead for the Organ Utilisation Scheme (Pancreas) as part of the NHS Blood and Transplant service (2021-current). He is also a College Assessor for the Royal College of Surgeons.","Mr van Dellen has been involved in many research projects and clinical trials, particularly within transplant patients, including 'CFZ533 in de novo and maintenance kidney transplant patients - CIRRUS-1 study' and 'Physiologic indicators for prognosis in abdominal sepsis (PIPAS) study.'","Mr van Dellen is well published. He has contributed to over 200 books, chapters, articles, peer reviews, and abstracts. He has also assisted in National Guidelines (BTS/NHSBT Donor after cardiac death clinical guidelines – Kidney chapter, Invited author, June 2021).","As part of his position of Head of School of Surgery, Mr van Dellen is responsible for over 700 trainees and 26 Training Programme Directors. He is also on the Specialist Advisory Committee (General Surgery – 2020 to current), and was the Training Programme Director for General Surgery (Health Education North 2017-2023). Mr van Dellen is also currently an Honorary Senior Lecturer for the University of Manchester.","Medical Research Council grants: Over £500,000 of funding (multiple occasions); Syme Medal (PHD student – Iestyn Shapey), Royal College of Surgeons, Edinburgh, Sept 2021; Roy Calne Award – Best peer reviewed Transplant publication in the previous year, British Transplantation Society, March 2020; Poster of distinction, American Transplant Congress, Boston, 2019",Royal College of Surgeons of England (Fellow); Royal College of Surgeons of Edinburgh; Association of Surgeons of India (Honorary Fellow); British Transplantation Society (Education committee); European Society of Transplantation; Vascular Access Society of Great Britain and Ireland; Medical Protection Society,Abdominal Wall Hernias; Abdominal Wall Surgery; Emergency General Surgery; General Surgery; Groin Pain; Hernias; Inguinal Hernias; Islet Transplantation; Kidney Transplant; Pancreas Dysfunction; Pancreas Transplantation; Peritoneal Sclerosis; Renal Surgery; Transplant Surgery; Ventral Hernias,https://www.mccollumconsultants.com/wp-content/uploads/2024/11/David_Van_Dellen_CG.jpg,Manchester Royal Infirmary,info@exp-w.com,+44 (0)161 218 0223,https://www.mccollumconsultants.com/expert-witness/david-van-dellen/,General Surgery;Transplant Surgery,ew-general-surgery; ew-transplant-surgery
Dr Afzal Haque,"BDS, MFDS RCS Ed, MSc (Endodontology), MEndo RCS Ed, DDSc (Endodontics)",Dr Haque is happy to be instructed by both Claimant and Defendant law firms in personal injury and clinical negligence actions.,"Dr Haque completed his BDS in 2006. He went onto gain a Master's degree in endodontology with the University of Chester and completed this in 2015. Following this, he embarked on a three-year full time Doctorate degree and specialist training in endodontics at the University of Liverpool in 2016 and gained membership in Endodontics with the Royal College of Surgeons of Edinburgh in 2019. Following this, Dr Haque gained a Doctorate of Dental Science in Endodontics from the University of Liverpool with my thesis being 'Restoration of the root filled tooth'. In 2023, Dr Haque was recognised by the General Dental Council as a Specialist in Endodontics. Dr Haque currently owns a Private Practice Dental Surgery and set up a referral Endodontic Centre.",Dr Haque has special interests in endodontics and dental trauma.,,"Dr Haque produced his MSc Thesis on Endodontics glide path and his Doctorate thesis on the restoration of endodontically treated teeth and a survey to general dental practitioners on how they restore root filled teeth, their thoughts and perceptions on decision making.","Opinions of UK General Dental Practitioners on the Restoration of Posterior Root Filled Teeth: a Vignette Survey. March 2024, Authors: Dariusz Kasperek, Afzal Haque, Sondos Albadri, Fadi Jarad, Journal: College of General Dentistry.",Dr Haque taught undergraduates' general dentistry and endodontics at the University of Liverpool between 2016 – 2019. Dr Haque taught Post Graduate MSc Students Endodontics clinically at the University of Manchester between 2019 – 2022. Dr Haque teaches private two day Endodontic courses to general dental practioners. Dr Haque has supervised MSc Dissertations for Simply Endo at the University of Chester.,,Member of the British Endodontic Society; Member of the Royal college of Edinburgh,Abscess; Anaesthesia; Dental Implants; Dental Surgery; Endodontics; Microsurgery; Root Canal Surgery,https://www.mccollumconsultants.com/wp-content/uploads/2025/03/Afzal_Haque_001-CG.jpg,,info@exp-w.com,+44 (0)161 218 0223,https://www.mccollumconsultants.com/expert-witness/afzal-haque/,Anaesthesia;Dental Surgery,ew-anaesthesia; ew-dental-surgery
Dr Amit Adlakha,"MBChB, FRCP, FFCIM, PhD",Dr Adlakha receives instructions from both Claimant and Defendant law firms in personal injury and clinical negligence cases. Dr Adlakha has extensive experience of presenting evidence in coroner's court.,"Dr Adlakha completed his MBChB in Edinburgh in 2005 and has a triple CCT in Respiratory, General and Intensive Care Medicine from the London and Oxford Deaneries. He has been a Consultant Intensivist at the Royal Free Hospital in London since 2018 and an Honorary Consultant Lung Transplant Physician at University Hospitals Birmingham since 2019. He is the ICU lead for the hospital Mortality Review Group and is an NHSBT clinical lead for organ utilisation (lung).","Dr Adlakha has a wide range of clinical interests in both intensive care and respiratory medicine, including respiratory failure, ARDS, ventilation, sepsis, cardiac arrest, cardiogenic shock, acute renal failure, hypoxic brain injury, liver failure and transplantation. His respiratory interests cover lung infections, end-stage lung disease, lung transplantation and its complications.","Dr Adlakha is current chair of the UK Association of Lung Transplant Physicians. He has been Sector lead for Severe Acute Respiratory Failure, North & Central London. He co-chairs the ERAS for Lung Transplant NHSBT programme.","Dr Adlakha was awarded a PhD in 2020 for research into the use of immunoadjuvant treatment for post-transplant fungal lung infection from Imperial College London. He has an interest in ICU outcomes in the immunocompromised, post-transplant infections and organ donor optimisation.",,"Dr Adlakha has given invited lectures to the Intensive Care Society, the British Thoracic Society, and NHSBT organ donation and utilisation national conferences in the last 2 years. He is a course director on a national bronchoscopy course and devised and directs the Donor Optimisation and Management for Intensive Care (DOMIC course). He has been a faculty member on courses teaching pleural procedures, thoracic ultrasound, bronchoscopy and revision courses for MRCP examinations. He has been an ALS instructor and a BASIC ICU instructor.",ESICM NEXT ARDS Fellowship Award (2018); ISHLT International Traveling Scholarship Award (2017); ESICM NEXT Infection Fellowship Award (2017); BTS/BALR/BLF Early Career Investigator Runner-up (2016); Best oral presentation commended (2016); BSMM International Travel award (2016); BSI International Travel award (2016); MRC Chain-Florey Clinical Research Fellowship (2014-2017); First prize for best research (2012),Fellow of the Royal College of Physicians (London); British Transplant Society; International Society of Heart and Lung Transplantation; Faculty of Intensive Care Medicine,Acute Internal Medicine; Acute Respiratory Distress (ARDS); Adult Resuscitation; Advanced Life Support (ALS); Asthma; Bronchitis; COPD; Critical Care; Critical Care Medicine; End of Life Care; Intensive Care Medicine; Interstitial Lung Disease; Pneumonia; Pulmonary Embolism (PE); Respiratory Medicine; Resuscitation; Sepsis; Tracheostomy; Transplant Surgery; Ventilation,https://www.mccollumconsultants.com/wp-content/uploads/2026/08/Amit_Adlakha_CG.jpg,"Royal Free Hospital, London; University Hospitals Birmingham",info@exp-w.com,+44 (0)161 218 0223,https://www.mccollumconsultants.com/expert-witness/amit-adlakha/,Intensive Care; Respiratory Medicine; Transplant Surgery,ew-intensive-care-medicine; ew-respiratory-medicine; ew-transplant-surgery
Dr Arfeen Aslam,"BDS, MFDS","Dr Aslam is registered with the Association of Personal Injury Lawyers (APIL), the National Crime Agency (NCA), and the UK Register of Expert Witnesses. He is happy to be instructed by both Claimant and Defendant law firms in personal injury and clinical negligence cases. Dr Aslam can usually turnaround reports within 6-8 weeks, sooner if required.","In 2008, Dr Aslam completed his Bachelor of Dental Surgery (BDS) at the Guy's, King's and St. Thomas' Dental Institute at the University of London and went onto gain his Certificate in facilitating Oral Health at the University of Central Lancashire (UCLAN). He has completed his MFDS at the Royal College of Surgeons of Edinburgh in 2012. In 2013, he gained his certificate in advanced aesthetic and cosmetic dentistry and went onto gain his certificate in comprehensive oral implantology in 2015. In 2016, Dr Aslam was awarded with full accreditation for the use of the Invisalign® orthodontic system. Dr Aslam worked at the Pure Clinic, working using Invisalign® and six month smiles, as well as carrying out smile makeovers using veneers, crowns, and bonding. Dr Aslam worked at the Lodge Dental Practice where he was taking referral as part of the Advanced Oral Surgery Services from 2018 to 2020, and until 2021 has worked as an associate for 12 years at the Parkhouse Surgery and Cosmetic Centre. He currently works at the Vallance Dental Practice where he places and restores dental implants and takes private referrals for oral surgery and smile makeovers, and at the Parkfield Cosmetic Dentistry and Implant Centre, where he takes referrals for implantology, oral surgery, and full mouth rehabilitations. Dr Aslam has completed postgraduate education in minimally invasive veneer preparations in Kiev and Geneva under the tutelage of world leading experts. Dr Aslam has also completed postgraduate education in soft tissue surgery in the UK, Italy, and Spain.","Dr Aslam is passionate about full jaw dentistry involving dental implants and minimally invasive veneers, crowns, and onlays. He wishes to provide full jaw solutions with dental implants for patients suffering from missing or broken and loose teeth. Dr Aslam works with cone-beam computed tomography (CBCT) guided surgery to provide predictable and safe treatments for his patients.",,Dr Aslam is currently partaking in a multi centre study on the effect of implant placement depth on peri-implant tissues in immediate implant placement.,,"Dr Aslam mentors younger dentists and aids them with their cases. Dr Aslam has also overseen and provided training for International dentists seeking registration with the General Dental Council (GDC), under the vocational training equivalence scheme. Dr Aslam is currently working as a key opinion leader for the Sweden and Martina Implant group.",Finalist Best Single Implant - Aesthetic Awards; Finalist Best Single Crown - Aesthetic Awards; Finalist Best Dentures; Winner Best Young Dentist North West,Association of Personal Injury Lawyers (APIL); National Crime Agency (NCA); UK Register of Expert Witnesses,Dental Implants; Dental Surgery; Jaw Surgery; Oral Surgery; Orthodontics,,,info@exp-w.com,+44 (0)161 218 0223,https://www.mccollumconsultants.com/expert-witness/arfeen-aslam/,Dental Surgery,ew-dental-surgery
Dr Gareth Kitchen,"CCT, PhD, FRCA, MBChB",Dr Kitchen is happy to take instructions from both Claimant and Defendant.,"Dr Kitchen graduated the from University of Manchester in 2007 with his MBChB. He went on to complete further training across various Greater Manchester Hospitals. In 2012, Dr Kitchen gained his Fellowship of the Royal College of Anaesthetists and PhD from the University of Manchester 2019. Since then, he has gone on to work with the National Institute for Health and Care Research (NIHR) as an Academic Clinical Lecturer (2018-2021) and completed NIHR the Future-Focused Leadership Programme. Since 2020, Dr Kitchen holds the position of Honorary Consultant Anaesthetist at the Manchester University NHS Foundation Trust. and Senior Clinical Lecturer for the University of Manchester.","Dr Kitchen is experienced at treating complex medical patients with a particular interest in anaesthesia for kidney transplantation, trauma, orthopaedics, and sedation. He is experienced at providing sedation alongside regional anaesthesia for patients with complex medical conditions, covering a wide variety of interventional disciplines including orthopaedic surgery, GI endoscopy, dental, transplant vascular access and eye operations at Manchester Royal Eye Hospital. Gareth has a special interest in digital sedation.","Dr Kitchen is the Chief Investigator for Protect Airways, a national clinical effectiveness trial. Dr Kitchen has completed the NIHR Future-Focused Leadership Programme.","Dr Kitchen has Lead and collaborated on various research projects as Chief Investigator and a Co-Investigator. These have included: Project Airways (2024-2029) – Chief Investigator, studying the clinical and cost effectiveness of advanced airways protection device vs. conventional endotracheal tubes in ICU patients. Enhanced monitoring for Better Recovery and Cancer Experience in Greater Manchester – Co-Investigator. Continuous Signs Monitoring in Covid-19 Patients (COSMIC-19) – Co-Investigator. Circadian Disruption on ICU (CADI) Study – Chief Investigator.","Dr Kitchen has authored, co-authored, and reviewed extensively. Recent papers Dr Kitchen has worked on have included: 'External Validation of Prognostic Models in Critical Care: A Cautionary Tale From COVID-19 Pneumonitis', and 'The association between time of in hospital cardiac arrest and mortality; a retrospective analysis of two UK databases.' He has also co-authored the 'Handbook of Clinical Anaesthesia', 4th Edition, 2017.","Currently, Dr Kitchen is a Senior Clinical Lecturer for the University of Manchester. Previously, he had also held the positions of Academic Clinical Lecturer (2018 – 2021) for NIHR and later Senior Clinical Lecturer (2021 – 2023).",Awarded the Mapleson Medal from the Anaesthesia Research Society: 2018,FRCA Anasthetic Research Society – Honorary Secretary,Acute Management; Anaesthesia; Conscious Sedation; Critical Care Medicine; Intubation; Regional Anaesthesia; Sedation; Trauma,,Manchester,info@exp-w.com,+44 (0)161 218 0223,https://www.mccollumconsultants.com/expert-witness/gareth-kitchen/,Anaesthesia,ew-anaesthesia
Dr Hanlie Du Plessis,"Consultant Anaesthetist, MBChB, FRCA",Dr du Plessis has successfully completed the Bond-Solon 'Excellence in Report Writing- written evidence' course in December 2020. She is happy to take on cases from either the Defence or the Claimant.,"Dr Hanlie du Plessis graduated from the University of Pretoria Medical School in 2000. Since then, she has worked and trained in various UK Hospitals before first becoming a Consultant in Anaesthetics in 2010 at Forth Valley Royal Hospital and subsequently Glasgow Royal Infarmry, Scotland. Since 2015, Dr du Plessis has taken on the role of Consultant in Anaesthetics at the John Radcliffe Hospital in Oxford. In particular, she focuses on anaesthesia for spinal surgeries (elective and trauma), emergency surgery, and elective urology. She has been nominated for the Oxford University Hospital Staff excellence award twice.","Dr du Plessis currently anaesthetise for spinal surgeries on a regular basis at consultant level. She works with patients with a combination of unstable cervical fractures as well as potentially difficult airways regularly anaesthetise for emergency surgical patients (often high-risk cases) from many subspecialties including general, vascular, gynaecology, and trauma surgery. She has a regular commitment to the elective urology and gynaecology service which is a tertiary regional centre.","Currently, Dr du Plessis is the lead for an on-call group Morbidity and Mortality review. She is also on the management committee for the Nuffield Department of Anaesthetic Consultants (NDAC) and manages the voluntary consultants' fund as treasurer. At a national level, she was a committee member of the Scottish Airway group (2010-2012) and Scottish Acute Pain Society (2008-2015).","Dr du Plessis' research includes 'Long-term sequelae following Post Dural Puncture Headache – a case series' (2015), 'Prospective randomised controlled trial of combination anti-emetic prophylaxis in patients undergoing breast surgery' (2004), and 'Observational Study of PtCO2 and SpO2 following sub-arachnoid block with 0.5% Bupivacaine and Diamorphine for Caesarean Section' (2007).","Dr du Plessis has published multiple articles, abstracts, and has completed poster presentations at international meetings. These have covered topics on work and wellbeing, as well as topics surrounding anaesthesia.","Dr du Plessis is invested in teaching. She has taught as part of multiple Postgraduate courses, including currently teaching on Anaesthesia for Spine surgery, (FRCA teaching programme). She has also taught on various undergraduate and nursing staff courses, including taking the role of Honorary Clinical Lecturer at the University of Glasgow from 2008 – 2015. She has also attended many courses on teaching and training. She has a regular teaching commitment providing teaching and training for medical students from the University of Oxford on their anaesthetic rotation.","2017: Divisional finalist in the category recognizing employees for their 'Care and Compassion'. 2018: Recommended for the 'Doctor of the Year' award. 2009: First prize, Scottish Society of Anaesthetists Annual Meeting. 2008: First prize, Scottish Society of Acute Pain Services Annual Meeting. 2000: Distinction for Obstetrics & Gynaecology, final year medicine. Oxford University Hospital Staff excellence award","Royal College of Anaesthetists, British Medical Association, ALS instructor, APLS, IMPACT instructor, ATLS",Acute Management; Acute Pain Management; Anaesthesia; Conscious Sedation; Intubation; Sedation,https://www.mccollumconsultants.com/wp-content/uploads/2024/12/Hanlie_Du_Ple_CG.jpg,John Radcliffe Hospital in Oxford,info@exp-w.com,+44 (0)161 218 0223,https://www.mccollumconsultants.com/expert-witness/hanlie-du-plessis/,Anaesthesia,ew-anaesthesia
Dr Ian Tyrrell-Marsh,"MBChB, FRCA, FIMC, DipIMM, DipIMC",Dr Ian Tyrrell-Marsh is happy to take instructions from both the Defendant and the Claimant.,"Dr Tyrrell-Marsh is a consultant in prehospital care, anaesthetics, and intensive care medicine in the North-West. He has extensive experience in trauma care, working at a busy MTC in Manchester and having completed secondments with London HEMS, Essex, and Herts Air Ambulance then working for The Air Ambulance Service. He currently works with the North-West Air Ambulance as part of their Senior Medical Team. Intensive Care: Dr Tyrrell-Marsh has worked within a broad variety of Intensive Care Units across the North West. He has worked in both smaller DGH Units and Larger Teaching Hospital Sites; this has allowed him to gain experience of Specialist Neurological Intensive Care as well as Burns, Hepatobiliary, and Haematology. He has experience in all areas of intensive care including the acute resuscitation phase, day to day ward rounds, microbiology and housekeeping, clinical governance, research, audit and critical incident management, and transfer of patients. Anaesthesia: Dr Tyrrell-Marsh is familiar with difficult airway procedures, fibre-optic intubation, bronchoscopy, and surgical airways. His areas of anaesthetic interest include hepatobiliary and general surgery, but he also enjoys a wide range of theatre sessions including ENT and Maxillo-Facial, vascular, and upper limb orthopaedics; he has now also settled into a regular thoracic surgery list. Dr Tyrrell-Marsh is competent in arterial and central access, thoracic epidurals, spinal anaesthesia, and both Seldinger and surgical chest drains and peripheral nerve blocks. Pre-Hospital: Dr Tyrrell-Marsh has a broad pre-hospital experience base within four different services and over 300 cases, including both medical and trauma patients. He is experienced in dealing with traumatic cardiac arrest, major transfusion strategies, blunt and penetrating trauma, and the triage and transport of critically unwell patients. He has extensive experience in the management of cardiac arrest including mechanical CPR, cooling, emergency thoracotomy, and direct transfer to primary PCI whilst still in arrest.",Dr Tyrrell-Marsh has a developing interest in the use of ultrasound in the critically unwell or arrested patient and has completed the FICE accreditation for Intensive Care.,,"Dr Tyrrell-Marsh's research began in 2005 at the end of his undergraduate education. He was heavily involved in a project on Mount Kilmanjaro looking at altitude sickness. In addition to primary data collection resulting in a number of publications, data from this project was also presented at the International High-Altitude Conference in Canada in 2006. Dr Tyrrell-Marsh has also been involved in reviewing articles for the peer reviewed Journal of the Intensive Care Society (JICS); he is currently PI for the ESPEAR study reviewing ESP blocks for rib fractures. Dr Tyrrell-Marsh has now begun implementing projects of his own and is currently pioneering the first partnership project between MFT and NWAA reviewing invasive blood pressure during cardiac arrest (ABaCAS).",,"Dr Tyrrell-Marsh regularly conducts bedside teaching during ward rounds on the ICU and at organised times for the juniors. He has been responsible for organising two regional teaching days for Advanced ICM trainees on peri-operative transplant patients and cardiothoracic patients, both with excellent feedback from attending trainees. Dr Tyrrell-Marsh recently delivered a critical care workshop for regional surgical trainees preparing for their MRCS exam.",,,Anaesthesia; Cardiac Arrest; Critical Care; Emergency Medicine (A&E); Medical Assessment; Pre Hospital Care; Sudden Cardiac Arrest; Transplant Patients; Trauma Assessment; Trauma Care,https://www.mccollumconsultants.com/wp-content/uploads/2025/01/Ian_Tyrell_Marsh_00_CG.jpg,North-West,info@exp-w.com,+44 (0)161 218 0223,https://www.mccollumconsultants.com/expert-witness/ian-tyrrell-marsh-pre-hospital-care/,Anaesthesia; Emergency Medicine,ew-anaesthesia; ew-emergency-medicine
Dr Jan Harris,BDSc (Manchester),Dr Harris has been providing expert witness reports for over 13 years for numerous solicitor firms and has provided well over a thousand reports to date. He has provided both claimant and defendant reports.,Dr Harris is a general dental practitioner with over thirty three years experience and have worked in both NHS and private practices. Dr Harris has been the principal of multiple dental practices for over twenty years and still practices dentistry part-time in surgery.,Dr Harris's clinical interests span all aspects of general dentistry.,"Dr Harris has owned and managed several dental practices as corporate bodies, partnerships and as a sole trader. As a practice principle, Dr Harris has been responsible for the performance and quality of the work of many dentists.",,,"Manchester Dental Hospital – Oral Surgery, Dental Appraiser",,BDS Dentistry,Dental Surgery; Fillings; Gingivitis; Oral Surgery; Oral/Dentoalveolar Surgery; Periodontal Disease; Restorative Dentistry,https://www.mccollumconsultants.com/wp-content/uploads/2025/01/Jan_Harris_001-CG-f4.jpg,,info@exp-w.com,+44 (0)161 218 0223,https://www.mccollumconsultants.com/expert-witness/jan-harris/,Dental Surgery,ew-dental-surgery
Dr Paul Chumas,"Consultant Adult and Paediatric Neurosurgeon, MBBS MD FRCS(Ed) FRCS(SN)",Mr Chumas has been acting as an expert witness for over 25 years. He enjoys a full medico-legal practice instructed by both Claimant and Defendant law firms in personal injury and clinical negligence cases.,"Mr Chumas is an Adult and Paediatric Neurosurgeon and has been in full-time neurosurgical practice since 1988, taking up his consultant post in 1995. He undertook paediatric neurosurgical Fellowships at Sick Kids in Toronto and Hopital Necker-Enfants Malades, Paris. He retired from the NHS in March 2024 but maintains an honorary contract with Leeds Teaching Hospitals NHS Trust.","Mr Chumas specialises in adult and paediatric neurosurgery particularly head injury, hydrocephalus, tumours (brain and spine) and craniofacial surgery.",Mr Chumas was the Lead for Paediatric Neurosurgery from 1996-2016. He chaired the DoH Safe & Sustainable Paediatric Neurosurgical Review. He led a successful bid for funding (£5million) to install a 3T intra-operative MRI scanner into the Leeds Children's Hospital which opened in 2019.,Mr Chumas' research interests are in tumours/hydrocephalus/epilepsy. He co-led the NIHR(EME) grant for a Phase I/II study (2020) looking at an alternative to steroids in the management of brain tumour oedema (PROSSPER).,Mr Chumas has published over 130 peer reviewed articles and 6 chapters.,"Mr Chumas was a member of the Special Advisory Committee of the Society of British Neurological Surgeons from 2006 to 2010. He was a regular trainer on the European Society of Paediatric Neurosurgery (ESPN) Training Course and the European Association of Neurosurgical Societies Training Course. He ran the ESPN Course over 5 days with 100 delegates in Harrogate 2019. He has been the Supervisor to 2 PhDs, 3 MDs and supervised many publications and presentations by other trainees.",,General Medical Council (GMC); Society of British Neurological Surgeons (SBNS; Council member 2007-2011); European Society of Pediatric Neurosurgery (ESPN) – Treasurer 2024-2028,Brain Haemorrhage; Brain Injury; Brain Tumour; Haemorrhage; Hydrocephalus; Neurosurgery; Spinal Surgery; Spinal Tumours; Traumatic Brain Injury,https://www.mccollumconsultants.com/wp-content/uploads/2025/09/Paul_Chumas_CG.jpg,Leeds (Leeds Teaching Hospitals NHS Trust),info@exp-w.com,+44 (0)161 218 0223,https://www.mccollumconsultants.com/expert-witness/paul-chumas/,Neurosurgery,ew-neurosurgery
Dr Simon Maguire,"MB ChB, FRCA",Dr Maguire is happy to receive instructions from both Claimant and Defendant law firms.,"Dr Maguire is a full-time Consultant Anaesthetist at Manchester University NHS Foundation Trust with private practice at Spire Manchester and The Pines. He gained his medical qualification in 1993 and undertook the post of consultant in anaesthesia in 2002. Dr Maguire has a broad clinical experience with on-call activity. This includes anaesthesia for obstetric, general and paediatric patients in the elective and emergency setting. Dr Maguire is active in the local, regional and national training arena.","Dr Maguire's clinical interests include obstetric anaesthesia, anaesthesia for plastic surgery and burns and anaesthesia for general surgery.","Dr Maguire has held to the role of College Tutor, Training Programme Director and Royal College Regional Advisor for the North West region. He is currently the Lead Regional Advisor for the Royal College of Anaesthetists and sat on the College Council up until September 24. Dr Maguire has just been appointed as the Bernard Johnson Advisor for Training, a national role. He has previously been the lead for Obstetric Anaesthesia at his Trust. Dr Maguire has organised and chaired many national meetings in the last few years in his role as Lead RA.","Dr Maguire is involved as primary author or chapter author in 10 anaesthesia books. He has been a peer reviewer for BJA and EJA and was an editor for Anaesthesia and Intensive Care Medicine, 2015 – 2023.",Dr Maguire has published 18 research posters and 10 research abstracts.,"Dr Maguire is on the North West School of Anaesthesia Executive committee which organises the quality control of the 7-year training scheme for over 200 anaesthesia trainee in the region. Nationally, he is a member of the Training Committee & Curriculum Review Committee at the RCOA.",Winner of Astra Zeneca prize (2000); Winner of 2024 (RCOA) Humphrey Davy Award.,Royal College of Anaesthetists; Association of Anaesthetists of Great Britain and Ireland; Obstetric Anaesthetists Association,Acute Pain Management; Anaesthesia; Conscious Sedation; Obstetric Anaesthesia; Pain Medicine; Regional Anaesthesia; Sedation,https://www.mccollumconsultants.com/wp-content/uploads/2024/09/Simon_Maguire_001_CG.jpg,Manchester,info@exp-w.com,+44 (0)161 218 0223,https://www.mccollumconsultants.com/expert-witness/simon-maguire/,Anaesthesia,ew-anaesthesia
Dr Sumit Das,Consultant Anaesthetist MBBS BSc FRCA,"Dr Das has completed Bond‑Solon training in ""Excellence in Report Writing"" and ""Introduction to Civil Procedure Rules,"" and attended the Medico‑Legal Experts Training Day (NRC Medical Experts, London, March 2026) and the Specialist Info Medicolegal Conference in London, May 2026. He currently serves as a clinical negligence case reviewer for the General Medical Council, evaluating adult and paediatric anaesthesia claims, and has produced investigative reports for a major healthcare providers. He accepts instructions in clinical negligence matters for both claimants and defendants, applying his clinical expertise to complex medico‑legal assessments.","Dr Sumit Das has been an NHS Consultant Anaesthetist at the John Radcliffe Hospital, Oxford since 2006. In this capacity he delivers comprehensive peri‑operative care for both children and adults across all surgical specialties, with a particular focus on complex craniofacial procedures. His day‑to‑day responsibilities include pre‑assessment, intra‑operative anaesthetic management, and postoperative pain optimisation, employing multimodal techniques and advanced monitoring to ensure patient safety. In addition to his NHS duties, Dr Das maintains a thriving private practice. He provides paediatric and adult anaesthetic services at The Nuffield Manor Hospital, Oxford, and adult anaesthesia at The Ridgeway Hospital, Wiltshire. This dual‑sector experience broadens his exposure to a wide spectrum of cases, ranging from elective cosmetic surgery to high‑risk oncologic resections, and reinforces his commitment to delivering high‑quality, patient‑centred care in both public and private settings. Prior to his consultant appointment, he completed a one‑year Fellowship in Paediatric Anaesthesia at the University of Michigan in Ann Arbor, Michigan, USA, where he honed his skills in the anaesthetic management of complex paediatric surgical pathology.","Dr Das's clinical interests centre on paediatric anaesthesia, with a special enthusiasm for craniofacial surgery. He routinely manages the airway and haemodynamic challenges inherent in reconstructive procedures, utilising total‑intravenous anaesthesia, regional blocks and meticulous fluid balance to support optimal surgical outcomes. His interest also extends to paediatric neurosurgery and interventional radiology, where he applies specialised monitoring and analgesic strategies. Within adult practice, Dr Das focuses on anaesthesia for cosmetic, ophthalmic and ENT surgery. He favours techniques that promote rapid recovery and minimal postoperative discomfort, such as nerve blocks and short‑acting agents. Across both patient groups, his practice is guided by evidence‑based protocols and a collaborative, multidisciplinary approach.","Dr Das served 3½ years as Clinical Lead for Paediatric Anaesthesia at Oxford University NHS Foundation Trust, where he introduced quality‑improvement programmes that lowered complication rates. He has been Chair of the Medical Advisory Committee at The Nuffield Manor Hospital for six years, overseeing clinical governance, policy development and accreditation processes. He is Immediate Past Secretary and President‑Elect of APAGBI and sits on expert advisory groups for paediatrics, theatres/HSSU and the National Medical Advisory Group for Nuffield Health.","His research agenda concentrates on anaesthetic management for craniofacial surgery, aiming to refine intra‑operative haemodynamic control, reduce blood loss and accelerate postoperative recovery. He collaborates with surgical colleagues on prospective studies and presents findings at international conferences.","Dr Das has contributed extensively to the development of national paediatric anaesthesia standards, authoring two published guidelines and serving as an advisory member on three additional guideline projects that are currently being drafted. His work includes the 2023 Chapter 14 ""Guidelines for the provision of neuro‑anaesthetic services"" within the GPAS framework, and advisory roles for the British Association of Perinatal Medicine's Neonatal Airway Safety Standard (2024), Central Venous Catheter Review (2025) and the emergency‑management guideline for button‑battery ingestion in infants (2026). In the peer‑reviewed literature, Dr Das is listed on eight journal articles that span peri‑operative safety, airway management, and the anaesthetic care of children with craniosynostosis. Notable contributions include a 2024 multicentre European study proposing a standard operating procedure for peri‑operative airway management after mid‑face surgery in syndromic craniosynostosis (Plastic & Reconstructive Surgery); a 2020 case series on central retinal artery occlusion following prone transcranial surgery for craniosynostosis (J Craniofacial Surgery); and two widely cited reviews on anaesthesia for craniosynostosis surgery (Pediatric Anesthesia, 2012‑2013). Additional publications cover blood‑component usage guidelines (Anaesthesia, 2025), postoperative hypo‑albuminemia after craniosynostosis surgery (Pediatric Anesthesia, 2015), and several editorials and trainee‑focused pieces that address educational technology and the lived experience of anaesthetic trainees. A complete list of Dr Das's publications can be provided on request.","Dr Das is actively involved in postgraduate education, regularly delivering teaching sessions on airway management, paediatric pharmacology and peri‑operative risk assessment while supervising anaesthetic trainees. He has a longstanding interest in online education, designing and delivering digital learning modules for a wide audience. As past co‑director of the MEPA (Managing Emergencies in Paediatric Anaesthesia) simulation course, he oversaw curriculum development, faculty training and assessment of trainees and Consultants. In addition, he served as Education Editor for the journal Pediatric Anesthesia, curating educational content and guiding the publication's education strategy, thereby shaping the next generation of clinicians in paediatric anaesthesia.","First Anaesthetist ever, to be elected a full member of the European Society for Craniofacial Surgery (ESCFS).","President‑Elect, Association of Paediatric Anaesthetists – APAGBI (2025‑present); Honorary Secretary, Association of Paediatric Anaesthetists – APAGBI (2021‑2024); Clinical negligence case reviewer, General Medical Council – GMC (2023‑present); Chair, Medical Advisory Committee, Nuffield Health (Oxford) – Nuffield Health (2016‑2025); Member, National Advisory Medical Group, Nuffield Health – Nuffield Health (2022‑present); Education Editor, Pediatric Anesthesia – Pediatric Anesthesia (2021‑2025); Full Member, European Society for Craniofacial Surgery – ESCFS; Associate Member, International Society for Craniofacial Surgery – ISCFS; Fellow (by examination), Royal College of Anaesthetists – RCoA; Member, European Society for Paediatric Anaesthesiology – ESPA; Visiting Assistant Professor, Department of Anesthesiology, University of Michigan – U‑M (2004‑2005); Member, Medical Defence Union – MDU; Member, Expert Witness Gateway – EWG; Member, Expert Witness Institute – EWI",Acute Pain Management; Airway Management; Anaesthesia; Anaesthetist; Anaphylaxis; Chronic Pain; Critical Care; Intubation; Neonatal Anaesthesia; Paediatric Anaesthesia; Pain Management; Regional Anaesthesia; Sedation; Ventilation,https://www.mccollumconsultants.com/wp-content/uploads/2025/05/Sumit-Das-CG.jpg,"John Radcliffe Hospital, Oxford","info@exp-w.com (NOTE: appears to be generic agency email, not personal - verify)",+44 (0)161 218 0223,https://www.mccollumconsultants.com/expert-witness/sumit-das/,Anaesthesia; Paediatric Anaesthesia,ew-anaesthesia; ew-paediatric-anaesthesia
Dr Venkat Mahesh,"MBBS, MRCP(UK), FEBGH, PGDip (Clin.Nutr)","""Dr Mahesh has undergone his expert witness training. He is registered with APIL, National Crime Agency (NCA) and the UK Register of Expert Witnesses. Dr Mahesh enjoys a full medico-legal practice representing both Claimant and Defendant law firms in actions relating to personal injury and clinical negligence. He holds weekly medico-legal clinics in Manchester but is happy to travel in order to conduct home and prison visits. He can produce reports within 6-8 weeks, sooner if required.""","""With over two decades of dedicated experience, Dr Venkat Mahesh is a highly respected Consultant Gastroenterologist renowned for his expertise, compassionate care, and commitment to improving patient outcomes. Dr Mahesh's journey began with a medical degree from Bangalore University in 2000, followed by 12 years of specialist training in the UK, where he honed his skills in General Internal Medicine before specialising in Gastroenterology and Hepatology. His training spanned prestigious institutions, including liver transplant tertiary teaching hospitals and district general hospitals, equipping him with a wealth of knowledge and a deep understanding of complex gastrointestinal and liver conditions. To further refine his expertise, Dr Mahesh completed an Advanced Interventional Endoscopy Fellowship at the Royal Adelaide Hospital in Australia and advanced his nutrition training on the Intestinal Failure Unit in Salford, UK. Since 2012, Dr Mahesh has served as a Consultant Gastroenterologist, initially at Blackpool Victoria Hospital and currently at Royal Blackburn Hospital, where he is the lead clinician for nutritional-related issues. He is also a key provider of advanced endoscopy services, including diagnostic and therapeutic endoscopy, dilation, endoscopic mucosal resection (EMR), stent placement, feeding tube insertion, endoscopic ultrasound (EUS), and ERCP. His expertise extends to leading therapeutic endoscopy provision for the Lancashire and South Cumbria Cancer Network, ensuring patients receive cutting-edge care.""","""Dr Mahesh has a clinical interest in dyspepsia (gastric and duodenal ulcer, reflux), Barrett's Oesophagus, irritable bowel syndrome (IBS), chronic abdominal pain, inflammatory bowel disease (IBD), Crohn's and Colitis, gastrointestinal cancer, diagnostic and therapeutic endoscopy, and malnutrition including complex gastrointestinal issues, obesity and malabsorption.""","""As an Honorary Clinical Lecturer at Buckingham University, he shares his knowledge with the next generation of medical professionals. He regularly provides educational talks to GPs on gastroenterology, liver disease, and nutrition, empowering primary care providers to deliver better patient care. Dr Mahesh also holds pivotal roles in national medical organisations, including serving as a Medical Performance Assessor for the General Medical Council, Media and Education Co-ordinator for the UK & Ireland Endoscopic Ultrasound Society, and National QI Lead for Endoscopic Ultrasound for the British Society of Gastroenterology/Joint Advisory Committee.""","""His areas of interest are in endoscopy and nutritional interventions. These works have been published in peer review journals and presented at national and international meetings. Dr Mahesh has been the lead researcher and senior author of over 10 research projects since 2012. Most recently, as the Chief Investigator for 'Fiducial marker insertion in image guided radiotherapy for oesophageal cancers', he received a grant of £25,000 from Rosemere Cancer Centre. He continues to contribute as a sub-investigator in several national and international endoscopic ultrasound related studies.""","""To date, Dr Mahesh has co-authored more than 30 publications, presented in national and international meetings; all leading to significant changes in practice. He continues to be active academically and has several ongoing research projects related to endoscopic ultrasound and ERCP.""","""Nationally, Dr Mahesh is the Education and Media Co-ordinator for UK and Ireland EUS Society and the Quality Improvement Lead for endoscopic ultrasound for the British Society of Gastroenterology/Joint Advisory Group. Currently, he is the Medical Performance Assessor for the General Medical Council; completing reports for investigations and attending hearings. Previously, he was the Associate Director of Medical Education, a Royal College Tutor and TSTL for Medicine and an International Medical Doctors Tutor at Blackpool.""",,British Society of Gastroenterology; Medical and Dental Defence Union of Scotland; Collegiate Member of Royal College of Physicians of London; European Society of Parenteral and Enteral Nutrition; European Board of Gastroenterology and Hepatology; European group of Endoscopic Ultrasonography & UK and Ireland EUS society,Artificial Feeding; Barrett's Oesophagus; Colonoscopy; Diaphragm Disorders; Duodenum Conditions; Dyspepsia; Endoscopy; Gastric Ulcer; Gastro Oesophageal Reflux Disease (GORD); Gastroenterology; Gastrointestinal (GI) Bleed; Haemorrhage; Helicobacter Pylori (H. Pylori); Hernias; Inflammatory Bowel Disease (IBD); Irritable Bowel Syndrome (IBS); Laparoscopy; Laparotomy; Malnutrition; Obesity; Oesophageal Disorders; Oesophago-gastro-deuodenosopy (OGD); Stoma; Stomach Conditions; Upper GI Surgery,https://www.mccollumconsultants.com/wp-content/uploads/2022/01/venkat-Maheshgrey-background9-1-e1650534396423.jpg,Royal Blackburn Hospital; weekly clinics in Manchester,info@exp-w.com,+44 (0)161 218 0223,https://www.mccollumconsultants.com/expert-witness/venkat-mahesh/,Gastroenterology; Upper GI Surgery,ew-gastroenterology; ew-upper-gi-surgery
Edward Mills,"MBChB, FRCSEd (Tr&Orth)","""Mr Mills has undergone his expert witness training with Bond Solon and is registered with APIL, the National Crime Agency (NCA) and the UK Register of Expert Witnesses. He is happy to represent both Claimant and Defendant law firms in both personal injury and clinical negligence actions. Mr Mills can usually turnaround reports within 6-8 weeks, sooner if required.""","""Mr Edward Mills was appointed as both Consultant Orthopaedic Trauma Surgeon at the Sheffield Teaching Hospitals NHS Foundation Trust and Honorary Senior Lecturer at the University of Sheffield in 2012. He undertook his higher surgical training in Trauma and Orthopaedics in West Yorkshire followed by fellowship training in the Ilizarov Method at the Northern General Hospital Sheffield. Since 2018, Mr Mills has also enjoyed his role as a Major Trauma Consultant.""","""Mr Mills has a particular interest in severe lower limb fractures including fractures of the tibial plateau and plafond, as well as segmental and open fractures (including bone loss), treated with fine wire circular fixators using Ilizarov methods. He also has extensive expertise in general trauma of the lower and upper limb. His elective practice encompasses post-traumatic and developmental limb reconstruction, including non-union, malunion & deformity, limb length inequality, bone infection and amputation. Mr Mills' interests also expand to hip fracture management including atypical (bisphosphonate related) fractures and total hip replacement (THR) for trauma and degenerative conditions.""","""Mr Mills is enthusiastic in his role as Clinical Lead for hip fractures at the Northern General Hospital, which includes governance and audit lead.""","""Mr Mills has particular interest in the research of lower limb trauma, as well as the reduction of infection at the surgical site. He was also the Principal Investigator for the Wound Healing in Surgery for Trauma (WHIST) multicentre trial in Sheffield.""","""Co-author: The effect of computerised tomography on operative planning in posterior malleolus ankle fractures. Foot Ankle Surgery, 2020. Co-author: Malreduction of tibial articular width in bicondylar tibial plateau fractures treated with circular external fixation is associated with post-traumatic osteoarthritis. Journal of Orthopaedics, 2019. Co-author: Transverse debridement and acute shortening followed by distraction histogenesis in the treatment of open tibial fractures with bone and soft tissue loss. Strategies in Trauma and Limb Reconstruction, 2018.""","""Mr Mills also teaches on the following courses: Royal College of Surgeons Basic Surgical Skills, Ilizarov External fixation for allied health professionals, Ilizarov External fixation for surgeons, Monolateral external fixation course for registrars and consultants, Summer University lower limb trauma course for registrars, Royal College of Surgeons Glasgow - Limb reconstruction webinars.""","Trainer of the year; South Yorkshire Trauma and Orthopaedics, 2016. STH Patient Safety Award 2018: As Orthopaedic Lead for hip fractures in Sheffield, Mr Mills' team managed to reduce infection rate to less than 1% and sustained this improvement to date. Finalist in the Health Service Journal Patient Safety awards 2018 in the infection control category.",Fellow of the Royal College of Surgeons of Edinburgh (RCSEd); British Limb Reconstruction Society (BLRS); Orthopaedic Trauma Society (OTS),Amputation; Arthritis; Complex Limb Reconstruction; Complex Lower Limb Fractures; Crush Injury; Degenerative Bone Disorders; Fracture with Bone Loss; Fractures; Hip Fracture; Hip Surgery; Joint Replacement; Ligament and Tendon Damage; Lower Limb Surgery; Major Trauma; Non-union and Malunion; Open Fractures; Osteonecrosis & Osteomyelitis; Total Hip Replacement; Trauma; Trauma & Orthopaedic Surgery; X-Ray,https://www.mccollumconsultants.com/wp-content/uploads/2025/10/Ed-Mills-Photo-2-CG.jpg,"Sheffield Teaching Hospitals NHS Foundation Trust / Northern General Hospital, Sheffield",info@exp-w.com,+44 (0)161 218 0223,https://www.mccollumconsultants.com/expert-witness/edward-mills-consultant-trauma-and-orthopaedic-surgeon/,Orthopaedic Surgery,ew-trauma-and-orthopaedic-surgery
Efstathios Drampalos,"Consultant Trauma & Orthopaedic Surgeon, MBBS/MD, Italian Esame di Stato (Med/Chir), MSc (orth), FRCS(T&O)equiv, FEBOT, CCT (T&O)equiv, PhD (orth)",Mr Drampalos has completed multiple courses in medico-legal report working. He is happy to take instructions from both the defence and the claimant.,"Mr Drampalos gained his MD in 2003 from the University of Bologna, and later achieved his MSc and PhD, specialising in Orthopaedics. Since then, Mr Drampalos has gained vast clinical experience, training in Hospitals in both Greece and the UK. Currently, he maintains the position of Chief Foot & Ankle Orthopaedic Consultant for NHS Forth Valley, Orthopaedic Consultant for the Circle Health Group Kings Park Hospital, and runs a general orthopaedic trauma clinic, treating a full range of orthopaedic conditions. Mr Drampalos is also an Honorary Clinical Senior Lecturer at the University of Glasgow.","While Mr Drampalos' orthopaedic trauma practice covers all musculoskeletal injuries, his subspeciality interest is in foot and ankle surgery, including sport injuries, bunion surgery and infected metalwork. During a previous position at the Major Trauma Centre in Manchester, Mr Drampalos focused on foot, ankle, and lower limb severe trauma and bone infections related to metalwork. He also treats flatfoot, high arch, forefoot deformities and Achilles tendonitis and tendon injuries using both open or minimally invasive surgery (MIS) techniques.","Mr Drampalos is currently the Chief Foot and Ankle Surgeon at the Forth Valley Royal Hospital. His previous management experience has included: BOA National Clinical Leader 1 Year Programme UK (2014), Lead Battalion Surgeon in Greek Armed Forces (2005-2006), and Orthopedic Trainee representative at the Board of the Greek College of Orthopaedic Surgeons reforming educational programme (2009-2011).","Currently, he is doing research with main interest in Foot and Ankle Pathology (use of staples in Foot and Ankle Surgery: Biomechanics and PROMS, Biomechanics of Ankle fractures and options for conservative management), Diamond-like Carbon Coatings for Biomedical Applications. During the last two years, he has been collaborating with a multidisciplinary team from the Department of Mechanical Engineering, Sakarya University (Turkey) and the Heriot-Watt University, UK. Mr Drampalos' MSc research focused on 'Vertebral Fracture Assessment'; his PhD research was in 'Vertebral Fracture Assessment on patients with Vertebrae Kyphoplasty.'","Mr Drampalos has published more than 40 articles in international peer reviewed journals, 60 podium presentations and abstracts in Congresses and two books. He is also an Editorial Board Member and Reviewer for the World Journal Orthopaedics and reviewer for three more international PubMed indexed peer reviewed journals.","Currently, Mr Drampalos is an Honorary Clinical Senior Lecturer at the University of Glasgow, Medical School since 2022. He is also the Clinical and Educational supervisor of Trainees and Junior Doctors at FVRH. From 2018-2019, taught Medical Students at the University of Manchester. He has trained people in Foot and Ankle Courses. Previously, Mr Drampalos taught orthopaedic trainees at the Greek College of Orthopaedic Surgeons (2010-2012), and taught battle resuscitation and military medicine within the Greek Armed Forces (2005-2006).","MD from University of Bologna with 'First Class Honours' (110/110 e lode), 2003; Scholarship for Subspecialty Training Abroad from the Hellenic Society of Orthopedic Surgery and Traumatology, 2012; Perfect Attendance Award on behalf of Wrightington, Wigan and Leigh NHS Foundation Trust for the period 2015-2016, 2016; UK FALCON, Second Place Memorial Prize, Podium BOFAS 2022; UK FALCON, Chang Chen Memorial Prize, Podium BOFAS 2021",General Medical Council; British Orthopaedic Foot and Ankle Society; European Board of Orthopaedic and Traumatology; Foot and Ankle Scotland,Achilles Tendon Injuries; Arthritis; Bunion Surgery; Foot & Ankle Surgery; Fractures; Ligament and Tendon Damage; Lower Limb Surgery; Toe Deformities; Trauma & Orthopaedic Surgery,https://www.mccollumconsultants.com/wp-content/uploads/2024/02/Efstathios_grey_crop.jpg,BLANK (NHS Forth Valley / Circle Health Group Kings Park Hospital mentioned in practice text),info@exp-w.com,+44 (0)161 218 0223,https://www.mccollumconsultants.com/expert-witness/efstathios-drampalos/,Foot & Ankle Surgery;Orthopaedic Surgery,ew-foot-and-ankle-surgery; ew-trauma-and-orthopaedic-surgery
Gerald Collins,"MB BCh BAO, FRCS (Ed), FRCS (Glas), MD FRCS (Urol)","""Mr Gerald Collins enjoys receiving instructions from both Claimant and Defendant law firms in personal injury and clinical negligence cases.""","""Mr Gerald Collins has been a consultant urological surgeon for more than 29 years, delivering specialist care across Manchester, Macclesfield and Cheshire. Since 1997 he has operated from The Alexandra Hospital in Cheadle, Spire Manchester Hospital and Spire Regency Hospital where he concentrates on urological oncology, with a particular emphasis on prostate cancer diagnostics, PSA and free PSA interpretation, and advanced imaging. He has introduced a dedicated bone health optimisation programme for men commencing or receiving androgen deprivation therapy, filling a previously unmet need in prostate cancer survivorship. His clinical repertoire also includes prostate biopsy techniques, management of haematuria, stone disease and benign prostatic hyperplasia (BPH), and he routinely employs prostate MRI and the Stockholm3 risk calculator to refine diagnostic pathways. During a parallel 27 year tenure with the NHS at Stepping Hill Hospital, Mr Collins served as a lead consultant, providing both general and subspecialty urological services to the Greater Manchester population. He oversaw the delivery of acute urological care, coordinated multidisciplinary prostate cancer clinics, and guided the implementation of service wide protocols that improved patient outcomes and streamlined referral pathways. His NHS role also encompassed regional research leadership, where he contributed to the Greater Manchester and Cheshire Cancer Research Network and helped shape the strategic direction of urological oncology services across the trust.""","""Mr Collins concentrates on prostate disease across the full spectrum of care. He is an authority on PSA and free-PSA interpretation and routinely incorporates the Stockholm3 risk calculator and prostate-MRI into diagnostic pathways to improve cancer detection while limiting unnecessary biopsies. His broader urological portfolio includes haematuria evaluation, stone disease management, BPH assessment, prostatitis treatment, and the management of advanced prostate cancer, ensuring comprehensive care for patients with both benign and malignant conditions.""","""Throughout his NHS career, Mr Collins has held senior leadership positions, steering clinical service development and research initiatives within the urology department. He chaired the urological oncology research programme for the Greater Manchester and Cheshire Cancer Research Network, securing funding and fostering collaborations with academic institutions. In the private sector, he has managed multidisciplinary prostate cancer clinics, coordinated with oncologists, radiologists and physiotherapists, and oversaw the operational rollout of the bone health optimisation programme. His editorial role as European Editor for The Prostate Journal further demonstrates his capacity to guide scholarly discourse and maintain rigorous peer review standards across the continent.""","""Mr Collins' research trajectory began with an MD thesis conducted jointly at Edinburgh University and the Mayo Clinic, which characterised the community prevalence and natural history of BPH and earned him his doctorate in 1993. Since then he has sustained an active publication record, focusing on prostate cancer diagnostics, the clinical utility of the Stockholm3 risk calculator, and the impact of androgen deprivation therapy on skeletal integrity. He routinely presents his findings at national and international conferences, and he collaborates with academic centres to evaluate novel biomarkers and imaging modalities that may further personalise prostate cancer care.""",,,,European Association of Urology (EAU); British Association of Urological Surgeons (BAUS); American Urological Association (AUA); Irish Society of Urology (ISU); Harvard Postgraduate Society,Benign Prostatic Hyperplasia (BPH); Bladder Cancer; General Urology; Interstitial Cystitis; Kidney Cancer; Prostate Cancer; Prostatitis; Testicular Cancer; Urinary Incontinence; Urinary Tract Infections (UTI); Uro-Oncology; Urological Oncology; Urological Surgery; Urology; Urology Imaging,https://www.mccollumconsultants.com/wp-content/uploads/2026/04/G_Collins_001_CG.jpg,"Manchester, Macclesfield, Cheshire",info@exp-w.com,+44 (0)161 218 0223,https://www.mccollumconsultants.com/expert-witness/gerald-collins/,Urology,ew-urology
Graham Young,"MA, BM, BCh, PhD, FRCS (Urol)","""Mr Young has been writing reports since 2020. He is also undergoing his expert witness training with Bond Solon. He has completed the 'Excellence in Report Writing' Module. He is working towards completing the Cardiff University Bond Solon (CUBS) Civil Expert Witness Certificate. He is happy to be instructed by Claimant and Defendant law firms in both personal injury and clinical negligence cases. He is registered with APIL, the National Crime Agency (NCA) and the UK Register of Expert Witnesses. Mr Young is happy to conduct home and prison visits and can produce reports within 6-8 weeks, sooner if required.""","""Mr Young graduated as a research prize winner from the University of Cambridge and University of Oxford. He later completed a PhD in prostate cancer treatment at the University of Birmingham and completed general urology training in the West Midlands. He then trained as an Endourology Fellow at the renowned Institute of Urology, Bristol. Since 2008, Mr Young has been a Consultant Urological Surgeon at Manchester University NHS Foundation Trust (MFT) and was Clinical Lead of the department from 2016-2021.""","""Mr Young treats patients with all general urological problems. He has a subspecialist interest in endourology and minimally invasive surgical treatments, in particular kidney stone disease and minimally invasive diagnosis and treatment of upper urinary tract transitional cell carcinoma. He runs a general and cancer diagnostic service including performing transperineal prostate biopsies. He also sees patients with general urology problems including andrology, bladder cancer, endourology, erectile dysfunction, sexual dysfunction, prostate disease and urinary tract disorders. He is a core member of the urology specialist cancer MDT.""","""Clinical Lead of the department from 2016-2021""","""Mr Young has been a Principal Investigator (PI) and Supervisor for multiple urology research trials including EMBRACE (E. Coli vaccine study), PUrE trial (surgical interventions for kidney stones), SUSPEND and TISU clinical trials at Wythenshawe Hospital. He is also PI for basic research into urinary stone disease and projects relating to stone disease in cystic fibrosis patients.""","""Mr Young has published book chapters, abstracts and papers in peer reviewed journals on urology.""","""Mr Young offers teaching to General Practitioners on lower urinary tract symptoms, haematuria, prostate cancer and incontinence. In addition, he is an Educational Supervisor for Foundation Year doctors and a Clinical Supervisor for Core Trainee, Specialist Trainees, & Year 3 medical students.""","1989: Welcome Vacation Scholarship, Department of Virology, Cambridge University, awarded for biomedical research; 1990: Professor Peter Wildy Memorial Prize, Cambridge University, awarded for best Pathology finals research project; 2000: MRC/Royal College of Surgeons Clinical Training Fellowship for preclinical virus-directed enzyme prodrug therapy in prostate cancer, University of Birmingham",Royal College of Surgeons of England (RCS Eng); British Association of Urological Surgeons (BAUS),Andrology; Benign Prostatic Hyperplasia (BPH); Bladder Cancer; Bladder Conditions; Catheterisation; Cystitis; Cystoscopy; Endourology; Erectile Dysfunction; Haematuria; Incontinence; Kidney Stones; Kidney Stones Disease; Lower Urinary Tract Symptoms (LUTS); Male Infertility; Pelvic Floor; Prostate Cancer; Prostate Disease; Sexual Dysfunction; Sexually Transmitted Infections (STIs); Upper Tract Transitional Cell Carcinoma; Urinary Tract Infections (UTI); Urodynamic Studies; Urology,https://www.mccollumconsultants.com/wp-content/uploads/2021/10/R5_6741GC.jpg,Manchester University NHS Foundation Trust (MFT),info@exp-w.com,+44 (0)161 218 0223,https://www.mccollumconsultants.com/expert-witness/graham-young-urologist/,Urology,ew-urology
Guy Webster,"MB ChB, FRCS Ed, Eng, FRCS (Urol), FEBU","""Mr Webster has been acting as an expert witness for a number of years. He has undergone expert witness training through Bond Solon and the Medical Protection Society and enjoys receiving instructions from both Claimant and Defendant law firms in personal injury and clinical negligence cases.""","""From 2002 to 2016, Mr Webster practiced at the Royal Free London NHS Foundation Trust in a team of 15 Consultant Urologists. He performed upper tract laparoscopic, robotic and open surgery in a practice of cancer, stones, and benign disease as well as general adult and Paediatric Urological surgery, both electively and on call. At the end of 2016, Mr Webster was asked to transfer to Oxford University Hospitals NHS Foundation Trust to assist in the development of their renal surgery robotic program. In 2022, Mr Webster stepped aside from full time clinical NHS practice to focus on his private practice but he still has an Honorary Consultant Contract at Oxford where he works on an ad hoc basis.""","""His main interests include renal surgery, kidney robotics and laparoscopy, prostatic enlargement (BPH) treatment with urolift, holmium laser enucleation of the prostate (HOLEP), transurethral resection of the prostate (TURP) and prostatic artery embolisation. He also has a large practice in scrotal and penile surgery including adult and paediatric medical circumcision.""","""Mr Webster was the renal cancer MDT chair and Governance lead at Royal Free London NHS Foundation Trust.""","""Mr Webster's Research interests are renal mass diagnostics biopsy, renal ischaemia, and Cancer MDTs.""",,"""Mr Webster has taught at undergraduate and postgraduate levels. He was an anatomy demonstrator at Birmingham University and an Honorary Lecturer in Australia for the University of Queensland whilst a Urology Fellow. Mr Webster teaches Oxford University Undergraduates clinical urology and applied anatomy. Whilst at Royal Free and Oxford he was a clinical Supervisor to registrars and foundation doctors and a Consultant appraiser and Mentor. He is also a visiting professor.""",Guy Baines Prize: Ambulatory Urodynamics 1997; BAUS: William Cook Travelling Fellowship 1999; RCS (Edinburgh): John H Steyne Fellowship 1999; RCS (Edinburgh): Ethicon Travelling Fellowship 1999; FRCS (Urol) 1999; BUF Clinical Visit Grant 2000; FRCS Eng (Ad Eundem) 2010; Clinical Excellence Level 3,,Laparoscopy; Medical Circumcision; Nephrectomy; Penile Surgery; Renal Surgery; Urology; Urology Imaging,,,info@exp-w.com,+44 (0)161 218 0223,https://www.mccollumconsultants.com/expert-witness/guy-webster/,Urology,ew-urology
Jonathan Hobson,MA(Cantab) BM BCh FRCS(ORL-HNS) PGCertMedEd,"Mr Hobson has attended several medico-legal expert witness training courses since he began preparing medico-legal reports for the Court in 2013. He has a full medico-legal practice advising both claimant and defendant law firms in personal injury, clinical negligence and industrial disease cases. His claimant/defendant ratio split is approximately 70/10; 20% of his work is on a joint instruction basis. He holds weekly medico-legal clinics in Manchester but is happy to conduct home and prison visits. He can usually turnaround reports within 6-8 weeks, sooner if required.","Mr Hobson is a Consultant Ear, Nose & Throat (ENT)/Head & Neck Surgeon at the Wythenshawe Hospital; part of the University of Manchester NHS Foundation Trust. He is the Lead Thyroid Surgeon at the hospital, performing over 40 thyroidectomy operations per year and is a core member of the Manchester Thyroid Cancer Multidisciplinary Team. He is also the Clinical Director for Specialist Surgery at the hospital; this comprises of plastic surgery & burns, trauma & orthopaedic surgery and ENT & maxillofacial surgery. The Directorate has a full-time equivalent head count of over 300 people, and a turnover in excess of £30m per annum.","Mr Hobson treats problems with hearing and deafness, otitis media with effusion, age related hearing loss, tinnitus and eustachian tube dysfunction, dizziness and vertigo, ear infections, perforated ear drum and cholesteatoma, protruding ears, sinus infection and rhino-sinusitis, endoscopic sinus surgery, nasal injuries, nasal polyps, tumours of the nose, nasal obstruction, disorders of the sense of smell, adenoid problems, tonsillitis, hoarseness and laryngitis, swallowing problems, upper airway breathing problems, snoring and obstructive sleep apnoea, cancer affecting the thyroid as well as thyroid and parathyroid problems in general.",Clinical Director for Specialist Surgery at Wythenshawe Hospital managing over 300 full-time equivalent staff and departmental turnover exceeding £30 million annually.,"Mr Hobson's research interests include simulation and training, medical education, outcomes of surgery for obstructive sleep apnoea and thyroid surgery.","Mr Hobson has published 25 original articles in peer-reviewed journals, three review articles in peer-reviewed journals, 10 commissioned articles and several case reports in peer-reviewed journals. He has been a reviewer for several specialist peer-reviewed journals, including the American Journal of Rhinology & Allergy and Clinical Otolaryngology. He has given 39 national and international presentations to specialist societies between 1997 and 2018.","Mr Hobson is an Honorary Lecturer at the University of Liverpool and has been invited to lecture both nationally and internationally on topics related to his research interests: thyroid surgery, obstructive sleep apnoea, simulation and training and medical education in general.",,"The British Association of Otorhinolaryngology (ENT UK); The British Rhinology Society (BRS); The British Association of Head & Neck Oncologists (BAHNO); The British Society for Allergy and Clinical Immunology (BSACI); The American Academy of Allergy, Asthma & Immunology (AAAAI)",Anaphylaxis; Brain Haemorrhage; Brain Tumour; Branchial Cyst; Cleft Palate; Dysarthria; Dysphonia; Ear Nose & Throat Surgery; Eustachian Tube Dysfunction; Facial Deformity; Facial Pain; Facial Trauma; Glue Ear; Head Injury; Headaches; Hearing Loss; Hypoglossal Nerve; Intracranial Pressure; Mandibular Condylar Fracture; Nasal Conditions; Neuroblastoma; Nosebleeds; Optic Nerve Conditions; Oral Disease; Periodontal Disease; Pituitary Gland Disease; Respiration; Seizure; Sinus Conditions; Temporomandibular joint (TMJ) Disorders; Throat Cancer; Thyroid Cancer; Tracheostomy; Transcranial Doppler Ultrasound; Ventilation; Visual Field Defects; Whiplash,https://www.mccollumconsultants.com/wp-content/uploads/2021/10/R5_6830GC.jpg,"Wythenshawe Hospital, University of Manchester NHS Foundation Trust; weekly medico-legal clinics in Manchester",info@exp-w.com,+44 (0)161 218 0223,https://www.mccollumconsultants.com/expert-witness/jonathan-hobson/,"Ear, Nose & Throat Surgery",ew-ear-nose-and-throat-surgery
Kirsty MacLennan,"MBChB, MRCP, FRCA",Dr MacLennan has undergone expert witness training with Bond Solon. Dr MacLennan enjoys a full medico-legal practice instructed by both Claimant and Defendant law firms in personal injury and clinical negligence cases.,"Dr MacLennan has been a Consultant Anaesthetist at the Manchester Foundation Trust since 2010. Her subspeciality area of interest is obstetric anaesthesia. She is based at St Mary's Hospital, a tertiary obstetric referral centre for complex medical conditions, with over 8500 deliveries per annum.","Dr MacLennan's subspecialities include obstetric anaesthesia for both electives and emergencies; airway, maxillofacial and head and neck surgery; and gynaecology oncology. Since October 2020, Dr MacLennan has worked as an anaesthetic clinical advisor for the Maternity and Newborn Safety Investigations (MNSI, formerly HSIB) in the maternity investigation programme. She is involved in the review of cases, with the ultimate aim of identifying common themes within underpinning systems and processes that will help to make maternity care safer. She has a weekly commitment to this programme.","Dr MacLennan has held the role of College Tutor, Training Programme Director and MFT Associate Director of Medical Education. She is the lead for obstetric simulation at St Mary's Hospital, running regular multidisciplinary drills. She is also the chair of the Manchester Foundation Trust simulation faculty and manages recruitment for clinical fellows in obstetric anaesthesia.","Dr MacLennan is a contributor to maternity guidelines on topics including enhanced recovery, maternal cardiac arrest, acid aspiration prophylaxis, remifentanil PCA, cell savage, and hyponatraemia. In 2022-2024, Dr MacLennan led on a national collaborative project to produce the Obstetric Anaesthetists' Association Quick Reference Handbook for Obstetric Emergencies; this handbook includes 20 action cards for common emergencies encountered in the obstetric setting. It has been endorsed by many national organisations.","Dr MacLennan has published multiple books and book chapters. These include books on obstetric decision making and simulation, core topics in obstetric anaesthesia, maternal acute illness management, and more.","Dr MacLennan has a Masters in medical education. She is the human factor training lead for delivery suite. She is an educational supervisor and consultant appraiser. Dr MacLennan was an Obstetric Anaesthetists' Association (OAA) executive committee member from 2019-2025. She lectures nationally on subjects including simulation, human factors, obstetric emergencies and obstetric anaesthesia and analgesia.","Team Award, St Mary's Hospital. June 2014; Outstanding Achievement Award, St Mary's Hospital. June 2017; Clinical scientific services Star award. MFT July 2021; #BeInspired campaign, Association of Anaesthetists. 2021; HSJ Patient Safety Awards. Highly Commended team award for Maternity & Midwifery Service Initiative 2024",Obstetric Anaesthetists' Association Committee member; Royal College of Anaesthetists; Association of Anaesthetists for Great Britain and Ireland; Obstetric Anaesthetists' Association,Anaesthesia; Conscious Sedation; Emergency Labour; Epidural; Intubation; Obstetric Anaesthesia; Obstetric Trauma; Regional Anaesthesia; Sedation,https://www.mccollumconsultants.com/wp-content/uploads/2025/04/Kirsty_Maclennan_CG.jpg,Manchester Foundation Trust / St Mary's Hospital,info@exp-w.com,+44 (0)161 218 0223,https://www.mccollumconsultants.com/expert-witness/kirsty-maclennan/,Anaesthesia,ew-anaesthesia
Lorcan Butler,"BSc (Hons) MCOptom, Prof Cert Paediatric Eye Care",Mr Butler has undergone his medico-legal training and enjoys receiving instructions from both Claimant and Defendant law firms in personal injury and clinical negligence cases.,"Mr Butler is a clinical optometrist with 20 years of experience providing primary eye care in Ireland, the UK, and New Zealand. His extensive career has equipped him with a broad skillset in comprehensive eye examinations, contact lens fitting, and the detection of ocular disease.","Mr Butler has developed a particular expertise in neuro-optometry and neuro-ophthalmology. He is deeply involved in the assessment and monitoring of patients with complex conditions such as adult and paediatric brain tumours, papilloedema, and Idiopathic Intracranial Hypertension (IIH).","Mr Butler demonstrates significant leadership within the optometry profession. He actively contributes to the advancement of the field as an Education Committee member for both the European Academy of Optometry & Optics and, beginning in July 2025, the World Council of Optometry. This commitment extends to collaborative roles, notably as co-chair of the Royal College of Ophthalmologists Eyecare Symposium. Mr Butler further solidifies his influence as a Council member of the United Kingdom & Ireland Society of Ophthalmic Professionals (UKISOP).","Mr Butler's research interests center on optimising myopia control strategies, advancing dry eye management, and refining the differentiation between true papilloedema and its mimics.",Mr Butler has had numerous articles published in Optometry & Ophthalmology press.,"Mr Butler actively shares his expertise as an Honorary Senior Lecturer in Optometry at the University of Central Lancashire, and is a sought-after Key Opinion Leader (KOL) and lecturer, regularly presenting at conferences throughout the UK and Europe.",,General Optical Council (GOC); College of Optometrists (CO); Association of Optometrists (AO); European Academy of Optometry & Optics (EAOO); World Council of Optometry (WCO) - (2025); American Academy of Optometry & Optics (AAOO) (2025),Cataracts; Congenital cataract & glaucoma; Diabetic Eye; Dry Eye Disease; Glaucoma; Ophthalmology; Visual Field Defects,https://www.mccollumconsultants.com/wp-content/uploads/2025/09/Lorcan_Butler_McC_CG_001.jpg,,info@exp-w.com,+44 (0)161 218 0223,https://www.mccollumconsultants.com/expert-witness/lorcan-butler/,Ophthalmology,ew-ophthalmology
Mark Welch,"MBChB, FRCS, FRCS, CCST","Mr Welch has an established medico-legal practice as an expert witness and has undertaken formal expert witness training. He provides independent, impartial and evidence-based expert opinion for the Court drawing upon his extensive clinical and surgical experience. He accepts instructions from Claimant and Defendant legal teams, insurers and insurance companies in clinical negligence and personal injury matters, with an approximate Claimant/Defendant instruction ratio of 70:30.","Following completion of his specialist surgical training, Mr Welch achieved both time-served accreditation in surgery and the Certificate of Completion of Specialist Training (CCST). He was appointed Consultant in General and Vascular Surgery at Burnley General Hospital in October 1998. In 2000, he moved to the Regional Vascular Surgical Unit at the University Hospital of South Manchester NHS Foundation Trust (UHSM), where he practised exclusively as a Consultant Vascular Surgeon.","His specialist interests include the management of abdominal aortic aneurysms (AAA), complex and revisional arterial surgery, peripheral arterial disease and distal arterial bypass for limb salvage. He also has extensive experience in venous surgery, particularly the treatment of both primary and recurrent varicose veins.","Clinical Director of Vascular Surgery, University Hospital South Manchester (UHSM) 2001-2009; Director of Infection Prevention & Control, UHSM 2005-2007; Associate Medical Director, UHSM 2009-2012; Clinical Director of Vascular Surgery, UHSM 2012-2014; Clinical Lead for Vascular Surgery, UHSM 2017-2019; Chairman of the Medical Staff Committee, Wythenshawe Hospital, Manchester 2015-2022; Senior Appraiser, Manchester University Foundation Trust (MFT) 2022-current","Mr Welch has authored and co-authored more than 30 peer-reviewed publications in the surgical literature, reflecting his longstanding involvement in vascular surgical research. His principal research interests include the surgical management of critical limb ischaemia, complex and revisional arterial surgery, and the management of recurrent varicose veins.","Mr Welch has authored and co-authored more than 30 peer-reviewed publications in the surgical literature. He has contributed to major multicentre vascular surgery trials, including the BASIL trial, investigating treatment strategies for severe lower-limb ischaemia, and the EVAR trial, evaluating endovascular repair in the management of abdominal aortic aneurysms.","Chair Basic Surgical Training Rotation, UHSM 2004-2007; Royal College of Surgeons Tutor, UHSM 2006-2009; Programme Director Core Surgery, South Sector, North West Deanery 2007-2009; Programme Director Core Surgery (Quality), North West Deanery 2009-2012; Programme Director General & Vascular Surgery (higher surgery trainees), North West Deanery 2012-2017; President, North West Regional Association of Surgeons 2017-2019",,Royal College of Surgeons of Edinburgh; Vascular Society of Great Britain & Ireland; Association of Surgeons of Great Britain & Ireland (Full Fellow); International Union of Angiology; European Society of Vascular and Endovascular Surgery; British Society of Lymphology; British Medical Association; Manchester Medical Society,Abdominal Aortic Aneurysm (AAA); Aneurysm; Angiogram; Angioplasty; Aortic Dissection; Arterio-Venous (AV) Fistula; Blood Pressure; Cannulation; Central Line; Critical Limb Ischaemia (CLI); CT Angiography; Deep Vein Thrombosis (DVT); Diabetic Complications; Endovascular Surgery; Haemorrhage; Ischaemia; IVC Filter; PICC Line; Pulmonary Embolism (PE); Shunt; Stenting; Thrombectomy; Varicose Veins; Vascular Embolisation; Vascular Surgery; Vascular Ulcers; Vasculitis; Venous Thromboembolism (VTE),https://www.mccollumconsultants.com/wp-content/uploads/2021/10/R5_6915GC.jpg,"Manchester, UK",info@exp-w.com,+44 (0)161 218 0223,https://www.mccollumconsultants.com/expert-witness/mark-welch/,Endovascular Surgery;Vascular Surgery,ew-endovascular-surgery; ew-vascular-surgery
Max Almond,"Consultant Surgeon in Surgical Oncology, Upper GI, and General Surgery; MBChB, MRCS, DM, FRCS","Mr Almond is registered with APIL, the National Expert Witness Agency, the UK Register of Expert Witnesses, Premex, and Expert Court Reports Ltd. He is happy to represent both Claimant and Defendant law firms in both personal injury and clinical negligence actions. Mr Almond can usually turnaround reports within three weeks. He has written more than 400 medico-legal reports.","Mr Almond is a Consultant in General Surgery, Surgical Oncology, Upper Gastrointestinal and Hepatobiliary Surgery. His practice is based at University Hospitals Birmingham NHS Foundation Trust where he is the Clinical Lead for General Surgery. Following his registrar training, Mr Almond gained further specialist experience through surgical Fellowships to the Istituto Dei Tumori, Milan, and the Royal Marsden Hospital, London. He developed specialist skills in therapeutic endoscopy through Fellowships to Harvard University, Boston; the Massachusetts General Hospital, Boston; and the Mayo Clinic, Rochester, US. Mr Almond treats complex abdominal and retroperitoneal tumours referred from a wide geographical area stretching from Wales to King's Lynn, including quaternary referrals from Cambridge and Nottingham. He treats rare pathologies including sarcomas, neuroendocrine tumours, gastrointestinal stromal tumours and adrenal tumours. His benign practice includes laparoscopic surgery for gallstones, hiatal hernias, acid reflux, abdominal wall and groin hernias. He undertakes major abdominal trauma surgery when on-call at University Hospital Birmingham which is a level 1 trauma centre. He also performs upper and lower gastrointestinal endoscopy and ERCP.","Mr Almond has special interests in Abdominal Cancer Surgery, Abdominal Trauma, Upper Gastrointestinal Surgery including cholecystectomy, General Surgery and ERCP. He has worked on medicolegal cases involving abdominal trauma, work-related abdominal injury, emergency and elective general surgical negligence including mismanagement of hepatobiliary disease and abdominal cancer.",Mr Almond is the Clinical Lead for Upper GI and General Surgery at University Hospital Birmingham. He was previously the Clinical Governance Lead in Emergency General Surgery across three large acute Hospitals.,Mr Almond's main research interests are in the fields of abdominal oncology and gastro-oesophageal reflux including Barrett's oesophagus. He has received grants from the Royal College of Surgeons of England to support his work in these fields and has published more than 120 peer reviewed papers.,"Mr Almond has published over 120 research articles and book chapters, including publications in Nature and the British Journal of Surgery. He has recently co-authored National and International guidelines on the management of GIST and Retroperitoneal Sarcoma.",Mr Almond is an honorary Clinical Lecturer at the University of Birmingham and a surgical tutor on behalf of the European School of Soft Tissue Sarcoma Surgery. He also runs the Royal College of Surgeons Sarcoma Fellowship scheme.,"Royal College of Surgeons of England pump priming grant, November 2019; Winner of best oral presentation at the British Sarcoma Group Conference 2018; BASO Travelling Fellowship to Instituto dei tumori, Milan, Italy, October-December 2017; Winner of 1st prize for best oral presentation, West Midlands Surgical Society meeting, May 2014; Finalist at the BMJ Awards 2014 as a member of the ""Three Counties Early Oesophageal Cancer Team""; Shortlisted for the National Cancer Care Team of the Year 2014; Winner of BSG poster prize 2014; Winner of the Kings Norton Medal for Cranfield University's Outstanding Doctoral Student across all schools, June 2013; Winner of the Angela Newing Award for Outstanding Research within Cranfield Health, June 2013; Wesleyan Royal Society of Medicine Trainee of the Year Finalist, November 2012; Winner of the RCS Needlemakers bursary award, September 2012; British Society of Gastroenterology John Bennett Travelling Fellowship; First prize for best presentation of original research at the International Laser Europe Conference, London, May 2012; FACSS/SAS/Coblentz/ISA Award at ICORS, Bangalore, May 2012; Winner of Translational Medicine Conference Oral Presentation Prize, Cranfield Health, Gloucester, March 2012; Winner of the West Midlands Surgical Society prize for best oral presentation, Worcester, November 2011; Winner of the best poster prize at the West Midlands Surgical Society, Worcester, November 2011; Winner of the Royal Society of Medicine Prize (Surgery Section), London, September 2011; Royal College of Surgeons Research Fellowship award, June 2011; Winner of the Twort Prize for best oral presentation at the 5th International Barrett's Symposium, London, April 2011; Awarded the 'Three Counties Surgical Research Fellowship', October 2010; Highest interview score at ST2 level, Cambridge Deanery, 2007; Postgraduate Award in Medical Education (Grade A), University of Warwick, October 2006; Research Award - Medtronic (US), 2003",British Sarcoma Group (BSG); Transatlantic Retroperitoneal Sarcoma Working Group (TARPSWG); The British Association of Endocrine and Thyroid Surgeons (BAETS); Surgical tutor on behalf of the European School of Soft Tissue Sarcoma Surgery; Editor of the journal Gastrointestinal Stromal Tumours; Fellow of the Royal College of Surgeons of England (RCS England),Abdominal Wall Surgery; Adrenal Gland Disease; Appendicitis; Artificial Feeding; Biliary Tree Dysfunction; Chest Surgery; Cholecystectomy; Diaphragm Disorders; Disorders of the Spleen; Duodenum Conditions; Endoscopic Retrograde Cholangio Pancreatography (ERCP); Gastrointestinal (GI) Bleed; General Surgery; Haemorrhage; Helicobacter Pylori (H. Pylori); Hepato-Pancreato-Biliary (HPB) Surgery; Hernias; Jaundice; Laparoscopy; Laparotomy; Liver Disease; MR Cholangiopancreatography (MRCP); Oesophageal Disorders; Oesophago-gastro-deuodenosopy (OGD); Pancreas Dysfunction; Sarcoma; Stoma; Stomach Conditions; Twisted Bowel; Upper GI Surgery,https://www.mccollumconsultants.com/wp-content/uploads/2022/08/Max-almond-Grey-1-e1659457068968.jpeg,University Hospitals Birmingham NHS Foundation Trust,info@exp-w.com,+44 (0)161 218 0223,https://www.mccollumconsultants.com/expert-witness/max-almond/,General Surgery;Hepato-pancreato-biliary Surgery;Upper GI Surgery,ew-general-surgery; ew-hepato-pancreato-biliary-surgery; ew-upper-gi-surgery
Miss Caroline Blakey,"FRCS, MD(Res), PGCert HBE, MRCS, MBChB","""Miss Blakey enjoys a full medico-legal practice instructed by both Claimant and Defendant law firms in personal injury and clinical negligence cases.""","""Miss Blakey is a Paediatric Orthopaedic Surgeon with interest in developmental dysplasia of the hip (DDH) and hip preservation surgery at the Sheffield Children's Hospital and the Doncaster Royal Infirmary; she was appointed in April 2019."" Trained in hip arthroscopy, open hip preservation surgery in UK and Australia, and Paediatric Orthopaedics at Royal Children's Hospital Melbourne. Senior House Officer roles 2005-2008. Research Fellow 2008-2010. Specialist Training Registrar 2010-2016 across multiple specialties.","""Miss Blakey's consultant practise comprises of general paediatric orthopaedics and trauma, but she predominantly sees paediatric and adolescent hip disorders."" Adult hip preservation surgery practice at Doncaster Royal Infirmary.","""Academic Training Programme Director for trainees on the South Yorkshire Orthopaedic Training Rotation; a Clinical Supervisor for orthopaedic registrars at the Sheffield Children's Hospital and is responsible for the training of the Advanced Nurse Practitioner. Miss Blakey is Educational Lead for the department.""","""MD(res) degree from the St. Georges, University of London for her thesis entitled Anterior Instability of the Hip."" Research in cadaveric and animal models. Associate Principal Investigator for CRAFFT and SBOCK trials. ""Research interests lie within the field of paediatric and general orthopaedics including research on knee arthroplasty, tibial fractures, hip, and more.""","""Miss Blakey has published numerous journal articles, presentations, web publications, book chapters, academic courses, and audits. These include topics on periacetabular osteotomy, cheilectomy of the hip, arthroscopic surgical treatment, paediatric orthopaedic decision making, paediatric musculoskeletal infections, diagnosis and surgical treatment of hip disease, hip replacement, knee arthroplasty, tibial fractures and much more.""","Academic Training Programme Director. Clinical Supervisor for orthopaedic registrars. Educational Lead. Faculty for Chesterfield and Sheffield FRCS Clinical Examination Course and BOA clinical examination course. JCIE question writer for FRCS(T&O). Runs Sheffield Paediatric Orthopaedics and Trauma Skills Course. ""Postgraduate Certificate in Healthcare and Biomedical Education from the St. George's University of London"" (2010). Co-authored core trainee handbook. Initiated SHO teaching programme in Doncaster.",BSCOS / Orthopaediatrics Travelling Fellowship (2022); BOA Leadership Fellowship (2021); The Getty Plate Registrar Research Award - 2nd Prize (2018); Nick Kehoe Travelling Fellowship (2013); Zimmer IOA / BOA Passage to India Fellowship (2013); The Getty Plate Registrar Research Award - 1st Prize (2011); Registrar Research Award - 1st Prize (2010),International Society of Hip Preservation Surgery; British Society of Children's Orthopaedic Surgery; British Orthopaedic Association; British Hip Society,Developmental Dysplasia (DDH); Hip Injury; Hip Surgery; Ligament Reconstruction; Limb Deformity; Limb Realignment; Lower Limb Fractures; Paediatric; Paediatric Orthopaedics; Trauma & Orthopaedic Surgery,,Sheffield Children's Hospital and Doncaster Royal Infirmary,info@exp-w.com,+44 (0)161 218 0223,https://www.mccollumconsultants.com/expert-witness/caroline-blakey/,Orthopaedic Surgery; Paediatric; Paediatric Orthopaedics,ew-paediatric; ew-paediatric-orthopaedics; ew-trauma-and-orthopaedic-surgery
Mr Abhiram Sharma,"MBBS, MD, FRCS – Consultant Colorectal and General Surgeon","Established medico-legal practice in clinical negligence and personal injury. He accepts instructions from both Claimant and Defendant legal teams. Expertise includes colorectal cancer, inflammatory bowel disease, diverticular disease, pelvic floor disorders, faecal incontinence, rectal prolapse, complex perianal disease, stoma surgery, colorectal endoscopy, and complications from colorectal and general surgical treatment.","Consultant Colorectal and General Surgeon at Wythenshawe Hospital since July 2012. Member of hospital's colorectal cancer surgical team. Training included Yorkshire Deanery higher surgical training (Leeds, Hull, Sheffield), specialist pelvic floor and proctology training in Mannheim, Germany, and colorectal fellowship at University of Rochester, New York.",Colorectal cancer and minimally invasive surgery; pelvic floor disorders and faecal incontinence; inflammatory bowel disease; diverticular disease; perianal and proctological disease; colorectal endoscopy; general and abdominal wall surgery.,Clinical Governance and Mortality Review Lead for General Surgery at Wythenshawe Hospital. Treasurer of British Indian Colorectal Surgical Society (BRICSS). Involved in clinical audit and service-quality work.,"Colorectal surgery, with particular emphasis on pelvic floor disorders, faecal incontinence, anorectal physiology, rectal prolapse and intussusception, colorectal cancer and minimally invasive colorectal surgery.","Extensive peer-reviewed publication record in colorectal and gastrointestinal surgery. Work covers colorectal cancer, pelvic floor disorders, faecal incontinence, anorectal physiology, rectal prolapse, intussusception, sacral neuromodulation, haemorrhoidal disease, and gastrointestinal surgery.","Honorary Senior Lecturer role at the University of Manchester. Experience as Educational and Clinical Supervisor for foundation doctors, core surgical trainees, specialty trainees, and medical student teaching. Postgraduate research supervision in anorectal physiology and pelvic floor dysfunction.",,European Society of Coloproctology; Association of Coloproctology of Great Britain and Ireland; Fellow of the Royal College of Surgeons; Founding member of British Indian Colorectal Surgical Society,Abdominal Wall Surgery; Appendicitis; Biliary Tree Dysfunction; Bowel Cancer; Cholecystectomy; Colonoscopy; Colorectal Surgery; Disorders of Spleen; Duodenum Conditions; GI Bleed; General Surgery; Haemorrhage; Haemorrhoids; Hernias; Incontinence; Inflammatory Bowel Disease; Jaundice; Laparoscopy; Laparotomy; MRCP; Pelvic Floor; Pelvic Floor Disorders; Perianal Abscess; Reconstructive Surgery; Stoma; Stomach Conditions; Twisted Bowel,https://www.mccollumconsultants.com/wp-content/uploads/2021/10/R5_5537GC.jpg,"Wythenshawe Hospital, Manchester; McCollum Consultants (East Didsbury, Manchester)",info@exp-w.com,+44 (0)161 218 0223,https://www.mccollumconsultants.com/expert-witness/abhiram-sharma-colorectal-surgeon-medicolegal-expert-witness/,Colorectal Surgery;General Surgery,ew-colorectal-surgery; ew-general-surgery
Mr Adam Reid,"Consultant Plastic & Reconstructive Surgeon and Senior Clinical Lecturer, MBChB, MRCS, PhD, FRCS (Plast)","Mr Reid is registered with the Association of Personal Injury Lawyers (APIL), the UK Register of Expert Witnesses and the National Crime Agency (NCA). He is happy to be instructed by Claimant and Defendant law firms in both personal injury and clinical negligence cases. Mr Reid is happy to conduct home and prison visits and can produce reports within 12-14 weeks, sooner if required.","Mr Reid graduated from the University of Edinburgh Medical School in 2001. He undertook plastic surgery training in the North-West Deanery and a clinical fellowship at the Canniesburn Plastic Surgery Unit, Glasgow Royal Infirmary, concentrating on complex limb reconstruction. Currently, Mr Reid is a Consultant Plastic & Reconstructive Surgeon at the Wythenshawe Hospital, part of the Manchester University NHS Foundation Trust.","Mr Reid's specialist interests include trauma, microsurgery, nerve injury, and complex limb reconstruction.",,"Mr Reid leads a research team at the Blond McIndoe Laboratories, University of Manchester, focusing on peripheral nerve injury/regeneration and adipose-derived stem cells in reconstructive surgery. Since 2016, Mr Reid has been the Deputy and Reserve Editor for the Journal of Plastic, Reconstructive & Aesthetic Surgeons. Since 2018, he has been a member of the Scar Free Foundation Research Council (SFFRC). Mr Reid also collaborates with the University of Zimbabwe, examining trauma systems for open lower limb injuries.","Mr Reid has over 50 original academic and scientific publications in peer-reviewed journals, spanning injury and reconstruction in clinical research and laboratory-based science.","Mr Reid is a dedicated educational and clinical supervisor for Health Education England North West Deanery and trains plastic surgeons and medical students at all levels. At the University of Manchester, he lectures and serves on the committee for the Tissue Engineering & Regenerative Medicine (MSc) course and the Centre for Doctoral Training in Regenerative Medicine.",,"British Association of Plastic, Reconstructive and Aesthetic Surgeons; British Society for Surgery of the Hand",Complex Limb Reconstruction; Hand & Wrist Surgery; Hand Trauma; Ligament and Tendon Damage; Microsurgery; Nerve Injury; Plastic Surgery; Reconstructive Surgery; Scarring; Skin Graft/Flap; Soft Tissue Reconstruction; Tissue Transfer,https://www.mccollumconsultants.com/wp-content/uploads/2021/10/R5_5671GC.jpg,"Wythenshawe Hospital, Manchester",info@exp-w.com,+44 (0)161 218 0223,https://www.mccollumconsultants.com/expert-witness/adam-reid-plastic-surgeon/,Plastic Surgery,ew-plastic-surgery
Mr Alistair Phillips,"Consultant Hand, Wrist and Elbow Surgeon, MBBS FRCS (Tr & Orth), GMC 4718495","""Mr Phillips's objective is to provide the court with clear, impartial, and evidence-based medicolegal reports; he enjoys receiving instructions from both Claimant and Defendant law firms in personal injury and clinical negligence cases.""","Fellowship-trained Consultant Orthopaedic Surgeon on GMC Specialist Register in Trauma and Orthopaedic Surgery since December 2014. From February 2016 to November 2023 served as Consultant Hand and Trauma Surgeon at University Hospital Southampton Major Trauma Centre, completing eight years of service. ""During this period he performed more than 1 200 operative procedures, ranging from emergency fracture fixation to complex elective reconstructions."" Currently holds dual appointments as Consultant Orthopaedic Hand Surgeon with Phoenix Hospital Group and Wessex Nuffield Hospital. Outpatient clinics based at Wessex Nuffield Hospital, Chandlers Ford, Hampshire, and Phoenix Hospital, 9 Harley Street, London.","""Mr Phillips's clinical expertise covers the full spectrum of pathology affecting the hand, wrist and elbow."" Treats hand fractures, dislocations, scaphoid fractures, ligamentous injuries, tendon ruptures, nerve lesions, crush injuries, mallet finger, Dupuytren's contracture, trigger finger, De Quervain's tenosynovitis, ganglion cysts, and arthritic conditions. Wrist practice includes distal radius and scaphoid fractures, carpal bone fractures, ligament injuries, TFCC tears, carpal tunnel syndrome, SNAC, Kienbock's disease. Elbow management includes radial-head, olecranon and distal-humerus fractures, elbow dislocations, ligamentous instability, nerve-compression disorders, and tendinopathies. ""Mr Phillips maintains a specialist interest in advanced surgical techniques, particularly Wide Awake Local Anaesthesia No Tourniquet (WALANT) procedures and ultrasound-guided hand surgery.""","Held role of Trauma Lead (2019-2022) and Lead for Procurement in Trauma & Orthopaedics (2016-2023) at University Hospital Southampton. Represented United Kingdom on FESSH Relationship Committee (2019-2020). Acts as Clinical Director at Apricot Implants, Aurora Medical. Chaired multidisciplinary hand-injury team, coordinating care with physiotherapists, occupational therapists and hand therapists.","""Mr Phillips's research focuses on hand surgery, particularly wide-awake techniques, local anaesthetic optimisation, finger arthritis and carpal tunnel syndrome."" Clinical Director of Apricot Implants, addressing peri-operative analgesia, long-term outcomes of minimally invasive hand surgery and cost-effectiveness of ultrasound-guided nerve-compression treatments.","""Mr Phillips has authored peer-reviewed articles in high-impact journals such as Hand Clinics, Hip International, Journal of Orthopaedic Surgery, Injury and the European Journal of Emergency Medicine."" Contributed multiple book chapters to Wide Awake Hand Surgery and related titles. Awarded BSSH DVD Prize in 2014 for instructional video ""Wide Awake Hand Surgery Basics."" Publications address soft-tissue injury management, upper-limb musculoskeletal clinical trials, and biomechanics of wrist arthroplasty.","Holds PG Cert in Medical Education from Peninsula University. Delivered keynote lectures for IFSSH, Belgian Hand Society and ASPC. Served as invited faculty for advanced surgical courses in UK and France. Previously acted as Educational Supervisor. Member of British Society for Surgery of the Hand, Royal College of Surgeons of England, and ASPC (Council Member). Currently completing Cardiff University Bond Solon Expert Witness Certificate.","University Hospital Southampton Hospital Hero Award for establishing Trauma Admission Unit; British Orthopaedic Association Trauma Fellowship, Calgary, Canada; British Society for Surgery of the Hand DVD Prize for ""Wide Awake Hand Surgery Basics"" (2014).","Fellow, Royal College of Surgeons of England (FRCS Eng); Member, British Society for Surgery of the Hand (BSSH); Council Member, Association of Surgeons in Primary Care (ASPC); Member, Federation of European Societies for Surgery of the Hand (FESSH).",Elbow Surgery; Hand & Wrist Surgery; Hand Trauma; Nerve Injury; Reconstructive Surgery; Sports Injury; Trauma & Orthopaedic Surgery; Upper Limb Surgery; Wrist Surgery; Wrist Trauma,https://www.mccollumconsultants.com/wp-content/uploads/2026/08/Alistair_Phillips_CG.jpg,"Wessex Nuffield Hospital, Chandlers Ford, Hampshire; Phoenix Hospital, 9 Harley Street, London",info@exp-w.com,+44 (0)161 218 0223,https://www.mccollumconsultants.com/expert-witness/alistair-phillips/,Orthopaedic Surgery,ew-trauma-and-orthopaedic-surgery
Mr Alun Wall,"MBChb, MRCS (Eng.), FRCS (Trauma &Orth)","""Mr Wall is registered with the Association of Personal Injury Lawyers (APIL), the National Crime Agency (NCA), and the UK Register of Expert Witnesses. Mr Wall enjoys a full medico-legal practice instructed by both Claimant and Defendant law firms in actions relating to personal injury and clinical negligence. Mr Wall holds weekly medico-legal clinics in Manchester, but is happy to travel in order to conduct home and prison visits. He can usually turnaround reports within 14-16 weeks, sooner if required.""","""Mr Alun Wall has been a Consultant Trauma & Orthopaedic Surgeon and the Clinical Lead for Hip Surgery at the Royal Bolton Hospital NHS Foundation Trust since 2014. He has extensive experience in general orthopaedic and trauma surgery, with a specialist interest in hip surgery. Since taking over as Clinical Lead for Hip Surgery, Mr Wall has improved Bolton's performance significantly; it is now one of the best performing hospitals in the country for hip fracture care.""","""Mr Wall has a special interest in hip fractures, hip replacement and hip arthroscopy. He also has a special interest in soft tissue reconstruction of the hip, robotically assisted hip surgery, general orthopaedic & trauma surgery, musculoskeletal (MSK) injuries including whiplash type injuries, lower limb surgery, young adult hip and knee conditions and sports injuries of the hip and knee.""","Clinical Lead for Hip Surgery, Royal Bolton Hospital NHS Foundation Trust (since 2014)",,"""Mr Wall has published widely in peer-reviewed journals, covering aspects of hip surgery, hip fracture and hip arthroscopy.""","""Mr Wall is an Honorary Senior Lecturer in Orthopaedic Surgery at the University of Salford, which includes extensive teaching of undergraduate and postgraduate students. He regularly teaches on hip replacement and trauma surgery courses, as well as a course for the orthopaedic fellowship exams. In addition, he is actively involved in the training of junior surgeons within the NHS. Mr Wall is frequently invited to lecture nationally and internationally.""",,British Hip Society (BHS); British Orthopaedic Association (BOA); Fellow of the Royal College of Surgeons (RCS); British Medical Association (BMA),Amputation; Arthritis; Arthroscopy; Back Pain; Cartilage Dysfunction; Crush Injury; Degenerative Bone Disorders; Fractures; Gout; Hip Injury; Hip Surgery; Joint Replacement; Knee Injury; Knee Surgery; Laparoscopy; Ligament and Tendon Damage; Lower Limb Surgery; Osteonecrosis & Osteomyelitis; Reconstructive Surgery; Sports Injury; Trauma & Orthopaedic Surgery; Whiplash; X-Ray; Young Adult Hip & Knee Conditions,https://www.mccollumconsultants.com/wp-content/uploads/2021/10/R5_6675GC.jpg,Manchester; Royal Bolton Hospital NHS Foundation Trust,info@exp-w.com,+44 (0)161 218 0223,https://www.mccollumconsultants.com/expert-witness/alun-wall-orthopaedic/,Orthopaedic Surgery,ew-trauma-and-orthopaedic-surgery
Mr Amir Sepehripour,"BSc (Hons), MBBS (Hons), MRCS, FRCS-CTh","Mr Sepehripour accepts instructions from both Claimant and Defendant law firms in personal injury and clinical negligence cases. His relevant clinical expertise as a Consultant Cardiothoracic Surgeon encompasses adult cardiac surgery and includes minimally invasive and endoscopic cardiac surgery, mitral valve repair, off-pump coronary artery bypass grafting and complex aortic surgery, alongside experience in trauma management and emergency cardiac and thoracic care.","Mr Sepehripour is a Consultant Cardiothoracic Surgeon at Manchester University NHS Foundation Trust, performing the full range of adult cardiac surgery operations. He also brings extensive experience in trauma management, having worked at all four of London's Major Trauma Centres, as well as continuing to treat trauma cases at Manchester Royal Infirmary. This broad experience ensures a comprehensive skill set in both elective and emergency cardiac and thoracic care.","Mr Sepehripours clinical interests center around advanced techniques in cardiac surgery, with a particular focus on minimally invasive and endoscopic approaches to improve patient outcomes and recovery. He specialises in complex procedures including mitral valve repair surgery, striving to restore valve function whenever possible, as well as off-pump coronary artery bypass graft surgery to avoid the complications associated with cardiopulmonary bypass. Furthermore, he has a strong interest and expertise in the challenging field of complex aortic surgery, addressing a range of aortic pathologies with the goal of long-term durability and improved quality of life for his patients.","Mr Sepehripour has extensive leadership experience within cardiac surgery. He spearheaded the development of a comprehensive minimally invasive cardiac surgery programme at Manchester Foundation Trust, driving innovation and improved patient care. Further demonstrating his commitment to optimising patient pathways, he actively participated in a working group focused on developing a streamlined day of surgery admission process for elective cardiac surgery at the same institution. Beyond local contributions, he represents Manchester Foundation Trust on a national level as a Co-representative for the Society for Cardiothoracic Surgery (SCTS) Board of Representatives (BORS), contributing to broader advancements in the field.","Mr Sepehripour is actively engaged in academic research as an Honorary Senior Clinical Lecturer at the University of Manchester, within the Manchester Academic Health Science Centre. He serves as the Primary Investigator at Manchester Foundation Trust for three ongoing international randomised controlled trials (RCTs), demonstrating a commitment to advancing evidence-based practice in cardiac surgery. His research specifically focuses on the development and evaluation of techniques in minimally invasive and endoscopic cardiac surgery, aiming to improve patient outcomes and refine surgical approaches.","Mr Sepehripour has built a wealth of peer-reviewed publications, totaling 38 articles in leading journals, alongside five published book chapters. He is also a sought-after speaker, presenting his work at 26 international and 12 national conferences.","Mr Sepehripour demonstrates a strong commitment to education and training, demonstrated by his position as an Honorary Senior Clinical Lecturer at the University of Manchester (Manchester Academic Health Science Centre) and a longstanding record of both undergraduate and postgraduate teaching. He is also recognised for his dedication to developing the next generation of cardiac surgeons, consistently achieving the highest training numbers amongst all colleagues at Manchester Foundation Trust.","Local Clinical Excellence Award, Manchester University NHS Foundation Trust - 2024; HEE North West School of Surgery, Certificate of Excellence in Education in the Workplace - 2022; NTN Travelling Exceptional Fellowship Award (SCTS-Ionescu) – 2019; Gold Award, School of Surgery Training Awards, North Western Deanery – 2012; Gold Award, School of Surgery Training Awards, North Western Deanery – 2011; Distinction in Clinical Practice, Imperial College London – 2008; Merit in Surgery, Imperial College London – 2008; Merit in Clinical Pharmacology, Imperial College London – 2008; Merit in Clinical Medicine and Surgery, Imperial College London - 2005",General Medical Council (GMC); The Royal College of Surgeons of England; Society for Cardiothoracic Surgery in Great Britain and Ireland (SCTS); British and Irish Society for Minimally Invasive Cardiac Surgery (BISMICS); Medical Protection Society,Cardiac Surgery; Cardiothoracic Surgery; Chronic obstructive pulmonary disease (COPD); Congenital Heart Disease; Coronary Artery Bypass Grafting; Heart Failure; Heart Valve Disease; Heart Valve Repair/Replacement; Lung Cancer; Minimally Invasive Surgery; Thoracic Surgery,https://www.mccollumconsultants.com/wp-content/uploads/2025/05/Amir_Sepehripour_002-CG.jpg,Manchester University NHS Foundation Trust,info@exp-w.com,+44 (0)161 218 0223,https://www.mccollumconsultants.com/expert-witness/amir-sepehripour/,Cardiothoracic Surgery,ew-cardiothoracic-surgery
Mr Amit Kumar,"FRCS Ed, MRCS, MB BS, BSc","""Mr Kumar is registered with the Association of Personal Injury Lawyers (APIL), the National Crime Agency (NCA), and the UK Register of Expert Witnesses. He has completed the Bond Solon Medicolegal Cardiff University Certification. He is happy to be instructed by both Claimant and Defendant law firms in personal injury and clinical negligence actions with a Claimant/Defendant split of 50:50. Mr Kumar can usually turnaround reports within 6-8 weeks, sooner if required.""","""Mr Kumar is a Consultant Orthopaedic & Oncological Surgeon at the Manchester University NHS Foundation Trust. He qualified at the University College London Medical School in 2003 and went onto undertake his early surgical training in the North West. Mr Kumar has completed fellowships in lower limb arthroplasty and sarcoma in the University Hospitals of Leicester NHS Trust, the Nottingham University Hospitals NHS Trust, and the Wrightington, Wigan, and Leigh NHS Foundation Trust.""","""Mr Kumar has special interests in musculoskeletal oncology, in particular soft tissue sarcomas, bone tumours, metastatic bone disease, and hip and knee surgery including joint replacement.""","""Mr Kumar is the Clinical Director of Sarcoma and Metastatic Bone Disease for Greater Manchester Cancer Board and Manchester University Hospitals. He sits on National and Regional Boards for Sarcoma.""","""Mr Kumar has research interests in areas of arthroplasty and sarcoma.""","""Mr Kumar has many publications both nationally and internationally.""","""Mr Kumar is an Honorary Senior Lecturer at the University of Manchester where he is an Academic Supervisor and a Clinical Supervisor to undergraduate medical students. Mr Kumar is a Lecturer and course organiser for Postgraduate Orthopaedics Surgeons in the North West Training Programme. He also is a Faculty and Course Organiser for the Orthopaedic Oncology Diploma, Royal College of Surgeons London.""",,British Orthopaedic Oncology Society (BOOS); British Sarcoma Group (BSG); British Association for Surgery of the Knee (BASK); British Hip Society (BHS); British Orthopaedic Association (BOA); Royal College of Surgeons of Edinburgh (RCSEd),Arthroplasty; Bone Tumours; Chondrosarcoma; Chordoma; Ewing Sarcoma; Hip Surgery; Knee Surgery; Metastatic Bone Disease; Orthopaedic Oncology; Osteosarcoma; Pathological Fractures; Sarcoma; Spindle Cell Carcinoma; Total Hip Replacement; Trauma & Orthopaedic Surgery,https://www.mccollumconsultants.com/wp-content/uploads/2024/01/Amit_Kumar_Crop_grey.jpg,Manchester University NHS Foundation Trust,info@exp-w.com,+44 (0)161 218 0223,https://www.mccollumconsultants.com/expert-witness/amit-kumar/,Orthopaedic Surgery,ew-trauma-and-orthopaedic-surgery
Mr Badri Narayan,"MS, M.Ch (Orth), FRCS (Tr. & Orth), PG Dip (Med Law)","""Mr Narayan is registered with the Association of Personal Injury Lawyers (APIL), the National Crime Agency (NCA), and the UK Register of Expert Witnesses. He is happy to be instructed by both Claimant and Defendant law firms in personal injury and clinical negligence actions. Mr Narayan can usually turn around reports within 6-8 weeks, sooner if required.""","""Mr Narayan has been a Consultant in Orthopaedic Trauma and Limb Reconstruction at the Liverpool University Hospitals NHS Foundation Trust since 2002. He began his medical career in India in 1987. He passed the FRCS (Surg) in 1995, and commenced Specialist Registrar training in trauma and orthopaedic surgery in the Liverpool Rotation in 1996, completing his final year of training in Belfast at the Royal Victoria Hospital, the Musgrave Park Hospital, and the Queen's University Belfast.""","""Mr Narayan treats orthopaedic trauma and major trauma, including patients with multiple injuries. His specific area of acute trauma expertise is in treating complex fractures of both upper and lower limbs, multiply injured patients, open fractures, and the use of external fixation devices such as Ilizarov frames for severe fractures. His entire elective practice is in the treatment of complications of fractures and fracture treatment, and in limb deformity.""","""Mr Narayan was a Programme Director for specialist orthopaedic training for the Mersey Orthopaedic Rotation from 2008 till 2012. He was a Clinical Lead for Limb Reconstruction, Spine, Foot and Ankle, and Tumour Services from 2010 till 2011. He was an associate Clinical Director for Trauma at the Royal Liverpool University Hospital from 2011 till 2016, and continues to be the Lead for Limb Reconstruction Surgery.""","""Mr Narayan's research interests include the management and outcomes of fractures and limb deformities using internal and external fixation. He has attended and presented at over 100 courses and conferences on orthopaedics and trauma worldwide.""","""Mr Narayan has published four book chapters, two dissertations, over 30 articles in peer-reviewed journals, and has presented over 60 presentations at global conferences for the British Limb Reconstruction Society, the British Orthopaedic Association, and more. His publications and presentations include research on trauma and fracture healing, skeletal deformity, fracture-related infection, and in the field of limb reconstruction.""","""Mr Narayan has been an Examiner for the Intercollegiate Surgical Board since 2009, for the International Surgical Board since 2017, and an Assessor from 2019. He has also been an Honorary Senior Lecturer at the Edge Hill University since 2012, and was an Honorary Clinical Lecturer at the University of Liverpool from 2008 till 2016. He has been a Co-Supervisor for the International Limb Reconstruction since 2006, and has been invited and guest lectured at over 30 lectures across the world.""",,"British Limb Reconstruction Society (BLRS); British Orthopaedic Association (BOA); Orthopaedic Trauma Association (USA) (OTA); Orthopaedic Trauma Society (UK) (OTS); European Bone and Joint Infection Society (EJIS); South African Limb Reconstruction Society; Limb Lengthening and Reconstruction Society (USA) (LLRS); British Orthopaedic Foot and Ankle Society (BOFAS); 2015-2017 Council Member for British Limb Reconstruction Society; 2015-2018 Member of Specialist Advisory Committee for Trauma and Orthopaedics; 2016-2017 British Orthopaedic Association Representative for Outcomes Assessment for Limb Reconstruction, and Webmaster for British Limb Reconstruction Society; 2016-2019 Member of Training Standards Committee of British Orthopaedic Association",Amputation; Compartment Syndrome; Complications of Fracture Treatment; Complications of Fractures; External Fixation; Fractures; Limb Deformity; Limb Length Discrepancy; Lower Limb Surgery; Multi trauma; Non-union and Malunion; Osteonecrosis & Osteomyelitis; Polytrauma; Trauma & Orthopaedic Surgery,https://www.mccollumconsultants.com/wp-content/uploads/2023/02/Badri-Narayan_edit-1-scaled-e1676022280172.jpg,Liverpool University Hospitals NHS Foundation Trust,info@exp-w.com,+44 (0)161 218 0223,https://www.mccollumconsultants.com/expert-witness/badri-narayan/,Orthopaedic Surgery,ew-trauma-and-orthopaedic-surgery
Mr Bilal Barkatali,"MBChb, MRCS, FRCS","""Mr Barkatali has been providing medico-legal advice for a number of years. He is registered with the Association of Personal Injury Lawyers (APIL), the National Crime Agency (NCA) and the UK Register of Expert Witnesses. Mr Barkatali enjoys a full medico-legal practice instructed by both Claimant and Defendant law firms in personal injury and clinical negligence actions. Mr Barkatali holds weekly medico-legal clinics in Manchester, but is happy to travel in order to conduct home and prison visits. His Claimant/Defendant ratio split is approximately 90/10 and he can usually turnaround reports within 10-12 weeks, sooner if required.""","""Mr Bilal Barkatali has been a Consultant Trauma & Orthopaedic Surgeon at Salford Royal NHS Foundation Trust since 2014. He has extensive experience in major & poly-trauma surgery, general trauma & elective surgery, musculoskeletal injuries, specialist surgery of the knee and hip including joint replacement surgery, soft tissue surgery, limb realignment surgery and joint preservation surgery.""","""Mr Barkatali has a special interest in sports injuries and trauma related pathology of the knee, anterior cruciate ligament (ACL)/multi-ligament reconstruction, meniscal repair/resection, patello-femoral instability, medial patello-femoral ligament (MPFL) reconstruction, and tibial surgery for degenerative pathology.""",,"""Mr Barkatali is the Clinical Lead for Research at the Salford Royal NHS Trust and has an active research interest in a range of orthopaedic topics such as stem cell and biological treatments, tissue bioengineering, biomechanics, and gait analysis.""","""Mr Barkatali has published peer-reviewed research articles and numerous book chapters. He is currently involved in a number of on-going projects in his role as the Clinical Lead for Research at the Salford Royal Hospital NHS Trust.""","""Mr Barkatali is a keen educator and holds an honorary senior lectureship at the University of Manchester. He has been invited to give presentations at both national and international meetings/conferences.""",Peter Mallimson Bursary (Best Basic Science Paper 2012 & 2013); European Shock Society Travel Award (2013),"Honorary Secretary, North West Orthopaedic Association; Chair of the Manchester Knee Society; Fellow of the Royal College of Surgeons of Edinburgh (RCS); British Orthopaedic Association (BOA); British Association for Surgery of the Knee (BASK); European Society Sports Traumatology Knee Surgery & Arthroscopy (ESSKA); North West Orthopaedic Association",Amputation; Arthritis; Arthroscopy; Cartilage Dysfunction; Crush Injury; Degenerative Bone Disorders; Fractures; Gout; Joint Replacement; Knee Ligaments; Knee Surgery; Laparoscopy; Ligament and Tendon Damage; Limb Realignment; Lower Limb Surgery; Medial Patellofemoral Ligament (MPFL) Reconstruction; Meniscal Surgery; Osteonecrosis & Osteomyelitis; Reconstructive Surgery; Sports Injury; Tibial Surgery; Trauma & Orthopaedic Surgery; X-Ray,https://www.mccollumconsultants.com/wp-content/uploads/2021/10/R5_6284GC.jpg,Manchester (Salford Royal NHS Foundation Trust),info@exp-w.com,+44 (0)161 218 0223,https://www.mccollumconsultants.com/expert-witness/bilal-barkatali-trauma-orthopaedic/,Orthopaedic Surgery,ew-trauma-and-orthopaedic-surgery
Mr David Iles,"Consultant Subspecialist Urogynaecologist; MD, MRCOG, MBChB, BSc (Hons); CCT with Subspecialist Accreditation in Urogynaecology; Bond Solon (CUBS) Expert Witness Cert","""Mr Iles has completed the Cardiff University Bond Solon (CUBS) medico-legal training in report writing, courtroom skills, and civil procedure rules. He is happy to receive instructions from both Claimant and Defendant law firms in personal injury and clinical negligence cases, and is willing to attend court if required. He has a particular interest in cases involving mesh complications and complex pelvic floor surgery.""","""Mr Iles is a Consultant Subspecialist Urogynaecologist and Clinical Lead of the Warrell Unit at St Mary's Hospital, Manchester University NHS Foundation Trust, one of the largest tertiary urogynaecology referral centres in the United Kingdom. He has more than twenty years' experience in obstetrics and gynaecology, the last decade focused on subspecialty practice in urogynaecology and pelvic floor surgery. He holds full subspecialty accreditation in urogynaecology, awarded on completion of formal subspecialty training, and his NHS practice is devoted entirely to the assessment and surgical management of women with pelvic floor disorders.""","""Mr Iles's clinical interests centre on the surgical management of pelvic-organ prolapse, with a strong emphasis on minimally invasive (laparoscopic and robotic) techniques that aim to reduce morbidity while preserving functional outcomes. He is actively involved in advancing mesh-related care, both by refining removal and revision strategies for incontinence and prolapse mesh and by contributing to institutional protocols that mitigate complications. His focus also extends to the management of urinary incontinence, ranging from open and robotic-assisted colposuspension to the refinement and application of autologous fascial sling techniques. Recognising the long-term impact of childbirth trauma, Mr Iles dedicates a substantial portion of his practice to obstetric anal sphincter injury and other pelvic floor injuries sustained during delivery, integrating surgical repair with multidisciplinary rehabilitation. He places particular emphasis on ensuring that rigorous consent processes and transparent peri-operative decision-making are consistently upheld, so that women are fully informed about the benefits, risks and alternatives of each intervention.""","""As Clinical Lead for Urogynaecology at the Warrell Unit, St Mary's Hospital, Mr Iles is responsible for service development, clinical governance, and the design and delivery of multidisciplinary care pathways for women with pelvic floor disorders. He leads one of the largest tertiary urogynaecology and mesh complications services in the United Kingdom. He is also Undergraduate Lead for Gynaecology at St Mary's Hospital.""","""Mr Iles was awarded an MD by the University of Manchester for research in urogynaecology, undertaken during a period as Clinical Research Fellow at St Mary's Hospital. His research interests include surgical outcomes following pelvic floor surgery, patient-reported outcome measures and body image in urogynaecology, the management and outcomes of mesh-related complications, and the consequences of obstetric anal sphincter injury.""","""Mr Iles has authored peer-reviewed publications in the field of urogynaecology and pelvic floor disorders, including work on surgical outcomes following mesh excision, patient-reported outcome measures and body image in urogynaecology, and the consequences of obstetric anal sphincter injury. His academic work reflects his subspecialty clinical focus. A full publication list is available on request.""","""Mr Iles is Chair of the Training Committee of the British Society of Urogynaecology (BSUG) and the BSUG representative on the Subspecialty Training Committee of the Royal College of Obstetricians and Gynaecologists (RCOG). He is Undergraduate Lead for Gynaecology at St Mary's Hospital. He is the subspecialty training programme supervisor for subspecialty trainees in urogynaecology at Manchester University NHS Foundation Trust, and has held national and international faculty roles in urogynaecology education, including teaching at the RCOG Surgical Masterclass, the BSUG Annual Scientific Meeting and the British and Irish Association of Robotic Gynaecological Surgeons Annual Meeting.""","Winning Research Presentation, British Society of Urogynaecology (BSUG) Annual Scientific Meeting (2018)","Member of the Royal College of Obstetricians and Gynaecologists (RCOG); British Society of Urogynaecology (BSUG) - Chair, Training Committee; RCOG Subspecialty Training Committee member (BSUG representative); Member of the International Urogynaecological Association (IUGA); Member of the British and Irish Association of Robotic Gynaecological Surgeons (BIARGS); General Medical Council (GMC)",Bladder Conditions; Bladder Pain; Colposuspension; Cystocele; Gynaecology; Mesh Erosion; Mesh Infection; Mesh Injury; Mesh Removal; Overactive bladder; Pelvic Floor; Pelvic Floor Disorders; Pelvic Floor Surgery; Rectocele; Stress Urinary Incontinence; Urge Incontinence; Urinary Incontinence; Urinary Tract Infections (UTI); Urogynaecology; Urology; Uterine Prolapse; Vaginal Mesh Complications; Vaginal Prolapse; Vault Prolapse; Voiding Dysfunction,https://www.mccollumconsultants.com/wp-content/uploads/2026/07/David-Iles_CG.jpg,"St Mary's Hospital, Manchester University NHS Foundation Trust, Manchester, United Kingdom",info@exp-w.com,+44 (0)161 218 0223,https://www.mccollumconsultants.com/expert-witness/david-iles/,Urology,ew-urology
Mr David Mowatt,"BDS, FDSRCS, MBBS, FRCS(Plast), MD",Mr Mowatt has attended medico-legal training. He is happy to be instructed by both Claimant and Defendant law firms in personal injury and clinical negligence cases.,"Mr David Mowatt graduated in Medicine and Surgery from the St George's Hospital, London in 1997, having previously trained in maxillofacial surgery. Following his general surgical training, he undertook specialist training in reconstructive and cosmetic surgery. He was later awarded his Doctorate from University College London for research into tissue bioengineering and regenerative medicine undertaken at the Great Ormond Street Hospital for Children. Since 2010, Mr Mowatt has been a consultant at The Christie NHS Foundation Trust. Alongside this, Mr Mowatt runs a parallel private practice, undertaking a similar scope of work.","Mr Mowatt specialises in cancer surgery and reconstructive surgeries following cancer treatments. His practice focuses on sarcoma surgery, including dermatofibrosarcoma protuberans (DFSP). He also has a keen focus on all forms of skin cancer including malignant melanoma, squamous cell carcinoma, basal cell carcinoma, and rare skin cancers.",Mr Mowatt was the Clinical Lead for the Plastic Surgery Department between 2013-2018 at the Christie NHS Foundation Trust. He now enjoys his position as Education Lead at the same Trust.,Mr Mowatt is involved in trials assessing effectiveness of new technologies in surgical resection margins.,Mr Mowatt has published over 30 peer reviewed papers on plastic surgery and oncology topics and presents his work nationally and internationally.,"Mr Mowatt is actively involved in the postgraduate training of future plastic surgeons. He is currently the Educational Lead for trainee plastic surgeons who rotate through the Christie, and is an Educational and Clinical supervisor for the Northwest Deanery. He teaches and supervises medical students from the University of Manchester. He also sits on the Annual Review of Competence Progression panel of the Northwest Deanery.",Fellowship in Plastic Surgery of the Royal College of Surgeons FRCS (Plast) in 2009.,Advisor to the Macmillan Cancer charity on management of melanoma; Member of Sarcoma Pathway Board for Manchester Cancer Alliance; Member of Skin Pathway Board for Manchester Cancer Alliance; Fellow of the Royal College of Surgeons of England,Basal Cell Carcinoma; Flap Reconstruction; Lymph Node Dissection; Melanoma; Microsurgery; Oncology; Perineal Reconstruction; Plastic Surgery; Reconstructive Surgery; Sarcoma; Sentinel Lymph Node Biopsy; Skin Cancer; Skin Graft/Flap; SLNB; Squamous Cell Carcinoma (SCC),https://www.mccollumconsultants.com/wp-content/uploads/2024/04/David_Mowatt_CG.jpg,The Christie NHS Foundation Trust,info@exp-w.com,+44 (0)161 218 0223,https://www.mccollumconsultants.com/expert-witness/david-mowatt/,Oncology; Plastic Surgery,ew-oncology; ew-plastic-surgery
Mr David Smith,"BSc (Hon) Biochemistry, MBChB, FRCS, PGCE","Mr Smith is currently undergoing his expert witness training. Mr Smith is registered with Association of Personal Injury Lawyers (APIL), the National Crime Agency (NCA) and the UK Register of Expert Witnesses. He is happy to be instructed by Claimant and Defendant law firms in both personal injury and clinical negligence cases.","Mr Smith began his basic surgical training in the Mersey Deanery in 2002, continuing his higher surgical training across the Northwest hospitals including the Stepping Hill Hospital, University Hospital South Manchester, Royal Oldham Hospital, and the Manchester Royal Infirmary, undertaking his laparoscopic colorectal fellowship at the Aberdeen Royal Infirmary in 2011. Mr Smith gained his Certificate of Completion of Training (CCT) and entry onto the Specialist Register in January 2012.","Management of benign and malignant rectal lesions, with special interest in laparoscopic and minimally-invasive procedures. He has introduced the new and innovative trans-anal minimally invasive surgery (TAMIS) procedure.","During Mr Smith's BSc Honours degree in Biochemistry, he undertook a laboratory-based research project on the effects of diadenosine polyphosphates on renal gluconeogenesis.",Mr Smith contributed to ongoing research projects in Transplant Surgery and has been involved in numerous clinical audits and clinic-based projects.,"Mr Smith has published four papers and four abstracts across a variety of world-renowned journals on topics such as stenting in large bowel obstruction, laparoscopic cholecystectomy, and faecal diversion.","Mr Smith is a registered Joint Advisory Group on GI Endoscopy (JAG) Endoscopy Trainer, having completed the Training the Trainer course.","Erasmus International Exchange Programme, The Netherlands, 2001",Association of Personal Injury Lawyers (APIL); National Crime Agency (NCA); UK Register of Expert Witnesses,Bowel Cancer; Bowel Obstruction; Colonic Polyps; Colonoscopy; Colorectal (Lower GI) Surgery; Gastrointestinal (GI) Bleed; Gastrostomy; General Surgery; Haemorrhoids; Hernias; Incontinence; Inflammatory Bowel Disease (IBD); Laparoscopy; PEG tube; Perianal Abscess; Polypectomy; Rectal Cancer; Rectopexy; Trans-anal Minimally Invasive Surgery (TAMIS); Upper GI Surgery,https://www.mccollumconsultants.com/wp-content/uploads/2022/11/Dave-Smith-grey-background4-1-e1669386740432.jpg,Royal Bolton Hospital NHS Trust,info@exp-w.com,+44 (0)161 218 0223,https://www.mccollumconsultants.com/expert-witness/david-smi/,Colorectal Surgery;General Surgery;Upper GI Surgery,ew-colorectal-surgery; ew-general-surgery; ew-upper-gi-surgery
Mr Derek Lang,"MBChb, FRCS (Eng), FRCS (Orth)","""Mr Lang has been providing medico-legal advice for a number of years. He has undergone his expert witness training. He is registered with APIL, AvMA, National Crime Agency (NCA) and the UK Register of Expert Witnesses. Mr Lang enjoys a full medico-legal practice representing both Claimant and Defendant law firms in actions relating to personal injury and clinical negligence. Mr Lang holds weekly medico-legal clinics in Manchester, but may be available to travel in order to conduct home visits. He can usually turnaround reports within 6-8 weeks, sooner if required.""","""Mr Lang has been a Consultant Trauma & Orthopaedic Surgeon at the Wythenshawe Hospital, part of the Manchester University Hospitals NHS Trust, for over 23 years and until recently, was the Clinical Lead for Orthopaedic Surgery. In addition to dealing with elective orthopaedic procedures of the lower limbs - particularly knee procedures - he has provided a general on-call emergency service for the Major Trauma Centre in Manchester, which covers a large area of the North West of England. He also works closely with the plastic and reconstructive surgeons at the Wythenshawe Hospital in joint management of serious trauma.""","""Mr Lang has a special interest in musculoskeletal trauma, sporting injuries to the lower limb, arthroscopic surgery of the knee, knee ligament reconstruction, and primary knee and hip replacement. He has an extensive experience of hip surgery for trauma and reconstruction, currently providing senior support for the regional Hip Fracture Unit at the Manchester NHS Foundation Trust.""",Clinical Lead for Orthopaedic Surgery (until recently),"""He is currently researching the correction of long bone deformity and fracture healing assessment using echosonography and callus mapping.""","""Mr Lang has published widely in peer-reviewed journals on lower limb reconstruction.""","""Mr Lang is an Honorary Senior Lecturer at the University of Manchester. He is responsible for the training and teaching of undergraduate and postgraduate students in the field of orthopaedics, trauma and in particular, disorders of the knee. He is also frequently invited to lecture on lower limb reconstruction at both national and international lectures.""",,British Medical Association; British Orthopaedic Association; British Association for Surgery of the Knee; Royal College of Surgeons,Amputation; Arthritis; Arthroscopy; Cartilage Dysfunction; Complex Fracture; Crush Injury; Degenerative Bone Disorders; Fractures; Hip Surgery; Joint Replacement; Knee Surgery; Ligament and Tendon Damage; Ligament Reconstruction; Lower Limb Surgery; Major Trauma; Open Long Bone Fracture; Osteonecrosis & Osteomyelitis; Reconstructive Surgery; Sports Injury; Total Hip Replacement; Trauma & Orthopaedic Surgery,https://www.mccollumconsultants.com/wp-content/uploads/2021/10/R5_5708GC.jpg,"Manchester (Wythenshawe Hospital, Manchester University Hospitals NHS Trust)",info@exp-w.com,+44 (0)161 218 0223,https://www.mccollumconsultants.com/expert-witness/derek-lang-trauma-orthopaedic/,Orthopaedic Surgery,ew-trauma-and-orthopaedic-surgery
Mr Edward Yates,MBChB MRCS (Ed) FRCS (Tr & Orth),"""Mr Yates has been acting as an expert witness for over 10 years and produced over 4000 reports. Mr Yates has undergone expert witness training and enjoys receiving instructions from both Claimant and Defendant law firms in personal injury and clinical negligence cases.""","""Mr Edward Yates is a Consultant Orthopaedic Surgeon based in Cheshire and Manchester at The Highfield Hospital and HCA The Wilmslow Hospital. Mr Yates practises in the NHS at Stepping Hill Hospital where he specialises in conditions of the Hip. He studied Medicine at the University of Aberdeen, before moving back to the North West of England upon qualification. He underwent specialist Orthopaedic training and has a strong interest in research and training. He has also undertaken several visits to international centres, and regularly attends national and international conferences focusing on advances in hip surgery, as well as patient safety and enhanced recovery. Mr Yates has been invited to lecture at both regional and international meetings and is a member of the National Orthopaedic Data Evaluation Panel, where he is involved in the assessment and scrutiny of hip and knee prostheses.""","""Mr Yates specialises in all lower limb trauma including hip fractures, femoral fractures and peri-prosthetic fractures, hip arthroplasty (total hip replacement) and revision hip surgery.""","""Mr Yates currently sits on the National Orthopaedic Data Evaluation Panel and is the procurement lead at Stepping Hill Hospital.""","""Mr Yates specialises in all lower limb trauma including hip fractures, femoral fractures and peri-prosthetic fractures, hip arthroplasty (total hip replacement) and revision hip surgery.""","""Mr Yates has published and co-authored multiple papers and case reports. Examples include: European Journal of Orthopaedic Surgery & Traumatology. Ligament tissue engineering and its potential role in anterior cruciate ligament reconstruction. The effect of a knee brace on hip flexion and adduction.""","""Mr Yates is involved in teaching and training both undergraduate and postgraduate students. He does advanced teaching to Orthopaedic Registrars during their Hip module. He also helps prepare trainees for the MRCS and FRCS examinations. Mr Yates has also been invited to provide lectures to sixth form students where he attended School.""",Cavendish Hip Fellowship; North West Trainee of the year award: 2013,British Hip Society; British Orthopaedic Association; Royal College of Surgeons Edinburgh; British Medical Association,Arthritis; Complex Fracture; Complex Limb Reconstruction; Complex Lower Limb Fractures; Hip Fracture; Hip Injury; Hip Surgery; Knee Surgery; Lower Limb Surgery; Revision Hip & Knee Surgery; Rheumatoid Arthritis; Trauma; Trauma & Orthopaedic Surgery,https://www.mccollumconsultants.com/wp-content/uploads/2024/04/Edward_yates_005_CG.jpg,"Cheshire and Manchester (The Highfield Hospital, HCA The Wilmslow Hospital, Stepping Hill Hospital)",info@exp-w.com,+44 (0)161 218 0223,https://www.mccollumconsultants.com/expert-witness/edward-yates/,Orthopaedic Surgery,ew-trauma-and-orthopaedic-surgery
Mr George Eralil,"Consultant Neurosurgeon, M.B.B.S, MRCS, FRCS (SN)",Mr Eralil has undergone multiple medical legal training courses and has provided his expert opinion on all aspects of routine neurosurgical practice. He has also attended court on numerous occasions as an expert witness. He is happy to take on both claimant and defendant instructions.,"Mr Eralil graduated in medicine from Sri Devaraj Urs Medical College in Kolar, India before pursuing Neurosurgery training in the United Kingdom. Mr Eralil went on to train under prominent neurosurgeons. After obtaining the FRCS qualification in Neurosurgery, he went to London where he completed specialist Fellowships in NeuroOncology and Complex Spinal Surgery within the Atkinson Morley Neurosciences Division at St. George's Hospital. Currently, Mr Eralil is a Consultant Neurosurgeon.","Neurosurgical Oncology of the Brain and Spinal Cord, Surgery for Cranial Neuropathies (Trigeminal, Glossopharyngeal, Geniculate Neuralgias; Hemifacial Spasm), and Complex Spinal Surgery. He also focuses on degenerative disorders of the lumbar spine and cervical spine, surgeries for facial pain and cranial nerve hyperactive disorders, brain tumours, spinal cord tumours, disorders of cerebrospinal fluid dynamics, and disorders of the cranio-cervical junction.",Mr Eralil is currently the lead for Facial Pain Services in South and West Wales and was the Brain and CNS Cancer Lead until 2023.,"Currently, Mr Eralil is the Principal Investigator for the FUTURE-GB Trial which is a novel multicentre surgical trial to evaluate the advantages of navigated ultrasound and DTI imaging in the treatment of glioblastoma. He is also partaking in studies involving facial pain and trigeminal neuralgia.",,,,Royal College of Surgeons of England Fellow; Royal College of Physicians and Surgeons of Glasgow Fellow; Society of British Neurological Surgeons Full Membership; Welsh Pain Society Full Membership; UK Medical Cannabis Clinicians Society Full Membership; British Neuroscience Association Full Membership; American Association of Neurological Surgeons Overseas Member,Brain Injury; Brain Tumour; Cranial Neurosurgery; Nerve Injury; Neurosurgery; Spinal Cord Injury; Spinal Injury; Spinal Surgery; Spinal Tumours; Spine Surgery,https://www.mccollumconsultants.com/wp-content/uploads/2024/03/George-Eralil_Grey_Copy.jpg,South and West Wales,info@exp-w.com,+44 (0)161 218 0223,https://www.mccollumconsultants.com/expert-witness/george-eralil/,Neurosurgery,ew-neurosurgery
Mr Gregory Thomas,"MBBS, BSc, FRCS, MD",Mr Thomas has undertaken Bond‑Solon training and is happy to be instructed by both claimant and defendant firms in personal‑injury and clinical‑negligence actions.,"Mr Gregory Thomas is a consultant colorectal surgeon at St Mark's Hospital, the United Kingdom's only specialist gastrointestinal centre, a post he has held since 2020. His caseload serves the diverse population of north‑west London while also accommodating a substantial volume of tertiary referrals from colorectal units across the country. In addition to his dedicated colorectal practice, Mr Thomas contributes to the emergency general‑surgery service at London North‑West University Hospitals, handling acute presentations such as bowel obstruction, perforation and gastrointestinal bleeding. Prior to joining St Mark's, he served as a consultant colorectal surgeon at Ashford and St Peter's NHS Trust from 2018 to 2020. He is an honorary senior lecturer at Imperial College London, he has authored more than 70 peer‑reviewed articles and delivered invited lectures at numerous national and international conferences, maintaining a particular research focus on pelvic‑floor disorders. He is a Fellow of the Association of Coloproctology of Great Britain and Ireland (ACPGBI), chair of its Proctology Sub‑Committee, a member of the European Society of Coloproctology, the UK Pelvic Floor Society and sits on the council of the Coloproctology Section of the Royal Society of Medicine.","Mr Thomas's clinical portfolio encompasses both elective and emergency colorectal surgery. His emergency expertise includes management of bowel obstruction, perforation, appendicitis, diverticulitis, gastrointestinal haemorrhage and mesenteric ischaemia/infarction. In the elective arena he focuses on pelvic‑floor disorders (rectal prolapse, faecal incontinence, chronic constipation), the sequelae of pelvic‑floor surgery and post‑obstetric injury complications. His proctology practice addresses anal fistulae, fissures, skin tags, haemorrhoids and abscesses. He also manages complex abdominal‑wall pathology, including groin and complex ventral hernias, and provides comprehensive stoma care (colostomy and ileostomy). Although his primary interest lies in non‑malignant disease, he participates in bowel‑cancer diagnostics and maintains expertise in diverticular and pilonidal disease, as well as other broad areas of colorectal surgery.",Mr Thomas currently serves as Chair of the Proctology Sub‑Committee of the Association of Coloproctology of Great Britain and Ireland (ACPGBI). He organises courses for senior trainee and consultant surgeons.,"Mr Thomas's research programme is centred on pelvic‑floor disorders, pilonidal disease and proctology. He supervises MD students from Imperial College.","To date, Mr Thomas has authored more than 60 peer‑reviewed papers in leading journals, including Colorectal Disease and The British Journal of Surgery. He has also contributed chapters to major textbooks on colorectal surgery and serves as a regular reviewer for international surgical publications.","Mr Thomas graduated from St Mary's Hospital (Imperial College London) where he completed both a student research degree and a postgraduate research doctorate, each conducted within Imperial College's Department of Surgery. He subsequently trained in colorectal surgery at hospitals in London and Surrey, followed by a post‑graduate fellowship at St Mark's Hospital before his appointment as a consultant. Complementing his UK training, he undertook overseas observerships and fellowships in the Netherlands, the United States and France, acquiring expertise in advanced minimally invasive and functional colorectal techniques. At St Mark's, Mr Thomas organises postgraduate teaching programmes, including hands‑on workshops, journal clubs and simulation sessions for senior trainees and junior consultants. He also mentors the many overseas surgeons who undertake short‑term observerships at the hospital. In addition, he is a regular invited lecturer at national and international meetings.","European Society of Coloproctology Travelling Observership (2018); Association of Coloproctology of Great Britain and Ireland Travelling Fellowship (2016); Best paper at the winter meeting of the Section of Coloproctology Royal Society of Medicine (2014); Distinction in Surgery Finals MBBS Part VI, (2003)",British Medical Association (BMA); Royal Society of Medicine; Association of Coloproctology of Great Britain and Ireland; European Society of Coloproctology; The UK Pelvic Floor Society,Abdominal Wall Hernias; Abdominal Wall Surgery; Anal Fistula; Bowel Cancer; Bowel Obstruction; Colorectal (Lower GI) Surgery; Colorectal Cancer; Crohn's Disease; Diverticular Disease and Diverticulitis; Emergency General Surgery; General Surgery; Haemorrhoids; Hernias; Incontinence; Inflammatory Bowel Disease (IBD); Mesh Injury; Pelvic Floor; Pelvic Floor Disorders; Perianal Abscess; Post Operative Complications; Rectal Cancer; Stoma; Twisted Bowel,https://www.mccollumconsultants.com/wp-content/uploads/2025/11/Gregory-Thomas-01_CG.jpg,"St Mark's Hospital, London",info@exp-w.com,+44 (0)161 218 0223,https://www.mccollumconsultants.com/expert-witness/gregory-thomas/,Colorectal Surgery;General Surgery,ew-colorectal-surgery; ew-general-surgery
Mr Haroon Majeed,"MBBS, MRCS, MSc, FEBOT, FRCS (Tr & Orth)",Mr Majeed regularly attends medico-legal conferences and has undertaken his medico-legal training with numerous organisations over the past four years. He enjoys a full medico-legal practice instructed by both Claimant and Defendant law firms.,"Mr Haroon Majeed is a Consultant Trauma and Orthopaedic Surgeon practising within the Manchester University NHS Foundation Trust (MFT). He first qualified in 2000 at the King Edward Medical College, University of the Punjab, Lahore, Pakistan. He later moved to the UK and gained Membership of the Royal College of Surgeons (MRCS) in 2007 at the Royal College of Physicians and Surgeons of Glasgow. Mr Majeed went on to specialise in Trauma and Orthopaedics, becoming a Fellow of the Royal College of Surgeons of England in 2016.",Mr Majeed has a specialist interest in foot and ankle orthopaedic and trauma surgery.,"Mr Majeed has been the Lead of Clinical Governance, Research Development, Clinical Audit and Infection Prevention and Control. He has a Level 7/master's degree in strategic health management and is a specialist advisor to the Care Quality Commission (CQC).","Mr Majeed has been the Principle Investigator in numerous randomised controlled trials (RCTs) on subjects including: total ankle replacement versus arthrodesis; acute femoral fracture fixation; wound healing in surgical trauma; and the use of Bimigrumab in patients with neck of femur fracture. He is also on the reviewer's panel of various peer-reviewed journals relating to trauma and orthopaedics including Bone and Joint Journal, BioMed Central Journals, Journal of Orthopaedics and Traumatology, Trauma Cases and Reviews, and Clinical Medical Case Reviews and Case Reports.","Mr Majeed has widely published research work in peer-reviewed journals including meta-analysis, systematic reviews, prospective analyses, case series reviews, case reports, and book chapters. He has also presented his research work on various national and international forums including as an invited speaker.","Mr Majeed is an Honorary Senior Clinical Lecturer at the University of Manchester. He has delivered several lectures in various forums. Mr Majeed enjoys his role as Foot and Ankle Module Lead for postgraduate and undergraduate teaching and is a Faculty Member for FRCS courses. Previously, Mr Majeed was an undergraduate examiner at the Keele University.","Clinical Excellence Award 2022; Teaching Excellence Award, University of Manchester 2020-2023; 2nd best paper prize, National Patient Safety Conference 2023; 3rd best poster prize, British Orthopaedic Foot and Ankle Society 2018/2019; Best poster prize in poster walk session, 20th EFORT congress",Fellow of Royal College of Surgeons of England; Fellow of the European Board of Orthopaedics & Traumatology (FEBOT); British Orthopaedic Association; British Orthopaedic Foot & Ankle Society; European Foot & Ankle Society,Arthritis; Foot & Ankle Surgery; Fractures; Joint Replacement; Ligament and Tendon Damage; Sports Injury; Trauma & Orthopaedic Surgery; Whiplash,https://www.mccollumconsultants.com/wp-content/uploads/2023/11/Haroon_Majid_Grey_crop.jpg,Manchester University NHS Foundation Trust (MFT),info@exp-w.com,+44 (0)161 218 0223,https://www.mccollumconsultants.com/expert-witness/haroon-majeed-consultant-trauma-orthopaedic-surgeon/,Foot & Ankle Surgery;Orthopaedic Surgery,ew-foot-and-ankle-surgery; ew-trauma-and-orthopaedic-surgery
Mr Ian M Smith,"MB ChB, BDS, MSc, FDSRCS(Eng), FRCS(Ed), FRCS(Eng), FRCS(Plast)",Mr Smith has undergone Bondsolon training and enjoys receiving instructions from both Claimant and Defendant law firms in personal injury and clinical negligence cases.,"Mr Ian Smith is a Consultant Plastic Surgeon at Leeds Teaching Hospitals NHS Trust, where he leads a high-volume plastic surgery service that encompasses both elective and emergency reconstructive work. In parallel, he maintains a thriving private practice at Spire Leeds and Nuffield Leeds, providing comprehensive plastic and aesthetic procedures. His clinical expertise is underpinned by a dual qualification in medicine (University of Leeds School of Medicine) and dentistry (University of Birmingham School of Dentistry), initial training in maxillofacial surgery, and full general surgical training in Leeds. He completed specialist training in plastic surgery across the Leeds and Yorkshire region, supplemented by two fellowships in Australia - first at the Australian Craniofacial Unit in Adelaide and subsequently at the Royal Brisbane Hospital.","Mr Smith's clinical interests are broad yet highly focused on subspecialty areas including general plastic surgery cases, ranging from traumatic soft-tissue reconstruction to microsurgical free-flap procedures. A particular passion lies in sarcoma and surgical oncology. He also maintains an active aesthetic practice.","In his capacity as Lead Clinician for the Plastic Surgery Department and for the Sarcoma Regional Centre at Leeds Teaching Hospitals Trust, Mr Smith provides strategic direction, oversees service development, and ensures the delivery of high quality patient care. He serves as Chair of the Intercollegiate Board of Examiners for the FRCS (Plast). Mr Smith is also Hon Treasurer and an officer of BAPRAS, and chairs the BAPRAS Special Interest and Advisory Group for Sarcoma. From 2012 to 2020 he directed the Yorkshire and Humber Training Programme, and he remains an active member of the National Plastic Surgery Specialty Advisory Committee.","Mr Smith's research agenda is centred on surgical oncology, with particular emphasis on the development of novel reconstructive techniques for sarcoma and head and neck malignancies.","Mr Smith is a prolific clinician-researcher whose work bridges hand surgery, reconstructive microsurgery and sarcoma management, including studies on chronic osteomyelitis, radial-forearm-palmaris free-flap lip reconstruction, rare paediatric maxillary lesions, post-Le Fort I arteriovenous malformations and long-term mandibular rhabdomyosarcoma care, cleft-lip/palate protocol outcomes, morphea-associated squamous-cell carcinoma, and a book chapter on free vascularised fibular bone graft (Springer 2011).","A committed educator, Mr Smith led the Yorkshire and Humber Training Programme and chaired the Surgical Training Committee from 2012 to 2020. He regularly serves as an examiner and Chair of the Board of Examiners for the FRCS (Plast), and he contributes to national policy as a member of the Plastic Surgery Specialist Advisory Committee.",Clinical Excellence Award,"Royal College of Surgeons of England (RCS England); British Sarcoma Group (BSG); Honorary Treasurer & Officer - British Association of Plastic, Reconstructive & Aesthetic Surgeons (BAPRAS)",Arm Reconstruction; Basal Cell Carcinoma; Body-Contouring; Breast Implants; Breast Reconstruction; Breast Reduction; Breast Surgery; Breast Uplift; Ear Correction; General Cosmetic Surgery; General Plastic Surgery; Lipomas; Lower Limb Trauma; Major Trauma; Mastopexy; Otoplasty; Pinnaplasty; Plastic Surgery; Reconstructive Surgery; Sarcoma; Scar Revision; Skin Cancer; Skin Graft/Flap; Skin Lesions; Soft Tissue Reconstruction,https://www.mccollumconsultants.com/wp-content/uploads/2026/07/Ian-Smith-Cg.jpg,Leeds Teaching Hospitals NHS Trust,info@exp-w.com,+44 (0)161 218 0223,"https://www.mccollumconsultants.com/expert-witness/ian-smith/
NOTE: This person was already captured in the earlier Breast Surgery pilot; add ""Plastic Surgery"" to his categories here.",Plastic Surgery,ew-plastic-surgery
Mr Jaykar Panchmatia,"MA, MPH, MB BChir, USMLE, FRCS","""Mr Panchmatia is an established expert witness and has a mature medicolegal practice. He has undergone his expert witness training (Bond Solon). He is registered with APIL, AvMA, National Crime Agency (NCA) and the UK Register of Expert Witnesses. Mr Panchmatia enjoys a full medico-legal practice representing both Claimant and Defendant law firms in actions relating to personal injury and clinical negligence. He accepts both civil and criminal instructions. Mr Panchmatia provides the suite of medico-legal services including: medical reports; court appearances; desktop reports; screening reports, and case conferences. Mr Panchmatia has nationwide clinics, and conducts home and prison visits. He has short wait times - urgent instructions can be accommodated - with a fast turnaround on high quality reports.""","""Mr Panchmatia studied Medicine at Cambridge University. This included a clinical attachment at Yale University, USA. He furthered his education as a Fulbright Scholar at Harvard University, USA and was a visiting scholar at the Barrow Neurological Institute. Mr Panchmatia was subsequently awarded a Trauma & Orthopaedic Spine Fellowship at the Johns Hopkins Hospital, USA. In 2015, Mr Panchmatia was appointed as Consultant Trauma & Orthopaedic Surgeon at Guy's and St. Thomas' Hospitals, London (GSTT) specialising in spinal surgery. He is also the Clinical Governance Lead for trauma and orthopaedic surgery at GSTT. Mr Panchmatia treats elective and acute spinal conditions, offering both non-surgical and surgical treatments.""","""Mr Panchmatia accepts all cases including personal injuries; clinical negligence cases; work-related injuries and diseases; industrial injuries and disability reports; sports injuries, and road traffic accidents. Mr Panchmatia's spinal medico-legal interests include: whiplash; cauda equina syndrome; spinal trauma; spine fractures; osteoporotic fractures; spinal cord injuries including paralysis; failed back surgery; foot drop; back pain; neck pain; spinal tumours; spinal infections; soft tissue spine injuries; musculoskeletal spinal conditions; chronic back pain; orthopaedic conditions accompanying diseases of the spine; disc disease including disc prolapse/disc protrusion/bulging disc; stiff back; stiff neck; arm pain; leg pain and sciatica; shoulder pain; numbness and paraesthesia in the arms and legs; lumbar and low back pain; pins and needles in the arms and legs; thoracic pain; cervical pain; thoracolumbar pain; neurological spinal injuries; degenerative conditions including spinal stenosis; spinal conditions associated with hypermobility including Ehlers-Danlos syndrome; myelopathy; deformities including spondylolisthesis; coccygeal pain (coccydynia).""",,"""Mr Panchmatia's research interests include: 1. Improving the care of patients with spinal conditions. 2. Robotics, navigation and artificial intelligence. 3. Cauda equina syndrome. 4. Spinal fractures. 5. Spinal tumours (cancer). 6. Spinal infections. 7. Whiplash (and associated disorders including neck and arm pain). 8. Back pain.""","""Mr Panchmatia has over 70 academic presentations and publications. These include articles in the Journal of Orthopaedic Surgery, the Journal of Trauma, Neurosurgical Focus, and the Spine Journal. Mr Panchmatia has published with acclaimed Harvard University author and Surgeon, Professor Atul Gawande. Mr Panchmatia has published a book: Navigation and Robotics in Spine Surgery with Thieme Medical Publishers, New York.""","""Mr Panchmatia trains registrars and fellows in spinal surgery at Guy's and St. Thomas' Hospitals. He has lectured at Cambridge University. He has presented to large audiences including the British Association of Spine Surgeons and the North American Spine Society.""",British Association of Spinal Surgeons and British Scoliosis Society President's Fellow; British Orthopaedic Association Zimmer Passage to India Fellowship; Cambridge University's Oon Khye Beng Ch'hia Tsio studentship; Fulbright Scholarship; Royal College of Surgeons of England's BMI healthcare prize; Sir Robert Jones Gold Medal and British Orthopaedic Association prize,British Association of Spinal Surgeons (BASS); British Medical Association (BMA); British Scoliosis Society (BSS); Fellow of the Royal College of Surgeons of England (RCS); General Medical Council (GMC),Back Pain; Cauda Equina Syndrome; Coccyx pain; Degenerative Spine; Emergency/Acute Medicine; Epidural; Failed Back Surgery Syndrome; Hypermobility; Myelopathy; Neck Pain; Numbness & Parasthesia; Paralysis; Radiculopathy; Sciatica; Soft Tissue Spinal Injury; Spasticity; Spinal Cord Dysfunction; Spinal Cord Injury; Spinal Deformity; Spinal Disc Disease; Spinal Fracture; Spinal Infection; Spinal Stenosis; Spinal Surgery; Spinal Trauma; Spinal Tumours; Spine Surgery; Spondylolisthesis; Trauma; Trauma & Orthopaedic Surgery; Whiplash,https://www.mccollumconsultants.com/wp-content/uploads/2022/01/Jaykar-Panchmatia-grey-joe-edit-1-scaled-e1676382610195.jpg,"Guy's and St. Thomas' Hospitals, London (GSTT)",info@exp-w.com,+44 (0)161 218 0223,https://www.mccollumconsultants.com/expert-witness/jaykar-panchmatia-spinal-surgeon/,Orthopaedic Surgery,ew-trauma-and-orthopaedic-surgery
Mr Jeffrey Lordan,"FRCS, PhD, MBBS, BSc (Hons); Consultant Upper GI, Hepatobiliary Pancreatic (HPB) & General Surgeon","Mr Lordan has successfully completed his expert witness training with Bond Solon and achieved the Cardiff University Bond Solon (CUBS) Civil Expert Witness Certificate in April 2025. He is happy to be instructed by Claimant and Defendant law firms in both personal injury and clinical negligence cases. He is registered with APIL, National Crime Agency (NCA) and the UK Register of Expert Witnesses. Mr Lordan is happy to conduct home and prison visits and can produce reports within 6-8 weeks, sooner if required.","Mr Lordan graduated as a doctor in 1999 from Guy's, King's and St Thomas's Medical School, London and attained his PhD in 2012 from the University of Surrey. He undertook his specialist surgical training in the South West Thames London Deanery and specialist fellowships within the Birmingham Liver and Transplant Unit and Royal Marsden NHS Foundation Trust, London. Between 2015 and 2020, Mr Lordan practiced as a Consultant Hepato-Pancreato-Biliary (HPB), Sarcoma & Multi-Organ Retrieval Surgeon at the Royal Free London NHS Foundation Trust. Since 2020, Mr Lordan has practiced as a Consultant Upper GI/HPB and General Surgeon in Maidstone & Tunbridge Wells NHS Trust.","Mr Lordan's interests include general & upper GI surgery, HPB (liver and pancreas) surgery, gallbladder / bile duct surgery, soft tissue (sarcoma) cancers, liver & pancreatic disease, skin sarcoma & melanoma, oncological & cancer surgery, minimal access surgery (robotic / laparoscopic surgery), liver transplantation, multi-organ retrieval surgery, complex hernia surgery and abdominal wall reconstruction.","Since March 2021, Mr Lordan was appointed as Chair (Lead) of the Upper GI and Hepato-pancreatico-biliary Tumour Site Specific Group (TSSG) for the Kent and Medway Cancer Collaborative (KMCC). Mr Lordan is the Royal College of Surgeons College Tutor, Chair of the Local Faculty Group for surgery, and is leading the development of MTW into a specialist Upper GI / HPB Hub for Kent in collaboration with Kings College Hospital London. In October 2024 Mr Lordan launched the HPB Cancer Endoscopic Ultrasound (EUS) Service for Kent.","Mr Lordan has a special interest in translational research involving the genomics and proteomics of metastatic colorectal cancer in the liver. He has also investigated the histological effects of neo-adjuvant chemotherapy on liver parenchyma in correlation with the clinical peri-operative and long-term outcomes. His biological interest lies in the discovery of two potential biomarkers which may accurately differentiate metastatic colorectal cancer from normal tissues with a potential accuracy of >96%. Mr Lordan holds patented biomarkers for the potential detection, prognosis and surveillance of primary and metastatic colorectal cancer.","Mr Lordan has published extensively; he has over 33 peer-reviewed medical journal publications worldwide, 45 abstract publications and has presented papers in over 75 national and international conferences.",Anatomy Demonstrator (2001); CCrISP Instructor (since 2005); ATLS Instructor (since 2012); Training the Trainers of Tomorrow courses (2014-2016); Honorary Senior Lecturer at UCL (2015); Educational Supervisor at Royal Free London (2016); Clinical Supervisor at Royal Free London (2016); GMC Certificate of Good Clinical Practice (2015); Bohmer Care Pathway Redesign Course (2017); Director of START Course at Royal Free London (2018) and Maidstone & Tunbridge Wells (2020); Royal College of Surgeons College Tutor (2021),"The Conrad Lewin Prize (2001); First prize for presentation on laparoscopic anterior resection (2006); Travelling fellowship RSM Coloproctology International Meeting (2006); Trust Award for Excellence in Medical Teaching (2006); Top Teachers Award, University College London (2016); Award for outstanding teaching, University College London Hospital (2017)",Royal College of Surgeons of England (RCSENG); Royal Society of Medicine (RSM),Abdominal Wall Surgery; Appendicitis; Artificial Feeding; Biliary Tree Dysfunction; Breast Reconstruction; Chest Surgery; Cholecystectomy; Colonoscopy; Diaphragm Disorders; Disorders of the Spleen; Duodenum Conditions; Gastrointestinal (GI) Bleed; General Surgery; Haemorrhage; Helicobacter Pylori; Hepato-Pancreato-Biliary Surgery; Hernias; Inflammatory Bowel Disease; Jaundice; Laparoscopy; Laparotomy; Liver Disease; Liver Transplant; MR Cholangiopancreatography; Oesophageal Disorders; Oesophago-gastro-deuodenosopy; Pancreas Dysfunction; Pelvic Floor; Perianal Abscess; Reconstructive Surgery; Stoma; Stomach Conditions; Transplant Surgery; Upper GI Surgery,https://www.mccollumconsultants.com/wp-content/uploads/2022/01/Jeff-Lordan-grey-joe-edit-1-e1676383135711.jpg,Maidstone & Tunbridge Wells NHS Trust,info@exp-w.com,+44 (0)161 218 0223,https://www.mccollumconsultants.com/expert-witness/jeffrey-lordan-hpb-surgeon-medico-legal-expert/,General Surgery;Hepato-pancreato-biliary Surgery;Transplant Surgery;Upper GI Surgery,ew-general-surgery; ew-hepato-pancreato-biliary-surgery; ew-transplant-surgery; ew-upper-gi-surgery
Mr Jon Durnian,"B.Sc., MB.ChB., FRCOphth","Mr Durnian has been an expert witness in ophthalmology since 2013. He has undergone his expert witness training. Mr Durnian enjoys a full medico-legal practice representing both claimants and defendants in personal injury and clinical negligence actions. Mr Durnian holds weekly medico-legal clinics in Liverpool but is happy to travel in order to conduct home and prison visits. His claimant/defendant/joint ratio split is approximately 35:55:10 and he can usually turnaround reports within 6-8 weeks, sooner if required.",Mr Durnian has been a Consultant Ophthalmologist at the Liverpool University Hospital NHS Foundation Trust since 2010 and Honorary Consultant at the Walton Centre since 2020.,Mr Durnian's main clinical interest is in neuro-ophthalmology and adult strabismus but also maintains a practice in all aspects of general ophthalmology.,Mr Durnian is currently the Training Programme Director for the School of Ophthalmology in Mersey overseeing the training of all ophthalmologists in training. Mr Durnian was previously the Chair of the Division of Ophthalmology at St. Paul's Eye Unit.,Mr Durnian's main research interest is the psychosocial aspects of strabismus and the benefits of its correction and he has published 32 peer-reviewed international publications.,"Mr Durnian has published over 30 peer-reviewed international publications, mainly dealing with the positive effects of squint surgery.",,,Royal College of Ophthalmologists,Cataracts; Choroidal Disorders; Corneal Foreign Body; Diabetic Complications; Eye Conditions; Glaucoma; Headaches; Macular Disorders; Ophthalmology; Optic Nerve Conditions; Retinal Detachment; Visual Field Defects,https://www.mccollumconsultants.com/wp-content/uploads/2021/10/R5_5307GC.jpg,Liverpool University Hospital NHS Foundation Trust,info@exp-w.com,+44 (0)161 218 0223,https://www.mccollumconsultants.com/expert-witness/jon-durnian-ophthalmologist/,Ophthalmology,ew-ophthalmology
Mr Lindsay Muir,"MBChB, FRCS, MCh Orth, FRCS (Orth)","""Mr Muir has been preparing medico-legal reports since 1996. He is happy to be instructed by Claimant and Defendant law firms in both personal injury and clinical negligence cases relating to hand and wrist injury and surgery. His Claimant/Defendant ratio split is approximately 80/20. He is registered with APIL and the UK Register of Expert Witnesses. Mr Muir is happy to conduct home and prison visits and can produce reports within 6-8 weeks, sooner if required.""","""In 1996, Mr Muir was appointed as Consultant Hand and Upper Limb Surgeon at Salford Royal Hospital, the dedicated major trauma centre for Greater Manchester. Salford Royal Hospital is also one of the major teaching hospitals attached to the University of Manchester Medical School where Mr Muir is an Honorary Senior Lecturer in Orthopaedic Surgery. Mr Muir underwent extensive specialist hand surgery training. He spent six months in SOS Main Strasbourg; a unit known world-wide for its reputation and pioneering role. The work of the clinic ranges from the routine to the most complex congenital and microvascular cases. Mr Muir also trained as Shoulder Fellow at Wrightington, allowing him to study all aspects of upper limb work with Professor Trail, Professor Stanley and Mr Stilwell. This post allowed him to develop experience in particular in the fields of arthroplasty and arthroscopy, and of rheumatoid hand surgery. Currently, Mr Muir's elective practice is devoted entirely to hand and upper limb surgery. He has treated professional musicians and national team cricket players. In addition, he has a considerable systemic sclerosis practice.""","""Mr Muir's clinical interests extend to all aspects of hand and wrist surgery. His clinical practice involves the management of carpal tunnel syndrome and other nerve surgery, Dupuytren's contracture, hand arthritis, wrist fracture, wrist arthritis, finger arthritis; scleroderma, trigger finger and finger fractures.""","""Mr Muir has previously been responsible for the acute management of injured patients in all his orthopaedic posts; gaining experience in the conservative and operative management of common fractures. He was also an interface hand fellow at Withington Hospital in Manchester, rotating through Withington Hospital in Manchester, Stockport Infirmary and Wrightington Hospital.""","""Mr Muir is active in research. His latest papers are on WALANT hand surgery, management of scaphoid fractures, systemic sclerosis and scapho lunate ligament injury.""","""Mr Muir has published more than 50 peer reviewed research articles in major journals including The Journal of Bone and Joint Surgery, Journal of Hand Surgery, Journal of Trauma and Injury. He reviews scientific papers for the Bone and Joint Journal and for the prestigious Clinical Orthopaedics and Related Research. In 2019, 2020, and 2021 he was acknowledged as one of CORR's top reviewers; fewer than 5% of reviewers fall into this group.""","""Mr Muir lectures on a regular basis. He has lectured on hand surgery and on orthopaedics at, amongst others, John Moores University, Wrightington, Association of Surgeons in Training, Salford Royal, the BSSH Instructional Courses, and on the Pulvertaft Lecture Series. He has given 34 podium presentations in the UK, in Europe and in Australia. He has instructed on wrist and elbow arthroscopy at the Minimal Access Training Unit (MATTU) at The Royal College of Surgeons of England. He was chairman of the prestigious British Society for Surgery of the Hand Instructional Courses from 2017-2019. He is trainer for the advanced training post fellows in hand surgery (there are only ten of these in the country, drawing trainees from plastic and orthopaedic backgrounds). He is Chairman of the board of examiners for the European Board of Hand Surgery diploma examination.""",,SAS Hand Manchester (Founder); British Medical Association; Council Member British Society for Surgery of the Hand (BSSH) 2021-2023; North West Surgical Hand Society; Member of scientific committee: FESSH Basel 2020; Council Member FESSH 2022-Present,Arthritis; Hand & Wrist Surgery; Hand Trauma; Nerve Injury; Trauma & Orthopaedic Surgery; Wrist Surgery; Wrist Trauma,https://www.mccollumconsultants.com/wp-content/uploads/2021/10/07-CLIENT-BW-G-cropped-e1670948384203.jpg,"Salford Royal Hospital, Greater Manchester",info@exp-w.com,+44 (0)161 218 0223,https://www.mccollumconsultants.com/expert-witness/lindsay-muir/,Orthopaedic Surgery,ew-trauma-and-orthopaedic-surgery
Mr Mehdi Tofighi,"MBBS, MRCS, MSc, MD, FRCS (Tr & Orth), EBOT","Mr Tofighi maintains an established medico-legal practice, providing CPR Part 35-compliant expert reports across a wide range of orthopaedic cases, including complex trauma, non-union, infection, and limb reconstruction.",Mr Mehdi Tofighi is a highly experienced Consultant Orthopaedic Trauma and Limb Reconstruction Surgeon dedicated to the comprehensive care of patients with complex musculoskeletal injuries and post-traumatic deformities.,"Mr Tofighi's clinical interests center on the management of complex lower limb trauma and reconstruction, with a particular focus on open fractures, infected fractures, and chronic osteomyelitis.","Mr Tofighi possesses significant experience in clinical service development, with a proven track record of optimising pathways and improving patient care.","Mr Tofighi's research interests are clinically driven, focusing on improving outcomes for patients undergoing complex trauma and reconstruction.",Mr Tofighi has a diverse publication record spanning various aspects of orthopaedic trauma and reconstruction.,"Mr Tofighi is a dedicated educator, actively teaching medical students and trainees through hands-on surgical instruction, simulation training, and exam preparation.","MD Distinction, First Degree, Kerman University of Medical Sciences, 1998","Fellow, Royal College of Surgeons of England (FRCS Tr & Orth); British Orthopaedic Association (BOA); British Limb Reconstruction Society (BLRS); European Board of Orthopaedics and Traumatology (EBOT); Orthopaedic Trauma Society (OTS); AO Trauma UK",Arthroplasty; Circular Frames; Complex Fracture; Complex Limb Reconstruction; Complex Lower Limb Fractures; External Fixation; Foot & Ankle Surgery; Intramedullary Nails; Knee Surgery; Osteonecrosis & Osteomyelitis; Revision Hip & Knee Surgery; Trauma; Trauma & Orthopaedic Surgery,,South Wales tertiary referral centre,info@exp-w.com,+44 (0)161 218 0223,https://www.mccollumconsultants.com/expert-witness/mehdi-tofighi/,Foot & Ankle Surgery;Orthopaedic Surgery,ew-foot-and-ankle-surgery; ew-trauma-and-orthopaedic-surgery
Mr Naveed Yasin,"Consultant in Complex Spine Surgery; MBBCh (Hons), FRCS, CCST, MBA (present)","""Mr Yasin has undertaken expert-witness training and has over ten years of medico-legal experience, advising both Claimant and Defendant law firms in personal injury and clinical negligence matters. He holds medico-legal clinics in Bolton and South Manchester and can undertake home visits.""","""Mr Yasin has been a Consultant in Complex Spine Surgery at the Manchester Centre for Clinical Neurosciences based in the Salford Royal Hospital since 2014, which is the regional Major Trauma Centre and one of the largest spinal centres in Europe. He has completed advanced spinal training as well as an internationally recognised fellowship in complex spines, including an International Complex Spine Fellowship in Australia.""","""Mr Yasin specialises in spine trauma, complex soft tissue neck injuries, spinal cord injury, intervertebral disc and spinal nerve injuries, as well as cumulative occupational injuries.""","""He has been the Clinical Governance Lead for spinal surgery and continues to work as a representative on the regional Spinal Network that supports governance and policies both in the NHS and private sector. He is the Chair of Division for Tertiary Medicine and Critical Care.""","""Mr Yasin has published widely in peer-reviewed journals on patient outcomes and patient safety in spinal surgery.""","""Mr Yasin has published widely in peer-reviewed journals on patient outcomes and patient safety in spinal surgery. He is regularly invited to lecture at national and international conferences. Mr Yasin is the only Spinal Surgeon in the UK with outcome measures available to the public.""","""Mr Yasin is an Honorary Lecturer at both Salford University and Manchester University where he is an Academic Advisor. He is responsible for the training and teaching of undergraduate and postgraduate students and allied health professionals.""",Peter Mallimson Research Prize in Research; Mark Tillitson Medical Research Prize; Cow & Gate Paediatric Prize; GH Pearce Prize in Anatomy,Scoliosis Research Society (SRS); British Association of Spine Surgeons (BASS); Chartered Managers Institute (CMI); British Medical Association (BMA); General Medical Council (GMC),Complex Spinal Surgery; Epidural; Soft Tissue Spinal Injury; Spinal Cord Dysfunction; Spinal Cord Injury; Spinal Deformity; Spinal Disc Disease; Spinal Disease; Spinal Endoscopy; Spinal Fracture; Spinal Infection; Spinal Injury; Spinal Stenosis; Spinal Surgery; Spinal Trauma; Spinal Tumours; Thoracic Spinal Pain; Trauma; Trauma & Orthopaedic Surgery; Whiplash,https://www.mccollumconsultants.com/wp-content/uploads/2021/10/R5_6006GC.jpg,"Manchester Centre for Clinical Neurosciences, Salford Royal Hospital",info@exp-w.com,+44 (0)161 218 0223,https://www.mccollumconsultants.com/expert-witness/naveed-yasin/,Orthopaedic Surgery,ew-trauma-and-orthopaedic-surgery
Mr Nee Beng Teo,"MBChB (Glasg), FRCS(Edin), MD (Glasg), FRCS (Gen.Surg); Consultant Vascular & Endovascular Surgeon",,"Mr Teo has been a Consultant Vascular & Endovascular Surgeon since 2011. Presently, he is based at the South Mersey Arterial Centre, the Countess of Chester Hospital, as well as Warrington & Halton Hospitals. He frequently performs carotid endarterectomy with patchplasty (under local/general anaesthesia), aortic surgery for aneurismal and occlusive disease, local femoral reconstruction, fem-fem cross-over, axillo-femoral bypass, fem-popliteal bypass, fem-distal bypass, fem- or popliteal-pedal bypass, digital and major lower limb amputations. In addition, he frequently performs endovascular stenting for the repair of abdominal aortic aneurysm (EVAR).","Mr Teo has a clinical interest in the management of carotid, aneurysm, peripheral vascular and diabetic foot diseases, as well as leg oedema and ulceration. He has a specialist interest in arterial mapping (or artery assessment), endovenous laser treatment for varicose veins, foam sclerotherapy treatment for varicose veins and varicose vein stripping.",Mr Teo has been appointed Audit and Mortality & Morbidity Lead at the South Mersey Arterial Centre.,"Within this role, Mr Teo coordinates, supports and supervises vascular audit and research projects. He organises monthly audit and research meetings along with educational presentations by guest speakers.",,,,,Aneurysm; Angiogram; Angioplasty; Aortic Dissection; Arterio-Venous (AV) Fistula; Blood Pressure; Cannulation; Central Line; Critical Limb Ischaemia (CLI); CT Angiography; Deep Vein Thrombosis (DVT); Diabetic Complications; Endovascular Surgery; Haemorrhage; Ischaemia; IVC Filter; PICC Line; Pulmonary Embolism (PE); Shunt; Stenting; Thrombectomy; Varicose Veins; Vascular Embolisation; Vascular Surgery; Vascular Ulcers; Vasculitis; Venous Thromboembolism (VTE),https://www.mccollumconsultants.com/wp-content/uploads/2021/11/01-CLIENT-BW-G-cropped.jpg,"South Mersey Arterial Centre, Countess of Chester Hospital; Warrington & Halton Hospitals",info@exp-w.com,+44 (0)161 218 0223,https://www.mccollumconsultants.com/expert-witness/nee-beng-teo/,Endovascular Surgery;Vascular Surgery,ew-endovascular-surgery; ew-vascular-surgery
Mr Nicholas Peterson,"Consultant Trauma and Orthopaedic Surgeon, MBChB (Hons) FRCS (Orth)","""Mr Peterson began medicolegal practice in 2020 after completing formal training as a medico-legal expert with Inspire Medilaw, and subsequently went on to attain the Cardiff University Bond Solon Certificate in Civil Law alongside building a successful medico-legal practice. Mr Peterson is happy to receive instructions from Claimant and Defendant law firms in personal injury and clinical negligence cases.""","""Mr Peterson graduated in 2008 and completed his foundation training, core surgical training and higher surgical training in Merseyside. He has also worked in Australia as well as visiting units in Cape Town, Fukushima, Baltimore, West Palm Beach, Munster and Milan to develop his specialist interest in limb reconstruction surgery. Mr Peterson's practice encompasses general orthopaedics and trauma of the upper and lower limb in children and adults.""","""Mr Peterson has specific expertise in complex trauma, bone infection, non-union, post-traumatic arthritis, limb lengthening and limb reconstruction using internal and external devices, acquired and congenital deformity correction, congenital disease, skeletal dysplasia, metabolic bone disease.""",,,"""Mr Peterson has released publications and presentations in the fields of Adult and Paediatric Trauma, General Orthopaedics and Limb Reconstruction Surgery.""","""Mr Peterson regularly teaches and presents on complex trauma, bone infection, non-union, post-traumatic arthritis, limb lengthening and limb reconstruction using internal and external devices, acquired and congenital deformity correction, congenital disease, skeletal dysplasia and metabolic bone disease at national and international courses and conferences.""",Leslie Klenerman Gold Medal 2018 - Best Specialty Trainee Mersey Deanery; Arthur Edward Burton Memorial Prize 2017 - Best Performance Section 1 FRCS (Orth),British Orthopaedic Association; British Limb Reconstruction Society; British Society for Children's Orthopaedic Surgery; Mersey Ortho-Plastic Group; Medical Defence Union,Arthritis; Complex Fracture; Complex Limb Reconstruction; Degenerative Bone Disorders; Limb Deformity; Limb Length Discrepancy; Lower Limb Surgery; Metabolic Bone Disease; Paediatric; Paediatric Fractures; Paediatric Orthopaedics; Trauma & Orthopaedic Surgery; Upper Limb Surgery,https://www.mccollumconsultants.com/wp-content/uploads/2024/11/Nick_Peterson_CG.jpg,,info@exp-w.com,+44 (0)161 218 0223,https://www.mccollumconsultants.com/expert-witness/nicholas-peterson-orthopaedic-surgeon/,Orthopaedic Surgery; Paediatric; Paediatric Orthopaedics,ew-paediatric; ew-paediatric-orthopaedics; ew-trauma-and-orthopaedic-surgery
Mr Nick Phillips,"PhD, MBCHB, FRCS, FRCS (SN)","Mr Phillips has been an expert witness in Neurosurgery for a number of years. He has undergone his expert witness training. Mr Phillips enjoys a full medico-legal practice representing both claimants and defendants in personal injury and clinical negligence actions. Mr Phillips holds his medico-legal clinics in Leeds. His claimant/defendant ratio is 40:60 and he can usually turnaround reports within 6-8 weeks, sooner if required.",Mr Phillips has been a Consultant Neurosurgeon at the Leeds Teaching Hospitals NHS Trust since 1999. Mr Phillips studied Neurochemistry and Molecular Biology at the University of London before gaining a MBChB from the University of Edinburgh. He has the old style FRCS in General Surgery and the intercollegiate exam in Surgical Neurology (FRCS(SN)). He is council member of the Royal College of Surgeons and the Society of British Neurosurgeons.,"His clinical interests are in endoscopic skull base surgery, cranial neurosurgery, particularly pituitary surgery, trigeminal neuralgia, subarachnoid haemorrhage, and radiosurgery.",He has previously worked as a Clinical Director for seven years.,He is the lead for the National Neurosurgical Audit Programme and a member of the Invited Review Mechanism of the Royal College of Surgeons.,"Mr Phillips publishes neurosurgical literature with a particular interest in surgeon outcome measures, and endoscopic skull base and pituitary surgery. He is interested in quality improvement and outcomes, the reporting of outcomes, and has published in this field.",Mr Phillips is a Senior Lecturer in Computer Science at the University of Leeds with an interest in surgical simulation.,,"Council member, Royal College of Surgeons; Council member, Society of British Neurosurgeons",Brain Tumour; Cranial Neurosurgery; Endoscopic skull base surgery; Head Injury; Neurosurgery; Pituitary Surgery; Radiosurgery; Spinal Disc Disease; Subarachnoid Haemorrhage; Trigeminal Neuralgia,,Leeds,info@exp-w.com,+44 (0)161 218 0223,https://www.mccollumconsultants.com/expert-witness/nick-phillips-consultant-neurosurgeon/,Neurosurgery,ew-neurosurgery
Mr Oliver Harley,"Consultant Plastic and Hand Surgeon, MBBS, BSc (Lond), MBA (Bath), FRCSEd (Plast)",Mr Harley has undertaken Bond Solon medico-legal training and enjoys receiving instructions from both Claimant and Defendant law firms in personal injury and clinical negligence cases.,"Mr Harley has been practicing in the field of plastic surgery since 2002, completing specialist training in 2012. Following training, he worked as a locum Consultant Plastic Surgeon within the NHS for three years. Since 2015, he has maintained an independent plastic surgery practice with a dual focus on cosmetic and hand surgery. Throughout his career, he has performed over 1000 cosmetic surgery operations and 4000 hand surgery operations.","Mr Harley maintains a comprehensive interest in all aspects of cosmetic surgery, with particular expertise in breast surgery - including breast implant procedures, reductions, and lifts - as well as abdominoplasty, liposuction, blepharoplasty (eyelid surgery), facelifts, and brow lifts. He also specialises in hand surgery, treating conditions such as carpal tunnel syndrome, thumb arthritis (often addressed with trapeziectomy), and Dupuytren's disease.","Mr Harley has experience running his own independent practice. He has actively participated in governance and safety committees at both the McIndoe Centre and Epsomedical, including serving on the Medical Appointments Committee, Clinical Governance Committee, and Plastic Surgery User Group. He has also held the position of Chairperson for the Plastic Surgery Complications and Audit Committee.","Mr Harley maintains active research interests in several areas, including the outcomes of trapeziectomy procedures and the management of multiple synchronous hand conditions.","Mr Harley has an extensive portfolio of publications in hand, plastic, and reconstructive surgery, including the development of innovative surgical techniques, cost-effective solutions for managing operative hardware, and imaging-based studies on anatomy and surgical planning. A full list of publications is available on request.","Mr Harley is committed to the training and development of future plastic surgeons. He currently serves as a Clinical Supervisor for Cosmetic Surgery Trainees at the McIndoe Centre. Additionally, he was a Convenor and Deputy Convenor for the Royal College of Surgeons Plastic and Cosmetic Surgery Cadaveric Training Course from 2010 to 2014.",Merit Award - MBA (2012); BSSH Prize - Best free paper award (2012); BAAPS Prize - Best poster award (2012); FESSH Hand Surgery Education & Travel Bursary (2011),British Association of Plastic Reconstructive & Aesthetic Surgeons (BAPRAS); British Society for Surgery of the Hand (BSSH); British Association of Aesthetic Plastic Surgeons (BAAPS); UK Association for Aesthetic Plastic Surgeons (UKAAPS-Capsco),Abdominoplasty; Body-Contouring; Breast Implants; Breast Reduction; Cosmetic Complications; Cosmetic Plastic Surgery; Hand & Wrist Surgery; Plastic Surgery; Scar Revision; Scarring; Wrist Surgery,https://www.mccollumconsultants.com/wp-content/uploads/2025/09/Oliver-H-CG.jpg,,info@exp-w.com,+44 (0)161 218 0223,https://www.mccollumconsultants.com/expert-witness/oliver-harley/,Plastic Surgery,ew-plastic-surgery
Mr Oliver Jones,"MA, BM, BCh, DM, FRCS (Gen)",Mr Jones has been acting as an expert witness since 2014 and has undergone expert witness training. He has completed the Bond Solon course. Mr Jones enjoys a full medico-legal practice instructed by both Claimant and Defendant law firms in personal injury and clinical negligence cases. Mr Jones has given evidence in Court.,"Mr Jones is an established Consultant in colorectal and general surgery in a renowned colorectal unit within a major teaching hospital. He was Clinical Director for Surgery in the Trust from 2018 to 2022. Mr Jones completed medical school at the University of Oxford and spent one year teaching at the University of Cambridge Department of Anatomy before Senior House Officer training in London. He spent his Specialist Registrar training years in Wessex and finished his training on a laparoscopic colorectal fellowship at the Royal Brisbane Hospital, Australia.","Mr Jones treats all aspects of colorectal surgery; his particular areas of interest in his elective practice are pelvic floor disorders (childbirth injury, incontinence, prolapse and constipation/obstructed defaecation), proctology (haemorrhoids, fissures, fistulae), inflammatory bowel disease, cancer, endometriosis and advanced laparoscopic surgery for cancer.","Mr Jones was Clinical Director for Surgery from 2018 to 2022. In this role, he managed nearly 500 staff and an income of £36 million. He was responsible for ensuring services were patient focused and achieving national and local targets and standards.","Mr Jones spent two years undertaking full time research in the Department of Pharmacology, University of Oxford from 2000 to 2002. He undertook laboratory research into the physiology of the internal anal sphincter and its role in continence and incontinence.","Mr Jones has published two books on surgery, over 100 research articles and reviews and nine book chapters. He has been co-author on national guidelines around the treatment of anal fissure and diverticular disease.",Mr Jones was one of the LAPCO trainers in laparoscopic colorectal surgery in Oxford. He was the Lead for Simulation for the Thames Valley School of Surgery for three years. He was an examiner for 2nd BM finals for six years and was recently Chief Examiner for the Principle of Clinical Anatomy Course for 1st BM anatomy for undergraduate medical students at Oxford University.,"Geoffrey Hill Spray Prize (1995); Brian Johnson Prize in Pathology (1995); East Anglian Surgical Society Prize (1997); Conrad Lewin Prize (1997); Travelling Fellowship Association of Coloproctology (2002); Norman Tanner Prize (2003); Frank Tovey Prize for Audit (2003, 2006); British Journal of Surgery Prize (2004); Hunterian Professor (2005-6); Ethicon Foundation Fund Travelling Fellowship (2006); KeyMed Travelling Fellowship (2006); Ellison-Cliffe Travelling Fellowship (2007); Diseases of the Colon and Rectum Altmetric Award (2022)",Royal College of Surgeons of England; Association of Coloproctology of Great Britain and Ireland; Royal Society of Medicine,Anal Fistula; Bowel Cancer; Bowel Obstruction; Cancer Treatment; Colonoscopy; Colorectal (Lower GI) Surgery; Colorectal Cancer; Crohn's Disease; Diverticular Disease and Diverticulitis; Emergency General Surgery; Endometriosis; General Surgery; Haemorrhoids; Inflammatory Bowel Disease (IBD); Laparoscopy; Laparotomy; Obstetric Trauma; Pelvic Floor; Pelvic Floor Disorders; Pelvic Trauma; Perianal Abscess; Pilonidal Disease; Ulcerative Colitis,,,info@exp-w.com,+44 (0)161 218 0223,https://www.mccollumconsultants.com/expert-witness/oliver-jones/,Colorectal Surgery;General Surgery,ew-colorectal-surgery; ew-general-surgery
Mr Paul Sutton,BMedSci(Hons) BMBS(Hons) FRCS PhD MMedEd DCH DRCOG EBSQ (Surgical Oncology),"Mr Sutton has completed the Cardiff University Bond Solon Expert Witness Certificate in Civil Law and has experience of report writing for Civil, Crown, and Coroners Courts, where he has appeared as a witness. Mr Sutton's recent medico-legal CPD includes attending the AvMA Annual Clinical Negligence Conference.","Mr Sutton is well versed in the management of common general and colorectal surgical presentations and procedures. During his formal period of training he participated in a total of 2235 cases (excluding endoscopy). Mr Sutton finished his surgical training in 2019, he created and embarked upon a two year dedicated post-CCT training programme in advanced colorectal cancer and peritoneal surface malignancy.","Mr Sutton's current practice at The Christie Hospital includes surgery for complex colorectal cancer, having introduced into the service novel techniques for performing high complexity exenteration. His clinical work also includes the generality of general and colorectal surgery, including the management of haemorrhoids, hernias, fissures, fistulae, stomas, and abdominal wall problems.","Mr Sutton has been actively involved in service development, leading several key projects aimed at improving care for patients with complex rectal cancer. In 2023, Mr Sutton helped develop a multi-modal treatment pathway for locally recurrent rectal cancer through the Greater Manchester Cancer Alliance, led the implementation of quality of life monitoring using ePROMS for patients with colorectal cancer at The Christie, and established a dedicated multi-specialty clinic for patients with advanced pelvic malignancy.","Mr Sutton's current research interests include studying the immune microenvironment during total neoadjuvant therapy in locally advanced rectal cancer, the role of circulating tumour DNA (ctDNA) in detecting re-recurrence after surgery for locally recurrent rectal cancer, and the genomic analysis of primary and recurrent rectal cancers.","Mr Sutton has made a meaningful and wide-ranging contribution to the field of colorectal and cancer surgery, with over 100 publications to his name, as well as contributions to several book chapters.","Mr Sutton is actively involved in undergraduate and postgraduate teaching. He leads the Year 5 surgical attachment at The Christie and oversees a student-selected module in Surgical Oncology. He is a GMC-approved clinical and educational supervisor, module lead for the MSc in Transformative Oncology (University of Manchester).","You Made a Difference Award, The Christie Hospital – 2023; European Board Surgical Qualification in Surgical Oncology Prize [Best examination performance], Union Europeenne des Medecins Specialistes (UEMS) – 2019; Ethicon Travelling Fellowship, Royal College of Surgeons of England – 2019; Raven Travelling Fellowship, British Association of Surgical Oncology – 2019; Arris and Gale Lectureship and Medal, Royal College of Surgeons of England – 2018; Colorectal Disease/ACPGBI Prize, Association of Coloproctology of Great Britain and Ireland – 2018; Finalist in Young Coloproctologist of the Year, Association of Coloproctology of Great Britain and Ireland – 2018; Finalist in Royal Society of Medicine/Wesleyan Trainee of the Year, Royal Society of Medicine – 2017; John of Arderne Medal, Section of Coloproctology, Royal Society of Medicine – 2017; President's Poster Prize, Academy of Medical Sciences Clinician Scientists Meeting – 2016; Ethicon Research Prize, Royal College of Surgeons of Edinburgh – 2016","Faculty of Surgical Trainers, Royal College of Surgeons of Edinburgh (from 2017); Fellow of the Higher Education Academy (from 2017); Faculty of Medical Leadership and Management (from 2016); Fellow of the Academy of Translational Medicine (from 2016); Royal College of Surgeons of England; Association of Coloproctology of Great Britain and Ireland; European Society of Surgical Oncology; British Association of Surgical Oncology; Manchester Medical Society",Appendicitis; Artificial Feeding; Bowel Cancer; Bowel Obstruction; Colonic Polyps; Colonoscopy; Colorectal (Lower GI) Surgery; Colorectal Cancer; Endoscopy; Gastrointestinal (GI) Bleed; General Surgery; Haemorrhage; Haemorrhoids; Hernias; Incontinence; Inflammatory Bowel Disease (IBD); Laparoscopy; Laparotomy; Metastatic Cancer; Perianal Abscess; Polypectomy; Prostate Cancer; Reconstructive Surgery; Rectal Cancer; Sarcoma; Stoma; Twisted Bowel,https://www.mccollumconsultants.com/wp-content/uploads/2025/04/Paul_Sutton_001-CG.jpg,"The Christie Hospital; HCA The Christie Private Care & The Wilmslow Hospital; Division of Cancer Sciences, University of Manchester",info@exp-w.com,+44 (0)161 218 0223,https://www.mccollumconsultants.com/expert-witness/paul-sutton/,Colorectal Surgery;General Surgery,ew-colorectal-surgery; ew-general-surgery
Mr Pratipal Kalsi,"BSc, MBBS, MRCS, FRCS (Surgical Neurology), PhD, CUBS","Mr Kalsi is frequently called upon to provide independent medico-legal opinions on a wide spectrum of spinal-care issues. His expertise encompasses the interpretation of diagnostic imaging, the appraisal of clinical decision-making and the evaluation of both operative and non-operative management strategies. He also advises on matters of informed consent, causation, breach of duty and prognosis, offering detailed assessments of long-term functional outcome. His experience extends to cases involving criminal negligence and personal injury.","Mr Kalsi is a consultant spinal neurosurgeon who specialises in the management of complex adult spinal pathology, including trauma, tumours and degenerative disease. At Imperial College Healthcare NHS Trust - one of London's largest tertiary referral centres for spine surgery - he performs more than 200 spinal operations each year and serves as the clinical-governance lead for the department. His operative repertoire spans open, minimally invasive and endoscopic techniques, with particular expertise in cervical and lumbar spine procedures.","Mr Kalsi's clinical interests are broad yet focused, encompassing five core domains. In the cervical spine, he routinely undertakes anterior cervical discectomy and fusion, cervical disc replacement, posterior foraminotomy, laminectomy and complex C1-2 fusion constructs. His lumbar work includes microdiscectomy, decompressive laminectomy and a range of fusion strategies such as TLIF, XLIF and ALIF. He is an early adopter of advanced technologies, performing endoscopic and robotic-assisted spine surgery and championing minimally invasive spine surgery (MISS) across the spine. Complex cases form a substantial part of his practice: he manages metastatic spinal disease, intradural tumours and cerebrospinal-fluid disorders, addresses acute spinal trauma and spinal cord injury, and treats spinal infections and thoracic disc pathology. He also performs image-guided spinal injections, vertebroplasty and kyphoplasty.","In his capacity as Spine Governance Lead at Imperial College Healthcare NHS Trust, Mr Kalsi directs initiatives aimed at enhancing patient safety, clinical quality and surgical outcomes for all spine related interventions. He has also held several senior roles within the British Neurosurgical Trainees' Association (BNTA), contributing to the development of national education programmes, training standards and service delivery frameworks for neurosurgical trainees throughout the United Kingdom.","Mr Kalsi's research programme centres on spinal cord injury and a spectrum of spinal disorders. His postgraduate work explored neural regeneration after brachial plexus root avulsion using olfactory ensheathing cells. Since then, he has contributed to numerous peer reviewed articles covering cervical myelopathy, spinal tumours, arachnoid cysts and long term outcomes after spinal surgery.","Mr Kalsi has authored and contributed to a range of peer-reviewed articles addressing both clinical management and basic science of spinal and neurovascular disease, including a case series and systematic review of spinal arachnoid cysts, outcome analyses of multilevel anterior cervical discectomy and fusion, a multinational cohort study on neck pain in degenerative cervical myelopathy, reports on the surgical treatment of giant thoracic schwannomas, the safety of fibrin-glue adhesives in spinal surgery, and novel approaches to carotid cavernous fistulas and malignant glioma care.","As a senior consultant in a major UK teaching hospital, Mr Kalsi is deeply involved in undergraduate and postgraduate education. He supervises neurosurgical trainees as a Clinical and Educational Supervisor, delivers bedside teaching, seminars and formal lectures to medical students, junior doctors and specialist registrars, and serves on the faculty of the Imperial College FRCS Neurosurgery Course.","BNTA Codman Fellowship Award (2019); Ronald Raven Barber's Award, Royal College of Surgeons, England (2019); Best Paper Prize, North American Spine Society (nominated); Scholarship – University of California, San Francisco (UCSF) Spine Program (2018); F1000 Neurosciences Award (2011); Merit Awards MB Part II (1999); Merit Awards MB Part I (1998)",AO Spine; Canadian Spine Society (CSS); Society of British Neurological Surgeons (SBNS); Royal College of Surgeons of England (RCS ENG); British Medical Association (BMA); Affiliate Faculty Member F1000 - Neurological Disorders,Back Pain; Cauda Equina Syndrome; Lumbar Decompression; Neck Pain; Neurosurgery; Sciatica; Spinal Cord Injury; Spinal Deformity; Spinal Disc Disease; Spinal Fracture; Spinal Infection; Spinal Injury; Spinal Stenosis; Spinal Surgery; Spinal Trauma; Spinal Tumours,https://www.mccollumconsultants.com/wp-content/uploads/2026/07/P-Kalsi_02_CG.jpg,BLANK (Imperial College Healthcare NHS Trust mentioned in practice text),info@exp-w.com,+44 (0)161 218 0223,https://www.mccollumconsultants.com/expert-witness/pratipal-kalsi/,Neurosurgery,ew-neurosurgery
Mr Ravi Chekuri,"MBBS, MS, MRCS, FRCS",Mr Chekuri enjoys receiving instructions from both Claimant and Defendant law firms in personal injury and clinical negligence cases.,"Mr Ravi Chekuri serves as a Consultant Adult and Paediatric Orthopaedic Spine Surgeon at The Royal London Hospital, Barts Health NHS Trust, where he also holds the position of Clinical Governance Lead for Complex Spine Surgery. His entire clinical practice is devoted to spinal surgery, encompassing both emergency and elective care. He holds a CCT in Trauma & Orthopaedics with more than 13 years of orthopaedic experience, including five years in spine surgery. He completed two post-CCT spine fellowships at Royal London Hospital and Royal National Orthopaedic Hospital, Stanmore.","Mr Chekuri's clinical interests centre on the management of spinal injuries, the correction of adult and paediatric spinal deformities, and the advancement of minimally invasive spinal surgery.","In his role as Clinical Governance Lead for Complex Spine Surgery at the Royal London Hospital, Mr Chekuri oversees the quality and safety standards of the department's spinal programmes, ensuring compliance with institutional policies and national guidelines.","His research agenda focuses on the integration of enabling technologies in spinal surgery, exploring how novel imaging, navigation, and instrumentation can enhance operative precision and patient outcomes.","Mr Chekuri's research portfolio centres on spinal and orthopaedic trauma. He acted as Associate Principal Investigator for the multicentre BASIS randomised trial (2023-2024) at the Royal London Hospital. His systematic review and meta-analysis demonstrated superior accuracy of 3D printed drill guides versus fluoroscopic free hand techniques for upper cervical pedicle screw insertion (Musculoskeletal Surgery, Dec 2024). Earlier studies include a technique for correcting Charcot hind foot deformity with a retrograde nail (Foot & Ankle Surgery, 2018) and an analysis of increased mortality in proximal femoral fracture patients during the COVID-19 pandemic (JBJS Open Access, 2020). At major meetings he has presented on low intensity pulsed ultrasound for fracture non-union (BSSH, 2016), pandemic-related hip fracture mortality (ASIT, 2020), denosumab treatment of spinal aneurysmal bone cysts (BASS, 2022), and patient reported outcomes after en bloc vertebrectomy for spinal tumours (Eurospine, 2022).","Mr Chekuri is an active educator, serving as faculty for a range of postgraduate courses, including the JBJS MRC Oxford Diploma in Spinal Surgery, the MCh Orthopaedics program at University College Hospital, the Kings College Hospital FRCS (T&O) exam course, the Royal London Hospital FRCS trauma course, and the SCM spine course for allied health professionals. He also acts as an Educational and Clinical Supervisor for orthopaedic specialty trainees.",,"Royal College of Surgeons, England (RCS); British Orthopaedic Association (BOA); British Association of Spine Surgeons (BASS); British Scoliosis Society (BSS)",Cauda Equina Syndrome; Complex Spinal Surgery; Degenerative Spine; Minimally Invasive Surgery; Paediatric Spinal Surgery; Paediatric Surgeon; Scoliosis; Spinal Cord Injury; Spinal Deformity; Spinal Disease; Spinal Endoscopy; Spinal Fracture; Spinal Infection; Spinal Injury; Spinal Surgery; Spinal Trauma; Spinal Tumours; Spine Surgery; Spondylolisthesis; Thoracic pain; Trauma & Orthopaedic Surgery; Whiplash,https://www.mccollumconsultants.com/wp-content/uploads/2026/08/Mr_Ravi_Chekuri_CG.jpg,"The Royal London Hospital, Barts Health NHS Trust",info@exp-w.com,+44 (0)161 218 0223,https://www.mccollumconsultants.com/expert-witness/ravi-chekuri/,Orthopaedic Surgery; Paediatric Spinal Surgery,ew-paediatric-spinal-surgery; ew-trauma-and-orthopaedic-surgery
Mr Ray Ross,"MBChB (St Andrews), FRCS (Edin), MD Spinal Mechanics (St Andrews)","Mr Ross provides concise, evidence based reports for personal injury and clinical negligence cases, with a focus on adult spinal pathology.","Mr Ross qualified as a Consultant Orthopaedic Surgeon in 1984 and, after broad-based orthopaedic practice, dedicated himself to spinal surgery in 1992. Since August 2002 he has served as Consultant Spinal Surgeon and Director of Ross Medico-Legal in Manchester and Cheshire, delivering high-quality surgical care to adult patients with spinal pathology.","His clinical focus is exclusively on adult spinal disorders, encompassing degenerative disease, trauma, and deformity. He has a particular interest in the biomechanical aspects of spinal stiffness, a topic he explored in his MD dissertation.","As Director of Ross Medico-Legal, Mr Ross oversees the commissioning, preparation and delivery of medico-legal reports, manages a small multidisciplinary team and coordinates liaison with solicitors, insurers and the courts. During his time in Salford he was successively Director of Orthopaedic services and subsequently Surgical Director serving at Board Level.","Mr Ross's research agenda centres on spinal biomechanics, particularly the role of mechanical stiffness in normal and pathological states. He is increasingly interested in why and how negligence occurs in spinal cases.","""A Perfect Storm: Diagnostic challenges and Evolving Medicolegal Standards in Cauda Equina Syndrome (compression)"" Yasin N; Ross R, PI Focus, November 2025.","Mr Ross actively maintains his medico-legal competence through online Bond Solon courses, IDF seminars, MPS workshops and a quarterly regional online meeting that gathers 40-50 spinal surgeons from the UK and abroad. He participates in annual appraisal and was revalidated for GMC licensing in 2024. He is developing basic lectures for solicitors to assist understanding of the spine and its pathologies.",,Member of Manchester Medical Society (MMS); Fellow of the Royal College of Surgeons of Edinburgh (FRCS); Indemnity cover with Medical Protection Society (MPS); Member Independent Doctors Federation (IDrF); Member British Association of Spinal Surgeons (BASS),Acetabular Trauma; Back Pain; Cauda Equina Syndrome; Cervical Disease; Coccygeal Pain; Degenerative Spine; Discography; Epidural; Failed Back Surgery Syndrome; Lumbar Decompression; Neck Pain; Pelvic Trauma; Radiculopathy; Sciatica; Soft Tissue Spinal Injury; Spinal Cord Injury; Spinal Disc Disease; Spinal Disease; Spinal Fracture; Spinal Infection; Spinal Stenosis; Spinal Surgery; Spinal Tumours; Spondylolisthesis; Thoracic Spinal Pain; Trauma & Orthopaedic Surgery; Vertebral Artery Dissection (VAD); Whiplash,https://www.mccollumconsultants.com/wp-content/uploads/2025/12/Ray_Ross_CG.jpg,Manchester and Cheshire,info@exp-w.com,+44 (0)161 218 0223,https://www.mccollumconsultants.com/expert-witness/ray-ross/,Orthopaedic Surgery,ew-trauma-and-orthopaedic-surgery
Mr Rishee Parmar,"Upper Limb Orthopaedic and Trauma Consultant, MBChB, FRCS","""Mr Parmar has completed the Bolon Solon Excellence in Report Writing course and has attended a seminar by Cobden House Chambers in Manchester on Expert Evidence. He is registered with APIL, National Crime Agency (NCA) and the UK Register of Expert Witnesses. He is happy to represent both Claimant and Defendant law firms in both personal injury and clinical negligence actions. Mr Parmar can usually turnaround reports within 6-8 weeks from appointment date, sooner if required.""","""After graduating from Manchester University Medical School in 2000, Mr Parmar gained his Fellowship of the Royal College of Surgeons in 2010 and later joined the GMC Specialist Register in 2014. In June 2014 he gained his Medical Leadership in Practice Certificate, receiving a Distinction. Mr Parmar a Shoulder & Elbow Orthopaedic and Trauma Consultant at Liverpool University Hospitals NHS Foundation Trust. This is a level one major trauma centre and tertiary referral centre for complex and revision cases. He has worked as a Consultant in Malawi so has knowledge of complex trauma in austere environments and regularly visited the Mayo Clinic in the US as well as other centres in Europe and the USA.""","""Mr Parmar regularly treats all trauma presentations but maintains subspeciality interests in shoulder & elbow trauma and elective conditions. Mr Parmar has a number of regular clinics covering the whole of the North West. He performs arthroscopy (keyhole surgery), arthroplasty (replacements) and revision shoulder arthroplasty of the shoulder and elbow.""","""Mr Parmar is the President of the NWULG, a trustee of two charities and the registrar lead in the orthopaedic department. He has been on the organising committee of the British Elbow and Shoulder Society. He is the Education Director of the Mersey Region Orthopaedic Registrars for Health Education North West.""","""Mr Parmar's research interests are in the field of orthopaedic conditions specifically upper limb conditions. He is actively involved with a number of randomised controlled trials for NIHR and is a principal investor.""","""Mr Parmar has presented and published internationally on a variety of orthopaedic conditions with an interest in upper limb conditions. He has also written book chapters for an international book on upper limb trauma conditions in the austere environment.""","""Mr Parmar is an honorary lecturer at the University of Liverpool. He is a Specialist Training Representative for the trust in Orthopaedics and sits on the Annual Competency Assessment Panel for the trainees. He is the Education Director of the Mersey Region Orthopaedic Registrars for Health Education North West. He regularly teaches at international, national and local level.""",Distinction in Medical Leadership in Practice Certificate; Zimmer & British Orthopaedic Association Trauma Fellowship 2011; Beit Trust Overseas Fellowship 2011; Association of Great Britain and Ireland Overseas Surgical Fellowship 2011; World Orthopaedic Concern Trelor Gauvian Fellowship 2011,British Medical Association (BMA); British Orthopaedic Association (BOA); British Elbow and Shoulder Society (BESS); World Orthopaedic Concern UK (WOC); The North West Upper Limb Group (NWULG) Secretary; North West Orthopaedics Alliance for Africa (NOTAA) Trustee; The Frostick Foundation Trustee; Mersey Hand Society,Amputation; Arthritis; Arthroscopy; Cartilage Dysfunction; Crush Injury; Degenerative Bone Disorders; Facial Trauma; Fractures; Hand Trauma; Joint Replacement; Ligament and Tendon Damage; Osteonecrosis & Osteomyelitis; Sports Injury; Trauma & Orthopaedic Surgery; Upper Limb Surgery; X-Ray,https://www.mccollumconsultants.com/wp-content/uploads/2022/09/Rishee-Parmar-Grey-1-e1670948278758.jpg,Liverpool University Hospitals NHS Foundation Trust (North West),info@exp-w.com,+44 (0)161 218 0223,https://www.mccollumconsultants.com/expert-witness/rishee-parmar/,Orthopaedic Surgery,ew-trauma-and-orthopaedic-surgery
Mr Robert Peters,"Consultant Paediatric Surgeon, BSc(Hons), BM(Hons), FRCS(Paed)",Mr Peters enjoys receiving instructions from both Claimant and Defendant law firms in personal injury and clinical negligence cases.,"Mr Peters graduated from the University of Southampton in 2004 and subsequently embarked on a career in paediatric surgery. Following his foundation years he entered higher surgical training, rotating through several of the United Kingdom's leading children's hospitals – including Manchester, Sheffield, Liverpool, and Birmingham. Since completing his training, Mr Peters has been appointed Consultant Paediatric Surgeon at Royal Manchester Children's Hospital (RMCH).","Mr Peters' clinical focus lies in thoracic and upper gastrointestinal surgery within the paediatric population. He spent two years completing both adult and paediatric thoracic fellowships, gaining expertise that now positions him as one of only three surgeons in Manchester offering super specialised care for children born with oesophageal atresia.",Serves as Education Lead for the North West Paediatric Surgery Consortium; supervises higher surgical trainees at RMCH.,,"Mr Peters has co-authored a series of papers that showcase the breadth of his paediatric surgical expertise, ranging from congenital thoracic conditions to upper gastrointestinal surgery.","At RMCH, Mr Peters is actively engaged in the education of the next generation of surgeons. He supervises higher surgical trainees, providing hands on operative teaching and assessment of clinical competence.",,British Association of Paediatric Surgeons (BAPS); Treasurer - British Association of Paediatric Endoscopic Surgeons (BAPES); Royal College of Surgeons of England (RCS England); British Medical Association (BMA); Medical Protection Society (MPS),Appendicitis; Bowel Obstruction; Chest Wall Surgery; Cholecystectomy; Congenital Diaphragmatic Hernia; Congenital Lung Malformations; Congenital Pulmonary Airway Malformation; Duodenal Atresia; Duplication Cyst; Empyema; Fundoplication; Gallstones; Gastroschisis; Gastrostomy; General Surgery; Hernias; Intussusception; Neonatal Surgery; Oesophageal Atresia; Paediatric; Paediatric General Surgery; Paediatric Orthopaedics; Paediatric Surgeon; Paediatric Thoracic Surgery; Paediatric Upper Gastrointestinal Surgery; Pneumothorax; Pulmonary Sequestration; Pyloric Stenosis; Splenectomy; Thoracic Surgery; Thoracic Trauma; Trauma; Umbilical Hernia; Undescended Testis; Upper GI Surgery; Vascular Access,,"Royal Manchester Children's Hospital (RMCH); McCollum Consultants Limited, No. 3 The Stables, Wilmslow Road, East Didsbury, M20 5PG",info@exp-w.com,+44 (0)161 218 0223,https://www.mccollumconsultants.com/expert-witness/robert-peters/,General Surgery; Paediatric; Paediatric General Surgery; Paediatric Orthopaedics; Paediatric Thoracic Surgery; Upper GI Surgery,ew-general-surgery; ew-paediatric; ew-paediatric-general-surgery; ew-paediatric-orthopaedics; ew-paediatric-thoracic-surgery; ew-upper-gi-surgery
Mr Ross Elledge,"BChD(Hons), MBChB(Hons), MMedEd MFDSRCPS(Glasg), MAcadMedEd SFHEA, FRCS(OMFS)","Dr Elledge holds the Cardiff University Bond Solon (CUBS) Expert Witness Certificate in Criminal Law. He readily accepts criminal instructions and, drawing on his clinical experience, advises both claimant and defendant firms on personal-injury and clinical-negligence matters in civil litigation.","Mr Ross Elledge has been a Consultant Oral and Maxillofacial Surgeon at University Hospitals Birmingham NHS Foundation Trust since December 2018, where he provides a full spectrum of oral and maxillofacial services to both elective and emergency patients. Additional roles include honorary appointment as Senior Clinical Lecturer at University of Birmingham (since February 2016), Honorary Consultant at Sandwell and West Birmingham Hospitals NHS Trust (since October 2020), and consultant positions at multiple private hospitals including Westbourne Centre, Spire Parkway Hospital Solihull, Circle Health's The Priory Hospital Edgbaston, and The Harborne Hospital.","Mr Elledge's clinical portfolio is distinguished by a subspecialty focus on temporomandibular joint (TMJ) surgery. He routinely performs advanced arthroscopy and total alloplastic TMJ replacement. Additionally, he is a dedicated member of the Solihull Hospital Local Skin Cancer Multi-Disciplinary Team and maintains general oral and maxillofacial practice including trauma management.","Mr Elledge previously served as Deputy Clinical Service Lead for Oral and Maxillofacial Surgery and currently holds the position of Clinical Service Lead for Day Surgery. He serves as Joint Committee on Surgical Training (JCST) Mohs Surgery TIG representative to the Oral and Maxillofacial Surgery Specialty Advisory Committee, Assigned Educational Supervisor, and Associate Editor for the British Journal of Oral and Maxillofacial Surgery.","Mr Elledge's research agenda spans clinical, educational, and ethical domains. Recent projects have examined postgraduate training in TMJ surgery, the design and assessment of virtual learning environments (VLEs) for postgraduate education, and the restructuring of Oral and Maxillofacial Surgery training during the COVID-19 pandemic. He is Chief Investigator of the Birmingham Mandible and Midface (BruMM) Rules study developing a clinical predictor rule to reduce unnecessary radiographic imaging in trauma patients.",,He coordinates the Human Diseases module for the undergraduate Bachelor of Dental Surgery programme. Serves as External Examiner for the Bristol Dental School (University of Bristol) and the School of Clinical Dentistry (University of Sheffield) for the 2022/23-2026/27 academic cycles. Acts as Senior Academic Tutor and Personal Mentor for undergraduate medical students and previously held the role of Regional Education Lead for the West Midlands higher surgical trainees. He regularly lectures on the DePuy Synthes FRCS(OMFS) Revision Course and the BAOMS Flex FACS programme.,British Association of Oral and Maxillofacial Surgeons (BAOMS) - Research Poster Prize (2018); University of Birmingham Chancellor's Prize (2010); Sir Arthur Thompson Gold Medal (2010); Bruce Hawkins Prize (2009); Thomas Bakewell Prize (2009); Alison Thornley Memorial Bursary (2008),Medical Protection Society (MPS); British Association of Oral and Maxillofacial Surgeons (BAOMS); International Association of Oral and Maxillofacial Surgeons (IAOMS); Member of the Academy of Medical Educators (MAcadMedEd); Senior Fellow of the Higher Education Academy (SFHEA); Full Member of the European Society of TMJ Surgeons (ESTMJS),Basal Cell Carcinoma; Facial Fractures; Facial Scars; Facial Skin Cancer; Facial Trauma; Impacted Teeth; Lingual Nerve Injuries; Maxillofacial Trauma; Melanoma; Nerve Injury; Oral & Maxillofacial Surgery; Oral Medicine; Oral Surgery; Skin Cancer; Skin Surgery; Soft Tissue Reconstruction; Squamous Cell Carcinoma (SCC); Temporomandibular joint (TMJ) Disorders; TMJ Arthroplasty; TMJ Arthroscopy; TMJ Replacement (TMJR); TMJ Surgery; Zygoma,https://www.mccollumconsultants.com/wp-content/uploads/2026/03/RossElledge_CG.jpg,"University Hospitals Birmingham NHS Foundation Trust (Birmingham, UK)",info@exp-w.com,+44 (0)161 218 0223,https://www.mccollumconsultants.com/expert-witness/ross-elledge/,Oral and Maxillofacial Surgery,ew-oral-and-maxillofacial-surgery
Mr Sachin Malde,"BSc, MBBS, MRCS, MSc(Urol), FRCS(Urol)","""Mr Sachin has completed the Cardiff University Bond Solon medicolegal training in report writing, courtroom skills, and civil procedure rules. He is happy to receive instructions from Claimant and Defendant law firms in both personal injury and clinical negligence cases.""","""Mr Malde has been in specialist urological practice since 2010 and has held a Consultant NHS post at Guy's and St Thomas' NHS Foundation Trust since 2016. Mr Malde specialises in all areas of general urology but has an internationally renowned practice in functional and gynaecological urology, neuro-urology, urinary tract infections, and urinary tract reconstruction (both open and robotic). He also specialises in the management of prostate diseases, benign prostate enlargement and urological cancers, and has undergone specialist training in these areas. Mr Malde has considerable experience of assessing serious incidents and performing root-cause analyses in his role as Clinical Governance Lead at Guy's Hospital.""","""Mr Malde has a clinical interest in all aspects of general and diagnostic urology; uro-gynaecology; female urology; functional urology; vaginal mesh complications (TVT/TOT); iatrogenic ureteric and bladder injuries - obstetric, gynaecological, colorectal; urinary tract fistulae (vesicovaginal, rectourethral); neuro-urology (spinal cord injury, brain injury voiding dysfunction, cauda equina syndrome, bladder overdistension injury); urodynamics; urological cancer, prostate cancer, bladder cancer, prostate enlargement, urinary tract infections, catheters and endourology.""","""Mr Malde has considerable management experience through his roles as undergraduate urology lead for King's College London Medical School, Clinical lead for female, neuro and reconstructive urology at Guys Hospital, South East London Lead for benign prostate enlargement, and lead for the International Society for the Study of Interstitial Cystitis.""","""Mr Malde has published extensively, including several book chapters. He is Principal Investigator on a number of national trials run by the National Institute for Health and Care Research, in the areas of bladder cancer, urinary incontinence, and prostate enlargement. He is regularly an invited speaker at national and international conferences, including the European Association of Urology, British Association of Urological Surgeons, International Continence Society and International Society for the Study of Interstitial Cystitis.""","""Mr Malde has over 100 peer-reviewed publications. He serves as an editorial board member of the journals BJUI Compass and Prostate Cancer and Prostatic Diseases, and is a reviewer for several other specialist Urology journals.""","""Mr Malde is an expert tutor and faculty on the Royal College of Surgeons Basic Surgical Skills course, FRCS (Urol) course, Scientific Basis of Urology Course, BAUS functional urology training course, and EAU prosthesis course. He is the undergraduate Urology lead for King's College London Medical School and is a postgraduate tutor and supervisor for London Deanery specialty trainees.""","BAUS 2024 Best Poster Prize Aquablation; EAU 2018 Best Poster Prize Non Muscle Invasive Bladder Cancer; Markovits Prize for outstanding leadership and management, University College Hospital London; BAUS Section of FNUU Trainee Bursary award; European Association of Urology Scholarship; Cheselden Surgical Society Meeting Best Presentation, St Thomas Hospital London; Geoffrey Chisholm Gold Medal for outstanding research, MSc in Urology",Royal College of Surgeons; British Association of Urological Surgeons (BAUS); European Association of Urology (EAU); International Continence Society (ICS); International Society for the Study of Interstitial Cystitis; Member of UK Register of Expert Witnesses; Member of the Medico-legal Society,Benign Prostatic Hyperplasia (BPH); Cauda Equina Syndrome; Prostate Cancer; Urinary Incontinence; Urinary Tract Infections (UTI); Urodynamic Studies; Urological Surgery; Urology; Vaginal Mesh,https://www.mccollumconsultants.com/wp-content/uploads/2025/03/Sachin_Mal_001_G.jpg,,info@exp-w.com,+44 (0)161 218 0223,https://www.mccollumconsultants.com/expert-witness/sachin-malde/,Urology,ew-urology
Mr Sameer Singh,"Consultant Orthopaedics & Trauma Surgeon, MBBS, BSc, FRCS (Eng)",Mr Singh has acted as an expert witness since 2008. Mr Singh delivers reports for both claimant and defendant solicitors. Mr Singh provides legal training to assist solicitors in trauma and orthopaedic related matters. Mr Singh was elected as Chair of the BOA Medicolegal committee in 2025. Mr Singh has completed Bond Solon training and maintains his knowledge in medico legal matters with regular CPD.,"Mr Singh is a consultant orthopaedic and trauma surgeon who performs upper and lower trauma, with a specialist interest in upper-limb surgery of the hand, wrist, shoulder and elbow, as well as complex trauma to these regions. After graduating from Guy's and St Thomas' Medical School in 1995, he completed his orthopaedic training in London and was appointed Fellow to the Liverpool Upper-Limb Unit in 2006. Subsequent fellowships at the Adidas Sports Medicine Centre in New Zealand and the Adelaide Sports Medicine Centre in 2007 further refined his focus on elite-athlete injuries. In his Bedford- and Milton Keynes-based practice, Mr Singh provides a dedicated shoulder ultrasound service.","Mr Singh's clinical focus spans the entire spectrum of upper-limb pathology and trauma, including frozen shoulder with Hydrodilatation, arthroscopic sub-acromial decompression, shoulder replacements, neuropathies, arthritis (shoulder, elbow and hand) and post trauma sequelae. His arthroscopic expertise includes rotator-cuff repair, arthroscopic Latarjet for shoulder instability, elbow stabilization, hand/wrist ligament reconstructions, shoulder arthroplasty, trigger-finger release, median/ulnar-nerve decompression, and ganglion excision.","As clinical lead for the ShoulderElbowHand service, Mr Singh oversees service delivery across the Bedford and Milton Keynes sites. He directed the establishment of the one-stop ultrasound clinic integrating imaging, diagnosis and treatment planning into a single patient encounter.","Mr Singh's research focuses on outcomes of arthroscopic and minimally invasive upper-limb procedures, trauma and the effectiveness of hydrodilatation for adhesive capsulitis, and the role of point-of-care musculoskeletal ultrasound in rapid diagnosis.",Mr Singh is co-writing an update for Medicolegal reporting in Orthopaedic Trauma. He has published and presented nationally and internationally on various aspects of orthopaedics.,"Mr Singh is a faculty member for the Royal College of Surgeons in teaching surgical skills to surgeons and allied health care professionals. He also delivers regular workshops on musculoskeletal ultrasound, shock-wave therapy and multidisciplinary upper-limb rehabilitation. Mr Singh has been involved in teaching legal professionals in upper limb pathologies.",Training Hospital of the Year 2023 & 2024; British Orthopaedic Association Teaching Excellence Award (2021),"Fellow, Royal College of Surgeons of England (FRCS); Member, British Orthopaedic Association (BOA); Member, British Society for Surgery of the Hand (BSSH); Member, Society of Sports and Exercise Medicine (SSEM)",Arthroscopy; Brachial Plexus; Carpal Tunnel; Dislocations; Fractures; Hand & Wrist Surgery; Hand Trauma; Nerve Injury; Neuropathy; Reconstructive Surgery; Rotator Cuff Tears; Shoulder Arthroplasty; Shoulder Replacement; Shoulder Surgery; Sports Injury; Surgical Risk Prediction; Trauma; Trauma & Orthopaedic Surgery; Wrist Surgery; Wrist Trauma,https://www.mccollumconsultants.com/wp-content/uploads/2026/01/Sameer-S-CG.jpg,Bedford and Milton Keynes,info@exp-w.com,+44 (0)161 218 0223,https://www.mccollumconsultants.com/expert-witness/sameer-singh/,Orthopaedic Surgery,ew-trauma-and-orthopaedic-surgery
Mr Sandeep Bahia,"BSc, MBBS, PhD, FRCS (Gen Surg)","Mr Bahia is happy to receive instructions from both Claimant and Defendant law firms in both personal injury and clinical negligence cases, and can turn around reports within 6-8 weeks, sooner if required.","Mr Bahia is a Consultant Vascular and Endovascular Surgeon at the East Kent Hospitals University NHS Foundation Trust where he provides an emergency and elective vascular surgery service. He is the Aortic Lead and Vascular Research Lead, as well as KSS CRN Vascular Research Lead.","He has a special interest in aortic aneurysm, lower limb arterial & venous disease and carotid artery disease. He leads on the Complex Aortic Programme in Kent and is Clinical Director for the Kent and Medway Aortic Screening Service.",,Mr Bahia has a particular interest in aortic aneurysms. His PhD was on the shortfall in survival of patients after abdominal aortic aneurysm repair. His current research interests are focused on cardiovascular risk in patients with arterial disease.,"Mr Bahia has published extensively and consistently; he has over 25 peer-reviewed publications. He was also a contributor to the Oxford Textbook of Vascular Surgery (2016) and reviews for multiple publications including the British Journal of Surgery (BJS), Circulation, BMJ, Plos One and European Journal of Vascular and Endovascular Surgery. He also delivers peer reviews for potential NIHR Funded research proposals.",Mr Bahia has presented at a number of national and international conferences.,,,Aneurysm; Angiogram; Angioplasty; Aortic Dissection; Arterio-Venous (AV) Fistula; Blood Pressure; Cannulation; Central Line; Critical Limb Ischaemia (CLI); CT Angiography; Deep Vein Thrombosis (DVT); Diabetic Complications; Endovascular Surgery; Haemorrhage; Ischaemia; IVC Filter; PICC Line; Pulmonary Embolism (PE); Shunt; Stenting; Thrombectomy; Varicose Veins; Vascular Embolisation; Vascular Surgery; Vascular Ulcers; Vasculitis; Venous Thromboembolism (VTE),https://www.mccollumconsultants.com/wp-content/uploads/2023/06/Sandeep_Bahia_11a_Grey_Crop.jpg,East Kent Hospitals University NHS Foundation Trust,info@exp-w.com,+44 (0)161 218 0223,https://www.mccollumconsultants.com/expert-witness/sandeep-bahia-vascular/,Endovascular Surgery;Vascular Surgery,ew-endovascular-surgery; ew-vascular-surgery
Mr Sheikh Tawqeer Rashid,"MA (Cantab), MBBChir, PhD, FRCS","Mr Rashid has been providing medico-legal advice for a number of years. He has undergone his expert witness training. He is registered with APIL, AvMA, the National Crime Agency (NCA) and the UK Register of Expert Witnesses. Mr Rashid enjoys a full medico-legal practice representing both Claimant and Defendant law firms in actions relating to personal injury and clinical negligence. He holds weekly medico-legal clinics in Manchester but is happy to travel in order to conduct home and prison visits. His Claimant/Defendant ratio split is approximately 85/15 and he can usually turnaround reports within 6-8 weeks, sooner if required.","Mr Sheikh Tawqeer Rashid is currently appointed as a Consultant Vascular and Endovascular Surgeon at the Manchester Royal Infirmary (MRI) where he has been Clinical Lead for several years. Having received training in all the common forms of vascular surgery, Mr Rashid went on to be a Fellow in Australia learning advanced endovascular and vascular techniques with a particular focus on diabetic foot disease and limb salvage.","Mr Rashid has an interest in all aspects of vascular surgery particularly minimally invasive techniques, including percutaneous EVAR and tumescence-free endovenous ablation. He has a particular focus in limb preservation and diabetic foot disease with complex, ultra-distal re-vascularisation using both open surgical and endovascular techniques. He has developed the most comprehensive MDT Limb Preservation and Foot Service in the North-West of England to include complex foot surgery, coordinated offloading and advanced wound management techniques.",Clinical Lead for several years at Manchester Royal Infirmary; Training Program Director for Vascular Surgery in North-West England.,"Mr Rashid has both clinical and laboratory-based research interests. His basic science research was in regenerative medicine having completed a PhD in tissue engineering, a post-doctoral lectureship in endothelial progenitor stem cells and more recently the role of progenitor stem cells in diabetes and peripheral arterial disease. In addition to this, he has also undertaken clinical research in venous, renovascular and aneurysm disease. His current focus is on trials to improve wound healing in neuroischaemic and diabetic foot disease.","Mr Rashid has over 50 publications and conference presentations including over a dozen peer-reviewed, first or senior author publications in leading medical and scientific journals. These cover basic science topics in regenerative medicine; the broad range of vascular surgery from venous, aortic and peripheral arterial disease; and more recently wound healing in the diabetic foot.","Mr Rashid has been an Honorary Senior Lecturer at the University of Manchester and the Training Program Director for Vascular Surgery in North-West England. He has developed surgical skills workshops for trainee surgeons and has lectured medical students. He is often an invited speaker at regional, national and international conference and symposia on peripheral arterial disease as well as being on the advisory boards of several multinational healthcare companies.",2011: Charing Cross Symposium Revision Course Prize; 2010: Charing Cross Symposium Surgeons-in-Training Prize; 2004: Young Investigator Award for outstanding research from the International Society for Applied Cardiovascular Biology; 2004: Prize for best selected abstract at the Renovascular Forum; 2003: Patey Prize co-author: Society of Academic & Research Surgery Annual Forum,General Medical Council (GMC); Royal College of Surgeons of Edinburgh (RCS); British Medical Association (BMA); Vascular Society of Great Britain and Ireland (VSGBI),Abdominal Aortic Aneurysm (AAA); Amputation; Aneurysm; Angiogram; Angioplasty; Aortic Dissection; Arterial Disease; Arterio-Venous (AV) Fistula; Carotid Dissection; Cerebral Perfusion; Critical Limb Ischaemia (CLI); CT Angiography; Deep Vein Thrombosis (DVT); Diabetic Complications; Endovascular Surgery; Extracranial Arterial Disease; Haemorrhage; Ischaemic Tissue Injury; Leg Ulcers; Peripheral Artery Disease (PAD); Pressure Sores; Pulmonary Embolism (PE); Shunt; Stroke; Surgical Risk Prediction; Thrombectomy; Varicose Veins; Vascular Embolisation; Vascular Stenting; Vascular Surgery; Vascular Ulcers; Venous Disease; Venous Thromboembolism (VTE); Wound Healing,https://www.mccollumconsultants.com/wp-content/uploads/2021/10/R5_5380GC.jpg,Manchester Royal Infirmary (MRI); North-West England,info@exp-w.com,+44 (0)161 218 0223,https://www.mccollumconsultants.com/expert-witness/tawqeer-rashid/,Endovascular Surgery;Vascular Surgery,ew-endovascular-surgery; ew-vascular-surgery
Mr Simon Carr,"MD, FRCS (ORL-HNS)","Mr Carr has been providing medico-legal advice for a number of years. He has undergone his expert witness training. Mr Carr is registered with APIL, AvMA, National Crime Agency (NCA) and the UK Register of Expert Witnesses. He enjoys a full medico-legal practice representing both Claimant and Defendant law firms in actions relating to both personal injury and clinical negligence. His Claimant/Defendant ratio split is approximately 50/50. Mr Carr holds weekly medico-legal clinics in Sheffield and he can usually turnaround reports within 6-8 weeks, sooner if required.","Mr Simon Carr has been a Consultant Ear, Nose & Throat (ENT) Surgeon at the Sheffield Children's Hospital, the Bradford Royal Infirmary and the Royal Hallamshire Hospital since June 2018. He has a tertiary adult and paediatric ENT practice, focusing primarily on otology, neuro-otology, hearing implantation including cochlear implantation and lateral skull base surgery.","Mr Carr is interested in all aspects of ear, nose and throat surgery with a recognised area of specialism in paediatric and adult otology, including congenital and acquired hearing loss, hearing implantation, chronic ear disease, trauma, industrial deafness, tinnitus and balance.",,,"Mr Carr has published 40 peer-reviewed papers and 10 book chapters and is regularly invited to present at national and international level. He is a manuscript reviewer for a number of journals including Laryngoscope, Otology & Neurotology, Acta Oto-Laryngologica, and European Archives of Oto-Rhinolaryngology. In addition to this, he is also a book reviewer for ENT & Audiology News.",Mr Carr is a regular faculty member on regional temporal bone courses as well as FRCS revision courses.,"Neurotology and Lateral Skull Base Fellowship with Professor John Rutka, Toronto General Hospital. Paediatric ENT and cochlear implantation Fellowship with Professor Blake Papsin at the Hospital for Sick Children in Toronto.",British Medical Association (BMA); Medical Defence Union (MDU); British Society of Otology Council Member (BSO); British Cochlear Implant Group (BCIG); Royal College of Surgeons of England (RCS),"Brain Tumour; Branchial Cyst; Cholesteatoma; Cochlear Implants; Ear, Nose & Throat (ENT) Surgery; Eustachian Tube Dysfunction; Facial Pain; Facial Trauma; Fibromatosis Coli; Glue Ear; Hearing Loss; Hypoglossal Nerve; Nasal Conditions; Nosebleeds; Paediatric ENT; Sinus Conditions; Tracheostomy; Vertigo",https://www.mccollumconsultants.com/wp-content/uploads/2023/05/Simon_Carr_Edit_GB_Crop.jpg,Sheffield Children's Hospital; Bradford Royal Infirmary; Royal Hallamshire Hospital,info@exp-w.com,+44 (0)161 218 0223,https://www.mccollumconsultants.com/expert-witness/simon-carr/,"Ear, Nose & Throat Surgery; Paediatric ENT",ew-ear-nose-and-throat-surgery; ew-paediatric-ent
Mr Simon Galloway,"MBChB, FRCS, CCT, MD","Mr Galloway has been providing medico-legal advice for a number of years. He has undergone his expert witness training. He is registered with APIL, AvMA, National Crime Agency (NCA) and the UK Register of Expert Witnesses. Mr Galloway enjoys a full medico-legal practice representing both Claimant and Defendant law firms in actions relating to personal injury and clinical negligence. Mr Galloway holds weekly medico-legal clinics in Manchester, but is happy to travel in order to conduct home and prison visits. His Claimant/Defendant ratio split is approximately 60/40 and he can usually turnaround reports within 6-8 weeks, sooner if required.","Mr Simon Galloway is a highly respected Consultant General and Upper Gastrointestinal Surgeon practising at the Wythenshawe Hospital, where he has been a consultant since March 2000. Up until recently, Mr Galloway was also the Clinical Director for Surgery at the Wythenshawe Hospital.","Upper gastro-intestinal disease, gallstones and laparoscopic cholecystectomy, achalasia, cancer of the oesophagus and stomach, reflux disease, heartburn and hiatus hernia treatments, laparoscopic fundoplication, inguinal hernia, umbilical hernia, femoral hernia, incisional hernia and recurrent hernias, open and laparoscopic surgery with mesh, endoscopy – gastroscopy sigmoidoscopy.",,Mr Galloway is interested in the immunology of oesophago-gastric cancer.,Mr Galloway has published widely in peer-reviewed journals on all aspects of general and oesophago-gastric surgery.,Mr Galloway is an Educational Supervisor to all grades of junior doctors and undergraduates. He is also a Consultant Appraiser.,,Vice Chair North West Oesophago-gastric clinical subgroup (2009-10); Honorary secretary and executive member of council of the Association of Upper Gastrointestinal Surgeons (AUGIS); Member of Royal College of Surgeons Invited Review Panel (IRM); Fellow of the Royal College of Surgeons of England and Hong Kong; British Medical Association (BMA); Medical Protection Society (MPS),Abdominal Wall Surgery; Appendicitis; Artificial Feeding; Biliary Tree Dysfunction; Breast Reconstruction; Chest Surgery; Cholecystectomy; Cholesteatoma; Colonoscopy; Diaphragm Disorders; Disorders of the Spleen; Duodenum Conditions; Gastrointestinal (GI) Bleed; General Surgery; Haemorrhage; Haemorrhoids; Helicobacter Pylori (H. Pylori); Hernias; Inflammatory Bowel Disease (IBD); Jaundice; Laparoscopy; Laparotomy; Liver Disease; MR Cholangiopancreatography (MRCP); Oesophageal Disorders; Oesophago-gastro-deuodenosopy (OGD); Pancreas Dysfunction; Pelvic Floor; Perianal Abscess; Reconstructive Surgery; Stoma; Stomach Conditions; Twisted Bowel; Upper GI Surgery,https://www.mccollumconsultants.com/wp-content/uploads/2022/01/Simon-Galloway-adjusted-grey-3-e1672932445373.jpg,Wythenshawe Hospital; Manchester (weekly medico-legal clinics),info@exp-w.com,+44 (0)161 218 0223,https://www.mccollumconsultants.com/expert-witness/simon-galloway/,General Surgery;Upper GI Surgery,ew-general-surgery; ew-upper-gi-surgery
Mr Simon Lammy,"Consultant Neurosurgeon & Honorary Clinical Senior Lecturer. BSc (Hons), MBBS, PgCert (Surg), MRCS (Ed), PgDip (Oxon), MFST (Ed), FRCS (Neuro.Surg)","An expert in brain and spinal tumours, degenerative spine disease, Chiari malformations and traumatic neuro-injury, welcomes instructions from both claimant and defendant law firms in personal-injury and clinical-negligence cases.","Consultant neurosurgeon at Queen's Medical Centre, Nottingham. Completed RCS-England senior clinical fellowship in neuro-oncology in Nottingham after achieving Certificate of Completion of Training (CCT) at Institute of Neurological Sciences (INS) in May 2024. OOPR clinical-research fellowship at School of Cancer Sciences, Glasgow. Performed more than 1600 operative cases (ST1-ST8). Co-principal investigator on five prospective BNTRC cohort studies. Supervised over 40 medical students and junior doctors.","Management of complex brain and spinal tumours, degenerative cervical and lumbar spine pathology, Chiari malformations, surgical management of stroke disorders, cerebro-spinal-fluid and hydrodynamic issues, as well as the acute and chronic sequelae of traumatic brain and spinal cord injury. Currently regional Lead for Neuro Trauma.",University of London Medical Students Officer (2005-2006). President of UCL Medical School Students' Union (2006-2007). Senior resident at INS (2020-2021) overseeing scheduling and coordination of neurosurgical registrars. RCS England Associate Surgical Specialty Lead in Neurosurgery (2021-2023). Served on Society of British Neurological Surgeons National Audit Programme. Educational lead for Department of Neurosurgery at Nottingham and East Midlands Cancer Alliance in neuro oncology.,"Honorary Clinical Senior Lecturer at University of Glasgow. Pursuing a PhD focused on glioblastoma biology. Additional research interests include the pathophysiology and management of traumatic brain injury, malignant middle cerebral artery infarction, and the broader neurosurgical care of acute neuro critical patients. Tessa Jowell Brain MATRIX NIHR associate PI.","Over 60 publications and more than 40 presentations, many of which are indexed on PubMed and available for review. Revised and published second and third editions of Surgical Critical Care for the MRCS OSCE. Published extensively in Royal College of Surgeons of Edinburgh's Surgeons' News. Co-Principal Investigator on five published BNTRC prospective cohort studies.",Regularly delivers neurosurgical teaching for physicians at the Royal College of Physicians of Edinburgh and serves as a supervising consultant on a joint Queen's Square (London)-Queen's (Nottingham) neurosurgery course. Faculty member of Aberdeen FRCS Neurosurgery Viva Course. Recently appointed Section I question writer for FRCS (Neuro.Surg) examination by Joint Committee on Intercollegiate Examinations (JCIE). Former Faculty Tutor and Course Director for START Course at Royal College of Surgeons of England.,Cancer Research UK - CRUK RadNet Glasgow Grant (2022); Royal College of Surgeons of Edinburgh: Small Pump Prime Grant (2022); UCL Medical School - The Lloyd Bland Year 5 MBBS Prize (2010); University College London Union - Honorary Life Membership (2007),Society of British Neurological Surgeons; British Neuro Oncology Society (BNOS),Brain Haemorrhage; Brain Injury; Brain Tumour; Chiari Malformations; Cranial Trauma; Cranial Neurosurgery; Degenerative Spine; General Neurosurgical Procedures; Glioblastoma; Head Injury; Hydrocephalus; Neuro-Oncology; Neurosurgery; Spinal Disc Disease; Spinal Surgery; Spinal Trauma; Spinal Tumours,https://www.mccollumconsultants.com/wp-content/uploads/2026/05/SP_Lammy_CG.jpg,Nottingham (Queen's Medical Centre); Glasgow (Honorary appointment at University of Glasgow),info@exp-w.com,+44 (0)161 218 0223,https://www.mccollumconsultants.com/expert-witness/simon-lammy/,Neurosurgery,ew-neurosurgery
Mr Skaria Alexander,"MBChB, MRCS, PGDip(Burns Care), FRCS(Plast)","Mr Alexander is registered with the Association of Personal Injury Lawyers (APIL), the National Crime Agency (NCA), and the UK Register of Expert Witnesses. He is happy to be instructed by both Claimant and Defendant law firms in personal injury and clinical negligence actions. Mr Alexander has attended multiple medico-legal training courses: 'Bond Solon: Excellence in Report Writing', 'Electronic Learning for Healthcare' (Health Education England), and 'Doctors in the witness box: A practical guide to attending court and giving evidence' (Medical Protection Society). Mr Alexander is also in the process of completing the Bond Solon courses: 'Civil Law & Procedure (England & Wales)', and 'Discussion Between Experts'; due to be completed March 2023. Mr Alexander can usually turnaround reports within 6-8 weeks, sooner if required.","Mr Alexander has practised as a Consultant Plastic, Burns, and Reconstructive Surgeon at the Nottingham University Hospitals NHS Trust since 2018, and an Honorary (Consultant) Assistant Professor at the University of Nottingham since 2020. He qualified, attaining an MBChB, at the University of Edinburgh. From 2008, he practised as a Plastic Surgery Registrar until 2016 when he undertook the Victorian Burn Fellowship in Melbourne, Australia. In 2017, also in Melbourne, Mr Alexander completed a Microsurgery and Aesthetic Surgery Fellowship, under Mr Damian Grinsell. In 2018 he moved back to the United Kingdom.","Mr Alexander holds subspeciality interests in burn injuries, lower limb trauma/reconstruction, plastic surgery trauma, scar management, perineal reconstruction, and general plastic surgery.",Mr Alexander is his department's clinical lead for trauma and also governance.,"As a Plastic, Burns, and Reconstructive Surgeon, much of Mr Alexander's research focuses on the management and outcomes for burns and lower limb trauma.","Mr Alexander has produced over 20 peer-reviewed articles, including an evaluation of Diphoterine®, and an evaluation of Epiprotect® burns dressings in young children, a combination single CT scan for breast cancer staging and reconstruction, and comparative osteoradionecrosis rates in bony reconstructions for head and neck malignancy. Mr Alexander is a reviewer for numerous journals: JPRAS; Burns; Injury; Trauma; and Burns, Scars and Healing. He has also acted as a professional expert for NICE.",Mr Alexander is currently an Honorary (Consultant) Assistant Professor at the University of Nottingham's School of Medicine. He supervises MSc students and has created Special Study Modules in Plastic Surgery for 4th Year medical students. He is the supervisor for an Advanced Clinical Practitioner in Burns and Plastics.,,"British Association of Plastic, Reconstructive and Aesthetic Surgeons (full member); Royal College of Surgeons of England and Wales (fellow); Plastic, Reconstructive and Aesthetic Surgeons Indemnity Scheme; Confederation of British Surgery",Burn Injury; Complex Limb Reconstruction; Microsurgery; Perineal Reconstruction; Plastic Surgery; Reconstructive Surgery; Scarring; Skin Graft/Flap,https://www.mccollumconsultants.com/wp-content/uploads/2023/02/Skaria-Alexander-grey-1-e1677501643707.jpg,Nottingham University Hospitals NHS Trust,info@exp-w.com,+44 (0)161 218 0223,https://www.mccollumconsultants.com/expert-witness/skaria-alexander/,Plastic Surgery,ew-plastic-surgery
Mr Venkatarama Dwarampudi,"Advanced Orthoptist, MSc, BMedSci (Hons)",Mr Dwarampudi is happy to be instructed by both Claimant and Defendant law firms in personal injury and clinical negligence actions.,"With over twenty-two years clinical experience at Manchester Royal Eye Hospital, he has gained extensive experience in the assessment and diagnosis of ocular conditions related to strabismus, diplopia, and visual deficit in paediatric, adult and patients with developmental delay, also showing a specialist interest in neuro-ophthalmology and teaching. He completed his postgraduate study achieving an MSc in Investigative Ophthalmology and Vision Sciences in 2007 from The University of Manchester.",Mr Dwarampudi is passionate about adult and paediatric strabismus and has a special interest in education and teaching.,Mr Dwarampudi is currently responsible for leading orthoptists and orthoptic assistants at a large tertiary centre at Manchester Royal Eye Hospital.,,,"Mr Dwarampudi is a lecturer and clinical demonstrator at The University of Manchester, The University of Sheffield, The University of Liverpool, and Glasgow Caledonian University. He also provides material for the MSc Orthoptic Course at University College London and The MSc in Investigative Ophthalmology and Vision Sciences at The University of Manchester. Mr Dwarampudi is also a project supervisor on the MSc in Investigative Ophthalmology and Vision Sciences at The University of Manchester.",,Health & Care Professions Council (HCPC); The British and Irish Orthoptic Society (BIOS),Double Vision; Eye Conditions; Ophthalmology; Optic Nerve Conditions; Orthoptics; Paediatric Ocular Inflammation; Paediatric Ophthalmology; Visual Field Defects,https://www.mccollumconsultants.com/wp-content/uploads/2025/06/Venkat_Dwarampud_001_CG.jpg,Manchester Royal Eye Hospital,info@exp-w.com,+44 (0)161 218 0223,https://www.mccollumconsultants.com/expert-witness/venkatarama-dwarampudi/,Ophthalmology; Paediatric Ophthalmology,ew-ophthalmology; ew-paediatric-ophthalmology
Mr Zafar Naqui,"BSc, MBBS, MRCS, MSc (Orth), FRCS (Tr & Orth), Br. Dip.","""Mr Naqui has been preparing medico-legal reports since 2012. Mr Naqui keeps up to date and maintains best practice as an Expert by undertaking medico-legal training courses. These include the Specialist Info Medico-Legal Expert Witness Essentials Course, the Bond Salon Excellence Course and the Specialist Info Medico-Legal Clinical Negligence Course. Mr Naqui is happy to be instructed by both Claimant and Defendant law firms in personal injury and clinical negligence actions.""","""Mr Naqui graduated from University College, London in 1997. His basic and higher surgical training in Trauma & Orthopaedics were in the North West. Mr Naqui held further clinical fellowships in Manchester (National Interface Hand Fellow) and Wrightington, as well as visiting fellowships to Harvard University (Massachusetts General Hospital) and The Mayo Clinic in Rochester, Minnesota USA. He works exclusively as a specialist Consultant Orthopaedic Hand and Wrist Surgeon since 2008. He provides a tertiary referral service for management of complex injuries to the Hand and Wrist. He is the Clinical Director for Trauma, Orthopaedics and Plastic Surgery at Salford Royal NHS FT. Mr Naqui was awarded dual post graduate certification in Hand Surgery from both the British and European boards of Hand Surgery in 2013, becoming the first surgeon to hold these awards. In 2016, he was awarded the first ever Masters of Hand Surgery from the BSSH and University of Manchester for his research into wrist ligament injury (scapholunate dissociation). He is one of only two surgeons to hold all three accolades. Mr Naqui has also completed a Master's degree in Orthopaedic Engineering.""","""Mr Naqui's elective practice is exclusively hand and wrist surgery. He also specialises in complex hand and wrist trauma and sports injuries.""","""Mr Naqui has a lot of management experience. He is the Clinical Director for Orthopaedic and Plastic Surgery at the Northern Care Alliance (incorporating Salford Royal, Bury, Rochdale and Oldham hospitals). He is on the Executive Board for both the Federation of European Societies for Surgery of the Hand (FESSH) and the British Society for Surgery of the Hand. He is the chair of communications for FESSH. He was also lead for the digital committee of the Journal of Hand Surgery.""","""Mr Naqui's Research interests include trauma, wrist pain, wrist and hand arthritis, thumb arthritis, and carpal tunnel syndrome.""","""Mr Naqui has presented numerously within the UK and internationally. His research publications include book chapters in Hand Surgery. These can be found on Google Scholar under Zaf Naqui.""","""Mr Naqui is an educational supervisor of the National Interface Hand Fellows at The Manchester Hand Centre at Salford Royal. Mr Naqui is an examiner for both the British and European Board Hand Diplomas. He is a committee member for the BSSH Instructional Courses in Hand Surgery, which provide a higher surgical education covering all aspects of Hand Surgery. He is the founder and convenor of the BSSH Masterclasses in Hand Surgery, training other Hand Surgeons from across Europe. He is the digital media editor for the prestigious Journal of Hand Surgery (European).""","The John Murray and Sir William Gowers Prize for Clin. Pharmacology - 1995; First prize in Department of Primary Health Care Project - 1996; Awarded membership of 'The Middlesex Hospital Society' - 1995-7; Bolton Medical Society Junior Doctors Presentation Prize - 2002; Royal Bolton NHS Trust Excellence Award - 2007 (Organisational Learning and Development champion); The Sir John Charnley Prize for the best Adult Clinical Paper, NWOA - 2007; The Peter Mallinson Bursary for the best Research Paper, NWOA - 2008; AO Trauma Fellowship - Professor Jesse Jupiter (Sept-Oct) Harvard University, Massachusetts General Hospital, Boston, USA - 2012; BSSH Stack International Travelling Fellowship (USA, France, Spain, Hong Kong) - 2014; ASSH International Travelling Fellow (The Mayo Clinic, Rochester, Minnesota) - 2014",Honorary Treasurer of the British Society for Surgery of the Hand; Executive Council Member for the Federation of European Societies of Surgery of the Hand; Royal College of Surgeons of England; North West Surgical Hand Society; British Medical Association,Arthritis; Complex Fracture; Hand & Wrist Surgery; Hand Trauma; Minimally Invasive Surgery; Nerve Injury; Trauma & Orthopaedic Surgery; Wrist Surgery; Wrist Trauma,https://www.mccollumconsultants.com/wp-content/uploads/2024/08/Zafar_Naqui_008_CG.jpg,,info@exp-w.com,+44 (0)161 218 0223,https://www.mccollumconsultants.com/expert-witness/zafar-naqui/,Orthopaedic Surgery,ew-trauma-and-orthopaedic-surgery
Mr Zameer Shah,"MBBS, MRCS, DipOrth, DipSEM, FRCSEd, FRCSE, MBA","""Mr Shah has been providing medico-legal advice for a number of years. He has undergone his expert witness training. He is registered with APIL, AvMA, National Crime Agency (NCA) and the UK Register of Expert Witnesses. Mr Shah enjoys a full medico-legal practice representing both Claimant and Defendant law firms in actions relating to personal injury and clinical negligence. Mr Shah holds weekly medico-legal clinics in London, but is happy to travel in order to conduct home and prison visits. His Claimant/Defendant ratio split is approximately 60/40 and he can usually turnaround reports within 6-8 weeks, sooner if required.""","""Mr Shah has been a Consultant Trauma & Orthopaedic Surgeon at Guy's and St. Thomas's Hospital for eight years where he is also the Clinical Lead for Trauma & Orthopaedic Surgery. In addition to dealing with elective orthopaedic procedures of the lower limbs, hip and knee he also treats sports injuries and trauma patients and provides a general on-call emergency service. Mr Shah has led the development of the enhanced recovery programme at Guy's and St. Thomas's Hospital which has won national recognition; he has been recognised with Certificates of Clinical Excellence for the past four years.""","""Mr Shah specialises in hip and knee surgery, with a particular interest in hip and knee arthroplasty and revision surgery. He also has a special interest in sports injuries, trauma patients, ongoing pain, fracture treatment, return to activities, nerve injuries during surgery and infection after surgery.""","""Clinical Lead for Trauma & Orthopaedic Surgery"" at Guy's and St. Thomas's Hospital; ""Clinical Lead at the Royal College of Surgeons, working to advance surgical practice globally through the International Surgical Training Programme""","""Culyer Scholarship, awarded as Research Fellow at Royal National Orthopaedic Hospital, Stanmore, undertaking work in the use of Stem Cells, and is currently researching potential uses.""","""Mr Shah has published widely in peer-reviewed journals and is regularly invited to lecture at national and international conferences...He is on the Editorial Review Boards of Hip International and the Bone & Joint Newsletter, and the Editorial Boards of the JBJS American Hip Newsletter, JBJS American Knee Newsletter and Arthroplasty Today.""","""Mr Shah is a Senior Lecturer at King's College London. He is responsible for the training and teaching of undergraduate and postgraduate students in the field of orthopaedics and trauma surgery.""",Culyer Scholarship; Certificates of Clinical Excellence for the past four years; recognised as one of the Next Generation Capital Leaders by the London Leadership Academy,British Medical Association; British Orthopaedic Association; British Hip Society; European Hip Society; Royal College of Surgeons of England,Amputation; Arthritis; Arthroscopy; Back Pain; Cartilage Dysfunction; Crush Injury; Degenerative Bone Disorders; Facial Trauma; Fractures; Gout; Hand Trauma; Hip Surgery; Joint Replacement; Knee Surgery; Laparoscopy; Ligament and Tendon Damage; Lower Limb Surgery; Lumbar Decompression; Mandibular Condylar Fracture; Osteonecrosis & Osteomyelitis; Reconstructive Surgery; Spinal Disc Disease; Sports Injury; Trauma & Orthopaedic Surgery; Whiplash; X-Ray,https://www.mccollumconsultants.com/wp-content/uploads/2021/10/10-CLIENT-BW-G-cropped.jpg,London (weekly clinics); willing to travel for home and prison visits,info@exp-w.com,+44 (0)161 218 0223,https://www.mccollumconsultants.com/expert-witness/zameer-shah/,Orthopaedic Surgery,ew-trauma-and-orthopaedic-surgery
Ms Jane Halliday,"FRCS (Neuro.Surg), M.Sc, MB BChir, MA (cantab)","Ms Halliday has completed Inspire MediLaw's RCS-accredited two-day Expert Witness Training - covering expert evidence, report writing, claim processes, GDPR, breach of duty, causation, consent, CPR Part 35, expert meetings, costs and courtroom skills. She receives instructions from both claimant and defendant law firms in personal-injury and clinical-negligence cases.","Ms Jane Halliday has been a full-time practising consultant neurosurgeon since August 2018. She joined Northern Care Alliance NHS Foundation Trust at Salford Royal Hospital, Manchester in 2023. She performs roughly 200 adult neurosurgical operations each year and sees about 500 out-patients, while covering a full adult on-call rota. Her on-call work centers on acute cranial emergencies including head injury, intracranial hemorrhage, tumors with mass effect, pituitary apoplexy, and hydrocephalus.","Ms Halliday covers all aspects of cranial neurosurgery through her on-call and general neurosurgical practice. Subspecialty focus: skull-base and pituitary pathology. She routinely treats intracranial meningiomas, schwannomas, pituitary adenomas, Rathke's cleft cysts, patients with trigeminal neuralgia or hemifacial spasm, benign developmental lesions, dermoid/epidermoid and arachnoid cysts.","Holds an M.Sc in Healthcare Leadership. Serves as Deputy Clinical Director within the Neurosurgery, Spine and Pain division. Clinical lead for the pituitary surgery team, overseeing audit, governance and service development. Clinical lead for Neurosurgical Trauma service. Co-leads Manchester NF2 SWN team.",,"Ms Halliday has contributed to over 40 original research papers published in peer reviewed journals, available through PubMed.","Ms Halliday is an educational and clinical supervisor in her department. She regularly delivers Neurosurgery training to resident doctors, fellows and nursing colleagues.",,General Medical Council (GMC); Society of British Neurological Surgeons (SBNS); British Skull Base Society (BSBS); Medical Protection Society; British Medical Association (BMA),Arachnoid Cyst; Cranial Meningiomas; Cranial Schwannomas; Endoscopic skull base surgery; Epidermoid Cyst; General Cranial Neurosurgery; Head Injury; Hemifacial Spasm; Hydrocephalus; Intracranial Haemorrhage; Intracranial Pressure; Microscopic Skull Base Surgery; Neuro Fibromatosis Type 2; Neurosurgery; Pituitary Tumour; Trigeminal Neuralgia,https://www.mccollumconsultants.com/wp-content/uploads/2026/06/Jane-Halliday_CG.jpg,"Salford Royal Hospital, Manchester (Northern Care Alliance NHS Foundation Trust)",info@exp-w.com,+44 (0)161 218 0223,https://www.mccollumconsultants.com/expert-witness/jane-halliday/,Neurosurgery,ew-neurosurgery
Ms Sara Dorman,"MBChB, BMSc, MSc, MFSTEd, FRCSEd",Dr Sara Dorman enjoys receiving instructions from both Claimant and Defendant law firms in personal injury and clinical negligence cases.,"Sara Dorman is a consultant paediatric orthopaedic surgeon with specialist expertise in neuromuscular conditions, upper limb surgery and spasticity management. Since 2022, she has worked at Sheffield Children's Hospital and Rotherham Foundation Trust, with a clinical focus on cerebral palsy, upper limb reconstruction, brachial plexus sequalae, and peripheral nerve surgery. Her current practice also includes the management of spasticity in adults, including those with stroke. She also undertakes overseas humanitarian work and teaching in Cambodia, clinical private practice in Sheffield and works as an associate with Phoenix Rehabilitation.","Specialist interests include upper limb reconstruction, including the management of congenital upper limb differences, comprehensive spasticity management, and the treatment of complications after brachial plexus injuries, as well as peripheral nerve problems. Ms Dorman also has a transitional and adult practice for complex upper limb neuromuscular conditions including those with cerebral palsy, stroke, and spasticity.","Dr Dorman chairs the Global Partnership Committee of the British Society for Children's Orthopaedic Surgery (BSCOS) and also serves on the equivalent committee for the British Society for Surgery of the Hand (BSSH). As Clinical Lead for the International Surgical Training Programme (Trauma & Orthopaedics, South Yorkshire), she oversees the integration and training of overseas surgeons within the UK system. She is a member of the BMA Local Negotiating Committee and was selected as a Lady Estelle Wolfson Emerging Leader.","Sara is actively involved in leading innovative research, with a particular focus on upper limb function and outcomes in children. She is Principal Investigator for multiple projects, including the development of novel outcome measures for paediatric upper limb spasticity and cerebral palsy, and the advancement of 3D motion analysis to better understand upper limb function. She also leads international research aimed at improving orthopaedic care in low-resource settings.","Sara Dorman has an extensive research portfolio, with publications in leading peer-reviewed journals including Bone & Joint Journal, Trials, and the Journal of Paediatric Orthopaedics. She has contributed to major multicentre randomised controlled trials and national collaborative studies published in The Lancet, including the landmark SCIENCE trial evaluating surgical versus non-surgical treatment in paediatric elbow fractures.","Sara Dorman is Upper Limb Lead for the Sheffield Advanced Paediatric Course and faculty for the Advanced Masterclass in Upper Limb Spasticity in Budapest. She contributes internationally through the AO Alliance for Africa. She undertakes twice-yearly humanitarian teaching visits to Cambodia. She plays a key role in surgical training as Paediatric Sector Tutor and Academic Supervisor for the South Yorkshire Trauma & Orthopaedic Deanery, and as Departmental Teaching Lead at Sheffield Children's Hospital. She is an instructor on the FRCS Chesterfield Course and serves as Clinical Lead for the ISTP programme with the Royal College of Surgeons.","Research Grant, British Society for Surgery of the Hand (BSSH), 2024; Travelling Fellowship (Minnesota), BSSH, 2023; Travelling Fellowship (Paris), British Orthopaedic Association (BOA), 2022; Klenerman Gold Medal (FRCS), Mersey Deanery, 2019; Chaterjee Fellowship, BOA, 2019; Cutner Travelling Fellowship, Royal College of Surgeons of Edinburgh (RCSEd), 2019; Research Grant, British Society for Children's Orthopaedic Surgery (BSCOS), 2018",Fellow of the Royal College of Surgeons of England (FRCS Eng); Faculty of Surgical Trainers at the Royal College of Surgeons of Edinburgh (MFSTEd); Active member of the British Society for Surgery of the Hand (BSSH); Active member of the British Society for Children's Orthopaedic Surgery (BSCOS); Active member of World Orthopaedic Concern (WOC),Brachial Plexus; Cerebral Palsy; Limb Deformity; Nerve Injury; Nerve Surgery; Neuromuscular Conditions; Paediatric; Paediatric Fractures; Paediatric Orthopaedics; Peripheral-Nerve Injuries; Spasticity; Spasticity Management; Surgery; Trauma & Orthopaedic Surgery; Upper Limb Reconstruction; Upper Limb Surgery,https://www.mccollumconsultants.com/wp-content/uploads/2026/05/Sara_Dorman-CG.jpg,Sheffield Children's Hospital and Rotherham Foundation Trust,info@exp-w.com,+44 (0)161 218 0223,https://www.mccollumconsultants.com/expert-witness/sara-dorman/,Orthopaedic Surgery; Paediatric; Paediatric Orthopaedics,ew-paediatric; ew-paediatric-orthopaedics; ew-trauma-and-orthopaedic-surgery
Nader Neil Terry Rehmatullah,"BSc (Hons), MBChB, MRCS, FRCS (Tr&Orth England) | Consultant Trauma and Orthopaedic Surgeon","""Mr Rehmatullah, has completed Bond Solon Expert witness training and maintains a full medico-legal practice, providing expert opinions in both personal injury and clinical negligence cases, and is instructed by both Claimant and Defendant law firms.""","""Mr Rehmatullah is a distinguished orthopaedic surgeon with a specialist interest in the management of knee conditions, ranging from sports knee injuries and ligament reconstruction to joint replacement, limb realignment and the treatment of knee arthritis. He combines advanced surgical practice with innovative biological treatments such as PRP, Arthrosamid and BMAC injections, offering a comprehensive approach to modern orthopaedic care.""","""Mr Rehmatullah specialises in the comprehensive management of knee pathology. This includes all aspects of sports knee surgery, offering both non-surgical and surgical solutions for a wide range of athletic injuries. He has a dedicated interest in knee arthritis treatment, providing a full spectrum of care from conservative approaches to surgical interventions. A key focus is the utilisation of biologics for both knee injuries and osteoarthritis, including techniques such as PRP, Arthrosamid, and BMAC injections.""","""He currently holds the position of Welsh National Clinical Lead for Knee Surgery, providing strategic direction and oversight for knee surgery across Wales. This role is underpinned by substantial management experience gained throughout his training, where he consistently sought and fulfilled opportunities to develop leadership and skills.""","""Mr Rehmatullah's research interests focus on optimising outcomes in knee surgery. He is actively involved in investigating biologics for knee injuries and exploring soft tissue knee advancements, with a commitment to contributing to the evidence base and improving patient care.""","""His research portfolio encompasses a wide range of orthopaedic topics, including knee osteoarthritis, patellofemoral instability, hip arthroplasty, and spinal surgery. He has published original research in peer-reviewed journals such as the Journal of Experimental Orthopaedics and the Bone and Joint Journal, and presented his findings at numerous national and international conferences, including EFORT, BOA, and SICOT.""","""He actively contributes to postgraduate medical education as a faculty member on the Wrightington T&O FRCS Revision Course for consultants, sharing his expertise and knowledge in advanced orthopaedic techniques. Furthermore, he is a certified ATLS Instructor, demonstrating his commitment to providing essential trauma management skills and ensuring a high standard of emergency care.""",,General Medical Council (GMC); Royal College of Surgeons of England; British Orthopaedic Association (BOA); British Association for Surgery of the Knee (BASK); British Patello-Femoral Society (BPFS); British Association of Daycase Surgery (BADS); British Biological Knee Society (BBKS); World Orthopaedic Concern (WOC),Anterior Knee Pain; Arthritis; Arthroscopy; Fractures; Joint Replacement; Knee Arthritis; Knee Injury; Knee Ligaments; Knee Surgery; Limb Realignment; Lower Limb Fractures; Lower Limb Surgery; Patella Instability; Sports Injury; Sports Knee Injuries; Trauma; Trauma & Orthopaedic Surgery,https://www.mccollumconsultants.com/wp-content/uploads/2026/06/Nader_CG.jpg,,info@exp-w.com,+44 (0)161 218 0223,https://www.mccollumconsultants.com/expert-witness/nader-neil-terry-rehmatullah/,Orthopaedic Surgery,ew-trauma-and-orthopaedic-surgery
Nicholas Symons,"MBChB, MSc, FRCS, PhD","Mr Symons has undertaken Bond-Solon training in expert witness report writing, courtroom skills and civil law procedure, leading to the Cardiff University Bond Solon Certificate. Mr Symons is happy to be instructed by Claimant and Defendant law firms in both personal injury and clinical negligence cases.","Mr Symons has served as a Consultant Colorectal Surgeon at Oxford University Hospitals since 2019, delivering a comprehensive range of colorectal and emergency general surgical services. He completed his surgical training in London at the Royal London and Royal Free Hospitals, followed by a fellowship in advanced malignancy at the Peritoneal Malignancy Institute in Basingstoke, where he refined his expertise in complex oncologic procedures. In his current role, Mr Symons acts as the Clinical Lead for Colorectal Surgery, oversees the lower gastrointestinal multidisciplinary team (MDT), and spearheads the colorectal robotic‑surgery programme at Oxford, ensuring the integration of cutting‑edge technology into routine practice. In addition to his operative responsibilities, Mr Symons is actively involved in service development and quality‑improvement initiatives across the Trust. He has been a key leader in the redesign of the urgent suspected cancer pathway, which now meets the challenging national benchmarks. He has contributed to development of a new service for the management of high-risk anal dysplasia and routinely audits surgical outcomes, coordinating with the National Bowel Cancer Audit to drive evidence-based improvements. By driving the adoption of novel methods of managing anastomotic leak and by reduction in the routine use of ileostomies, his leadership has resulted in measurable reductions in postoperative complications and shorter lengths of stay for colorectal patients, reinforcing his reputation as a clinician‑scientist committed to high‑quality patient care.","Mr Symons's clinical portfolio encompasses the full spectrum of colorectal and emergency general surgery, with a particular focus on lower gastrointestinal malignancies. His elective practice is centred on the management of colon, rectal, and anal cancers, where he applies both conventional and minimally invasive techniques, including robotic‑assisted resections, to optimise oncologic outcomes while preserving function. He also possesses specialised skills in the treatment of locally advanced pelvic tumours, performing complex exenterative procedures that may involve urological and gynaecological structures when required. Beyond malignancy, Mr Symons treats all categories of proctological disease, hernias, pelvic‑floor disorders, and trauma. He is recognised for his proficiency in functional bowel surgery, particularly the assessment and management of postoperative bowel dysfunction following rectal cancer resection. His comprehensive approach to emergency general surgery ensures rapid, evidence‑based interventions for acute abdominal pathologies, reflecting his commitment to delivering safe, high‑quality care across both elective and urgent settings.","In his capacity as Clinical Lead for colorectal surgery at Oxford, Mr Symons chairs the lower gastrointestinal MDT, coordinates multidisciplinary care pathways, and represents the Oxford Chapter of the Association of Coloproctology of Great Britain and Ireland on the Association's council. He previously directed the urgent suspected‑cancer pathway for colorectal malignancies within the Trust and served as Chairman of the London Surgical Research Group collaborative, overseeing large‑scale multicentre research projects and fostering a culture of collaborative investigation.","Mr Symons earned his PhD from Imperial College London, where his thesis examined patient safety, quality of care, and outcomes in emergency general surgery, generating several high‑impact peer‑reviewed publications. He currently leads two randomised controlled trials in Oxford: one evaluating novel staging techniques for rectal cancer, and another investigating strategies to mitigate bowel dysfunction after rectal resection. His earlier research activities included extensive involvement with trainee research collaboratives and three years at the helm of the London Surgical Research Group, during which he facilitated numerous multicentre studies.","Mr Symons's scholarly output is extensive, with articles appearing in high‑impact, peer‑reviewed journals and accumulating more than 800 citations to date. He contributed as a co‑author to the Royal College of Surgeons' Guidelines for the Management of High‑Risk General Surgical Patients, underscoring his influence on national surgical standards.","A GMC‑recognised educational supervisor, Mr Symons mentors surgical trainees, participates regularly in annual review panels, and serves as an examiner for Oxford University medical‑student clinical examinations. He also leads the colorectal robotic‑surgical training programme in Oxford, delivering hands‑on training to ensure the next generation of surgeons acquire proficiency in advanced minimally invasive techniques.",Margaret Witt Prize – Royal College of Surgeons of England; Needlemakers Bursary – Royal College of Surgeons of England,Royal College of Surgeons of England (RCS ENG); Council Member at Association of Coloproctology of Great Britain and Ireland (ACPGBI),Anal Fistula; Colonoscopy; Colorectal (Lower GI) Surgery; Emergency General Surgery; General Surgery; Haemorrhoids; Hernias; Inflammatory Bowel Disease (IBD); Laparoscopic Surgery; Laparotomy; Rectal Cancer; Robotic Surgery; Stoma; Trans-anal Minimally Invasive Surgery (TAMIS); Twisted Bowel,https://www.mccollumconsultants.com/wp-content/uploads/2026/03/PRT_Nick_Symons_CG.jpg,Oxford University Hospitals,info@exp-w.com,+44 (0)161 218 0223,https://www.mccollumconsultants.com/expert-witness/nicholas-symons/,Colorectal Surgery;General Surgery,ew-colorectal-surgery; ew-general-surgery
Pallavbhai Desai,"Consultant in Anaesthesia & Pain Medicine, FFPMRCA, FRCA, MB BS",Dr Desai enjoys a full medico-legal practice instructed by both Claimant and Defendant law firms in personal injury and clinical negligence cases. Dr Desai has attended expert witness training.,"Dr Desai has been a substantive Consultant in Anaesthesia and Chronic pain Medicine since 2018. He is currently at the Wythenshawe Hospital, part of the University of Manchester NHS Foundation Trust. Dr Desai's previous appointments include: Speciality Training Rotation in Anaesthesia, ICU, and Pain Medicine at the Yorkshire and The Humber Deanery between 2012-2018; completing his post CCT Neuromodulation Fellowship at the James Cook University Hospitals between 2018-2019; to then becoming a Locum Consultant in Anaesthesia & Pain Medicine at the same hospital in 2019.","Dr Desai has a special interest in chronic pain, acute pain, general and regional anaesthesia, He has a particular clinical interest in CRPS, post-surgical pain, neuropathic pain, opioid medication management.",,"Dr Desai's research focuses on pain treatment for conditions such as cancer, neuropathic pain, and foot pain due to diabetes.","Dr Desai has been involved in research projects during his post CCT fellowship in Chronic Pain at the James Cook Hospital, Middlesbrough. He has produced publications, poster presentations, and research trial participations including trials for severe foot pain due to diabetes and cancer pain.",,,Royal College of Anaesthetists; Faculty of Pain Medicine; British Medical Association (BMA),Acute Pain Management; Anaesthesia; Chronic Pain; Emergency General Surgery; Neuropathic Pain; Pain Management; Pain Medicine; Post Operative Care,https://www.mccollumconsultants.com/wp-content/uploads/2024/06/Pallav_Desai_CG.jpg,"Wythenshawe Hospital, University of Manchester NHS Foundation Trust",info@exp-w.com,+44 (0)161 218 0223,https://www.mccollumconsultants.com/expert-witness/pallavbhai-desai/,Anaesthesia,ew-anaesthesia
Professor Alastair Windsor,"MBBS, MD, FRCS (Edin, Lond, Glas (Hons))","Professor Windsor has completed a range of specialist medico‑legal courses—including Professional Solutions' report‑writing training, a courtroom‑skills programme, and the Bond Solon Civil Law and Procedure course. Since 2005 he has prepared expert reports on causation, liability, condition and prognosis in clinical‑negligence cases, regularly meets counsel, participates in joint‑statement sessions and gives courtroom testimony, and enjoys receiving instructions from both claimant and defendant law firms.","Professor Alistair Windsor is a Consultant Surgeon and Hon. Professor of Surgery at Ulster University. After a distinguished career in the NHS, where he served as a consultant colorectal surgeon at a series of leading institutions: St James University Hospital, Leeds (1997‑1999); St Mark's Hospital, London (1999‑2006); and University College Hospital London (UCLH) (2006‑2018). He then moved to work in the private sector at the Princess Grace Hospital, part of HCA Healthcare (2018‑2025). Throughout this period, he combined a high‑volume colorectal practice with senior strategic responsibilities, culminating in his appointment as Director for Cancer Surgery across HCA's seven UK hospitals, where he led governance and multidisciplinary‑team structures for the network's cancer services. In addition to these appointments, Professor Windsor has expanded his influence into the private sector. He presently holds the position of Medical Director and Responsible Officer at OSD Private Hospital, and he serves as Chief Medical Officer for Europe at Telabio, where he oversees clinical development and regulatory affairs for innovative surgical technologies. He also acts as Medical Director for 18 Week Support, an NHS insourcing company that provides rapid‑access surgical pathways. Across all these roles, his focus has been on building patient‑centred governance frameworks, fostering collaborative clinical teams, and translating his extensive surgical expertise into improved service delivery.","Professor Windsor's clinical passion has centred on the management of complex inflammatory bowel disease (IBD) and its surgical sequelae. He was a founding member and surgical lead of the national intestinal‑failure (IF) unit at St Mark's Hospital and later established and directed the IF unit at UCLH, contributing substantially to the development of national and international IBD and IF guidelines. His work in the IF units also encompassed the treatment of recurrent incisional hernias and extensive abdominal‑wall defects, earning him a reputation as a leading authority in abdominal‑wall reconstruction. He served on the board of the British Hernia Society and co‑chaired the successful Abdominal Wall Reconstruction Europe Conference, now in its tenth year. Beyond his subspecialty focus, Professor Windsor maintained a comprehensive colorectal practice that included colorectal cancer surgery, functional bowel disorders, prolapse and incontinence, a full spectrum of proctology, and both elective and emergency general surgical cases. He also collaborated closely with a senior gynaecologist in a joint complex endometriosis service, integrating multidisciplinary expertise to optimise patient outcomes. His recent senior strategic role as Director for Cancer Surgery reinforced his commitment to high‑quality, evidence‑based cancer care across a large hospital network.","Throughout his career, Professor Windsor has occupied senior leadership positions in both the NHS and the private sector. He currently serves as Medical Director and Responsible Officer at OSD Private Hospital, Chief Medical Officer for Europe at Telabio, and Medical Director at 18 Week Support. In these capacities he has designed and implemented governance pathways that prioritise patient‑centred surgical care, built high‑performing clinical teams, and promoted collaborative care pathways across institutions.","Professor Windsor's research trajectory began with an MD thesis on gram‑negative sepsis and acute lung injury at the Acute Lung Injury team in Richmond, Virginia. Upon returning to the UK, he investigated surgical nutrition, gut barrier function, gut‑origin sepsis, and multi‑organ failure at St James Hospital, launching an aggressive enteral nutrition programme and conducting a pioneering randomized trial that demonstrated the superiority of enteral over parenteral feeding in acute pancreatitis. At St Mark's and UCLH he helped establish two national intestinal‑failure centres, focusing on the nutritional and surgical management of Type II and III IF. Recognising the need for better understanding of abdominal‑wall pathology, he founded the Abdominal Wall Research Team at UCLH, securing an NIHR ""Research for Patient Benefit"" grant to develop radiological classification systems and prognostic models for hernia recurrence. He has supervised eight higher surgical degrees (MSc, MD, PhD), authored over 200 peer‑reviewed publications, book chapters and books, amassed more than 15 000 citations, and holds an h‑index of 52.","Professor Windsor has supervised eight higher surgical degrees (MSc, MD and PhD) and is the author or co‑author of more than two hundred peer‑reviewed articles, book chapters and full‑length books. Collectively, his work has been cited in excess of 15 000 times, giving him an h‑index of 52.","Professor Windsor has held a variety of academic posts, including Tutor, Lecturer and Senior Lecturer in Surgery at the University of Leeds, Honorary Senior Lecturer and Sub‑Dean for Post‑Graduate Education at St Mark's Hospital and Imperial College London, and Honorary Senior Lecturer at University College London. He was appointed Colorectal Tutor for the Royal College of Surgeons of England, served on the Court of Examiners, and received an Honorary Fellowship from the Royal College of Surgeons of Glasgow for his contributions to surgical education. In 2025 he was invited to serve as Visiting Professor of Surgery at Ulster University. He has contributed to editorial boards of several peer‑reviewed journals, participated in international guideline committees, and held board positions with national societies, while organizing and leading numerous national and international workshops, symposia and conferences dedicated to surgical training.",,Royal College of Surgeons London (RCS); British Society of Gastroenterology (BSG); British Hernia Society (BHS); European Hernia Society; British Medical Association (BMA),Abdominal Wall Hernias; Abdominal Wall Surgery; Bowel Obstruction; Colorectal (Lower GI) Surgery; Colorectal Cancer; Crohn's Disease; Diverticular Disease and Diverticulitis; Haemorrhoids; Inflammatory Bowel Disease (IBD); Pelvic Floor Disorders; Perianal Abscess; Rectal Cancer; Stoma; Ulcerative Colitis,https://www.mccollumconsultants.com/wp-content/uploads/2026/04/Alastair_Windsor_01.jpg,,info@exp-w.com,+44 (0)161 218 0223,https://www.mccollumconsultants.com/expert-witness/alastair-windsor/,Colorectal Surgery,ew-colorectal-surgery
Professor Charles McCollum,"MB ChB, FRCS (Eng), FRCS (Ed), MD, Professor of Surgery","Professor McCollum has over 30 years' experience as a vascular surgery medico-legal expert witness and maintains an established expert witness practice across the full spectrum of arterial, aortic and venous disease. Accepts instructions from Claimant and Defendant teams, insurers, in clinical negligence, personal injury, criminal and coronial matters with approximately 60:40 Claimant/Defendant ratio. Expertise includes breach of duty, causation, condition, prognosis opinions on vascular injury, disease, investigation, treatment and management.","Appointed Professor of Surgery and Head of Academic Surgery at the University of Manchester in 1989, establishing a distinguished career in academic and clinical vascular surgery. Specialist practice encompasses assessment and management of complex arterial, aortic and venous disease including carotid artery disease, peripheral arterial disease, limb ischaemia, aortic aneurysms and complex venous disorders.","Broad range of arterial, aortic and venous disease. Arterial practice includes peripheral arterial disease, arterial occlusive disease, acute/chronic limb ischaemia, revascularisation. Extensive experience in carotid/cerebrovascular disease. Particular expertise in complex aortic and aneurysmal disease, including abdominal aortic aneurysms (AAA), peri-renal and thoraco-abdominal aortic aneurysms. Venous interests include DVT, VTE, chronic venous insufficiency, varicose veins, pelvic venous disease, venous ulceration. Interests also encompass thoracic outlet syndrome, chronic wounds.","Appointed Professor of Surgery and Head of Academic Surgery at the University of Manchester in 1989, with responsibilities spanning clinical practice, academic surgery, research and postgraduate education. Leadership roles included founding Chairman of Vascular Governance North West Programme, Clinical Director of Greater Manchester Abdominal Aortic Aneurysm Screening Programme, and chairing steering committee of North West College of Academic Surgeons.","Extensive research background in vascular and cardiovascular disease, with particular interests in arterial and venous thrombosis, cerebral embolism, stroke, cerebral perfusion, carotid disease, aortic aneurysms and complex venous disease. Research encompasses carotid surgery/angioplasty/stenting, cerebral embolism, AAA screening/surveillance, operative risk assessment, DVT/VTE, chronic venous insufficiency, varicose veins, pelvic vein incompetence, venous ulceration, cerebral embolism relation to cognitive impairment/dementia, ischaemic tissue injury, wound healing, blood transfusion therapy, perioperative outcomes.","Senior author of more than 420 scientific publications, including over 330 original research papers published in peer-reviewed journals. Published research encompasses arterial/venous thrombosis, carotid artery disease, cerebral embolism/stroke, cerebral perfusion, aortic aneurysm disease, peripheral arterial disease, DVT, venous disease, wound healing, vascular surgical outcomes. Research programmes attracted support from NIHR HTA programme, British Heart Foundation and Wellcome Trust.","Extensive experience in undergraduate and postgraduate medical education, surgical training and specialist vascular education. As Professor of Surgery and Head of Academic Surgery at the University of Manchester, he has contributed to the education and professional development of medical students, surgical trainees, vascular surgeons and clinical researchers. Has supervised trainees/researchers and contributed specialist education through invited lectures, scientific meetings, postgraduate teaching.","Two-time winner of the Moynihan Prize, Association of Surgeons of Great Britain & Ireland; Three-time winner of the Patey Prize, Surgical Research Society of Great Britain & Ireland; Hunterian Professor, Royal College of Surgeons of England; NIHR Senior Investigator Award 2016; Lawyer Monthly Vascular Expert Witness of the Year 2025",Association of Surgeons of Great Britain & Ireland; British Medical Association; European Society for Vascular and Endovascular Surgery; International College of Angiology; International Society of Cardiovascular Surgery; International Society of Thrombosis and Haemostasis; Surgical Infection Society (Charter Member); Society of Academic and Research Surgeons of Great Britain & Ireland; Vascular Surgical Society of Great Britain & Ireland; Previous Member of UK National Screening Committee (Abdominal Aortic Aneurysms); Previous Member of vCJD Committee on Blood Transfusion; Previous Member of Working Party on alternatives to blood transfusion for National Blood Service,Acute Aortic Syndromes; Acute Limb Ischaemia; Alzheimer's Disease; Amputation; Aortic Aneurysms; Aortic Dissection; Arteriovenous Fistulae; Asymptomatic Microembolism; Carotid Artery Disease; Central Venous Disease; Cerebral Embolism; Cerebral infarction; Cerebrovascular Disease; Chronic Limb-Threatening Ischaemia; Chronic Venous Disease; Chronic Venous Insufficiency; Chronic wounds; Congenital Vascular Disease; Deep Vein Thrombosis (DVT); Dementia; Diabetic Foot; Diabetic Vascular Disease; Endovascular Intervention; Endovascular Surgery; Haemorrhage; Hypercoagulability; Iatrogenic Vascular Injury; Inflammatory vascular disease; Intestinal ischaemia; Limb Salvage; Major Trauma; Mesenteric ischaemia; Multiple Microembolism; Open Vascular Surgery; Paediatric Vascular Disease; Paediatric Vascular Intervention; Paradoxical Embolism; Peripheral arterial aneurysms; Peripheral Arterial Disease (PAD); Pulmonary Embolism (PE); Renal Disease; Renovascular Disease; Revascularisation; Sepsis; Severe Infections; Stroke; Subclavian arterial disease; Thoracic Outlet Syndrome (TOS); Tissue Loss; Upper-Limb Arterial Disease; Varicose Veins; Vascular Access; Vascular Bleeding; Vascular Compression Syndrome; Vascular Dementia; Vascular Device Complications; Vascular Diagnostic Assessment; Vascular Grafts; Vascular Imaging; Vascular Malformations; Vascular Stents; Vascular Surgery; Vascular Trauma; Vascular Ulcers; Vasculitis; Venous Obstruction; Venous Thromboembolism (VTE); Visceral Arterial Aneurysms,https://www.mccollumconsultants.com/wp-content/uploads/2021/10/R5_6859GC.jpg,"Manchester, United Kingdom (University of Manchester)",info@exp-w.com,+44 (0)161 218 0223,https://www.mccollumconsultants.com/expert-witness/charles-mccollum-vascular-surgery/,Endovascular Surgery;Vascular Surgery,ew-endovascular-surgery; ew-vascular-surgery
Professor Daniel Keenan,"BSc(Hons), MB, BCh, FRCS, FEACTS","Prof Keenan has undertaken extensive medico-legal training throughout his career. Notably, he completed ""The Expert Witness"" course in 2018, followed by ongoing professional development in expert testimony, clinical negligence, safeguarding, and consent. His recent engagements include delivering a lecture on the Duty of Candour (2020) and participating in advanced report writing, inquest training, and mock tribunals. He has attended multiple Expert Witness Institute seminars, Capsticks and Hill Dickinson legal trainings, and the Scottish Medico-legal Conference (2023, 2024). His most recent training includes ""Navigating the Legal Landscape of Medical Consent"" (Feb 2025) and ""Artificial Intelligence in Healthcare – Balancing Innovation and Risk"" (Sept 2024). He also remains actively engaged in cardiothoracic CPD through the Chest Wall Injury Society.","Danny Keenan practiced the full range of cardiothoracic surgery at the Manchester Royal Infirmary and the Alexandra Hospital throughout his career. He trained, initially in surgery, in Belfast learning, at the ""coal face"" during the ""troubles', the principles of trauma surgery, completing his training in the UK and the USA. He is a highly successful Consultant Cardiothoracic Surgeon practicing for 40 years, now retired from active practice. He remained ""on-call"" to this busy unit all his career. He practiced the full range of adult cardiac surgery and has been heavily involved in thoracic trauma, both open and closed, experienced virtually all presentations particularly in relation to penetrating chest injuries and rib fractures. He has seen all complications and has actively led in their management.","Cardiac Surgery: Professor Keenan has practiced all aspects of adult cardiac surgery, including coronary artery bypass grafting, valve replacement and repair, and surgery of the aorta, particularly in cases of aortic dissection. He has been an innovator in the development of minimally invasive techniques, leading to the advancement of the ""off-pump"" approach to bypass grafting. In addition to his surgical innovations, he and his team pioneered the ""open approach"" to surgical results, advocating for transparency by publishing outcomes openly and engaging with both the public and the media. This initiative paved the way for a national approach to result publication. As a result of these contributions, he was appointed Chair of the first Clinical Reference Group in Cardiac Surgery for NHS England. Thoracic Surgery: Professor Keenan has been actively involved in all aspects of thoracic surgery, with a particular focus on thoracic trauma. His early work contributed to the development of videoscopic approaches to thoracic surgery, particularly as a method for managing pneumothorax. His research interests have included pain relief strategies following thoracic surgery and trauma, initially focusing on cryoablation of the intercostal nerves and later progressing to intrathoracic infusions of analgesic agents. In his later career, he transitioned the unit's lung cancer surgery responsibilities to colleagues who could dedicate the necessary time to multidisciplinary meetings in this field. More recently, he has played a key role in developing an aggressive approach to managing severely injured patients requiring ""clamshell"" incisions for bilateral thoracic injuries, including those involving the heart. He is also a member of the Chest Wall Injury Society (CWIS), an international group dedicated to advancing the management of chest injuries.","Professor Keenan served as Clinical Director of Cardiothoracic Surgery at the Manchester Royal Infirmary from 1998 to 2002. During this time, he played a pivotal role in integrating cardiology into a single directorate and collaborated with the University of Manchester to secure funding for two Professors of Cardiology. Following the healthcare reforms introduced by the Blair government, he led the development of the Greater Manchester Cardiac Network as the Clinical Governance Lead. His leadership transformed the approach to service delivery, ensuring that cardiac care was brought closer to the population by establishing strong connections with all District General Hospitals. In 2011, Professor Keenan was appointed as Associate Medical Director at Manchester University NHS Foundation Trust. In this capacity, he was responsible for the appraisal and revalidation of medical colleagues and was actively involved in managing ""doctors in difficulty."" For a decade from 2011, he chaired the Indicator Advisory Committee for NICE, where he oversaw the translation of NICE standards into practical metrics that would assist healthcare services in assuring and improving their quality. Between 2013 and 2016, he chaired the first National Clinical Reference Group (CRG) for Adult Cardiac Surgery. Under his leadership, the group developed standards and metrics for adult heart surgery and contributed to the NHS Outcomes Framework, particularly in defining outcome-related metrics. Additionally, the group established guidelines for mitral valve repair and aortic surgery, helping to shape the current standards in adult cardiac surgery.","His research interests have included pain relief strategies following thoracic surgery and trauma, initially focusing on cryoablation of the intercostal nerves and later progressing to intrathoracic infusions of analgesic agents.",,"The training of junior staff in the Cardiothoracic Department has been particularly strong and well evaluated. Prof Keenan has provided significant contributions by ensuring that junior staff receive well-supported training, encouraging them to seek help early. They have been exposed to a wide range of unusual and complex cases, including adult congenital heart disease (ACHD), mitral repair, revisionary coronary surgery, and aortic surgery. Additionally, junior staff have gained experience in ""off-pump"" coronary cases, with specific training tailored to their level of experience. Their development has been further supported through a structured skills escalator process. Prof Keenan has actively taught and promoted the use of audit to improve outcomes, not only in terms of mortality but also morbidity and overall quality. Under this guidance, junior staff have conducted research on various topics, presented their findings at multidisciplinary audit meetings, and contributed to published work. As a practicing cardiothoracic surgeon, Prof. Keenan's work has led to important research projects at the University, fostering collaboration with the cardiovascular research group at the University of Manchester. In recognition of these contributions, Prof Keenan was awarded a personal Chair in Cardiothoracic Surgery by the University in 2009.",ACCEA Gold (level 11) award from 2009 until retirement,"General Medical Council (GMC); Fellow, Royal College of Surgeons (Edinburgh); Society of Cardiothoracic Surgeons of Great Britain and Ireland; Fellow, European Association for Cardiothoracic Surgery; The Clinical Forensic and Legal Medicine Section: The Royal Society of Medicine; The Chest Wall Injury Society; Full Member Expert Witness Institute",Aneurysm; Aortic Dissection; Cardiac Surgery; Cardiothoracic Surgery; Complex Physical Trauma; Coronary Artery Bypass Grafting; Coronary Artery Disease; Heart Failure; Heart Valve Repair/Replacement; Minimally Invasive Surgery; Thoracic pain; Thoracic Surgery,https://www.mccollumconsultants.com/wp-content/uploads/2025/03/Daniel_Keenan_001-CG.jpg,Manchester Royal Infirmary and the Alexandra Hospital,info@exp-w.com,+44 (0)161 218 0223,https://www.mccollumconsultants.com/expert-witness/daniel-keenan/,Cardiothoracic Surgery,ew-cardiothoracic-surgery
Professor Daniel Perry,"MBChB(Hons), MA(Oxon), PhD, FRCS Eng (Orth), FRCS Ed (Ad Hominem)","""Professor Perry accepts instructions from both Claimant and Defendant solicitors in clinical negligence cases involving children's orthopaedic care. His principal areas of medico-legal expertise include delayed or missed diagnosis of developmental dysplasia of the hip, SCFE/SUFE, paediatric fractures, musculoskeletal infection, hip disorders and the management of orthopaedic trauma in children. He has completed the Bond Solon Excellence in Written Evidence course.""","""Professor Daniel Perry is Professor of Children's Orthopaedic Surgery, an NIHR Research Professor, and a Consultant Children's Orthopaedic Surgeon at Alder Hey Children's Hospital in Liverpool. He also holds an honorary academic appointment at the University of Oxford. He trained in Liverpool and Warwick before completing a fellowship at SickKids Hospital in Toronto. He subsequently joined the University of Oxford's Kadoorie Institute for Trauma and Emergency Care and became a Fellow of Wolfson College, Oxford, before returning to Liverpool. He was the first orthopaedic surgeon to be awarded an NIHR Research Professorship. More recently, he completed Harvard Business School's Program for Leadership Development, a year-long executive leadership programme for senior leaders.""","""Professor Perry specialises in children's orthopaedic surgery, with particular expertise in hip disease, musculoskeletal trauma and infection. His clinical interests include developmental dysplasia of the hip (DDH), slipped capital femoral epiphysis (SCFE/SUFE), Perthes' disease, paediatric fractures and musculoskeletal infection. He is Clinical Lead for the national infant hip screening programme.""","""Professor Perry leads a large group of clinical and research staff, delivering the largest portfolio of children's orthopaedic surgery worldwide.""","""Professor Perry leads TOTS Research, a major international programme of clinical trials in children's trauma and orthopaedics. His research portfolio exceeds £35 million and includes large multicentre studies conducted across the UK, USA, Canada, Australia and New Zealand. His research has been published in leading journals including The Lancet, JAMA and The BMJ, and has influenced the treatment of common childhood orthopaedic conditions internationally. Alongside clinical trials, he leads research evaluating artificial intelligence and new technologies in children's orthopaedic care, with a particular focus on translating new technologies safely and rigorously into routine clinical practice.""","""Professor Perry has published over 130 research papers. He is one of a handful of surgeons to have published studies in world-leading journals such as the Lancet, JAMA, the BMJ, which have changed clinical practice internationally.""","""Professor Perry is a Professor at the University of Liverpool. He supervises PhD students at the University of Liverpool and University of Oxford, and regularly contributes to teaching programmes around the world.""","""First Orthopaedic Surgeon to have been awarded a prestigious NIHR Research Professorship, with the University of Liverpool. American-British-Canadian (ABC) Fellowship. British Orthopaedic Association. 2022. Research Award. Commendation for public engagement in Paediatric Randomised Clinical Trials, University of Oxford. 2019. Alan Beeston Award for 'Most Outstanding Early Career Researcher' across all university disciplines - Liverpool University, 2016. Hunterian Professorship - Royal College of Surgeons of England. 2012/13. Robert Jones Gold Medal and Association Prize. British Orthopaedic. 2012. John Sharrard Prize - Best Presentation, European Paediatric Orthopaedic Society (EPOS) Meeting, Helsinki, 2012.""","Member of the International Paediatric Orthopaedic Thinktank (IPOTT); Elected member of 50 international leaders in children's orthopaedic surgery, 2022; Research Committee Member - British Orthopaedic Association, 2016-current",Developmental Dysplasia (DDH); Fractures; Hip Injury; Hip Surgery; Paediatric; Paediatric Fractures; Paediatric Orthopaedics; Slipped capital femoral epiphysis (SCFE); Sports Injury; Trauma & Orthopaedic Surgery; Trauma Care,https://www.mccollumconsultants.com/wp-content/uploads/2024/10/Prof_Daniel_Perry_CG.jpg,"Alder Hey Children's Hospital, Liverpool",info@exp-w.com,+44 (0)161 218 0223,https://www.mccollumconsultants.com/expert-witness/daniel-perry/,Orthopaedic Surgery; Paediatric; Paediatric Orthopaedics,ew-paediatric; ew-paediatric-orthopaedics; ew-trauma-and-orthopaedic-surgery
Professor Jane Ashworth,"BA (Hons), BMBCh, MA, FRCOphth, PhD, CCST",Professor Ashworth has been acting as an expert witness for more than seven years and has undergone her expert witness training. She enjoys a full medico-legal practice instructed by both Claimant and Defendant law firms in personal injury and clinical negligence cases. Professor Ashworth has given evidence in court.,"Professor Ashworth qualified in medicine in 1992 at the University of Oxford and went on to gain her PhD at the University of Manchester. She has been a Consultant at the Manchester Royal Eye Hospital for over 15 years, providing a general ophthalmic service and a tertiary referral service in clinical and surgical paediatric ophthalmology, and was appointed Honorary Chair in Paediatric Ophthalmology at the University of Manchester in 2021.","Professor Ashworth is particularly interested in paediatric eye disorders including cerebral visual impairment, congenital cataract and glaucoma, childhood strabismus and amblyopia, genetic eye disorders, paediatric uveitis, neurometabolic disease and the eye, and retinopathy of prematurity.",Professor Ashworth is the Ophthalmology Lead for the Greater Manchester Clinical Research Network and is Head of the School of Ophthalmology for Health Education North West.,"Professor Ashworth has undertaken portfolio-adopted studies into the genetics of childhood cataract, retinopathy of prematurity, and eye disease in neurometabolic disorders. She is the Principal Investigator for industry-funded research studies into paediatric eye disease and has received research grants which provide funding for a research fellow.","Professor Ashworth has authored or co-authored more than 80 research papers, four book chapters, and has co-edited a textbook on genetics for ophthalmologists (Elsevier).","Professor Ashworth is currently an Honorary Professor at the University of Manchester, and is the Head of the School of Ophthalmology at Health Education North West. Prior to this, she was the Training Director for Health Education North West. Previously, Professor Ashworth was a Clinical Lecturer in Ophthalmology at the University of Manchester (between 2000-2005). She supervises and trains specialist registrars and two current fellows in paediatric ophthalmology, and is active in the supervision of research fellows and teaching at undergraduate and postgraduate level. Professor Ashworth is also an examiner for the Royal College of Ophthalmologists.",,The steering committee for the European Reference Network for rare eye diseases (EYE-ERN) (co-chair for paediatric ophthalmology); Founder member of the UK Paediatric Ocular Inflammation Group (2018); American Association of Paediatric Ophthalmology and Strabismus (AAPOS); British and Irish Paediatric Ophthalmology Society (BIPOSA); British Medical Association (BMA); UK Eye Genetic Group (UK EGG),Cerebral Visual Impairment; Childhood Strabismus and Amblyopia; Congenital cataract & glaucoma; Genetic Eye Disorders; Neurometabolic Disease; Ophthalmology; Paediatric; Paediatric Eye Conditions; Paediatric Eye Disease; Paediatric Eye Disorders; Paediatric Ocular Inflammation; Paediatric Ophthalmology; Paediatric Uveitis; Retinopathy; Retinopathy of Prematurity,https://www.mccollumconsultants.com/wp-content/uploads/2023/06/Jane_Ashworth_grey_crop_P.jpg,Manchester Royal Eye Hospital,info@exp-w.com,+44 (0)161 218 0223,https://www.mccollumconsultants.com/expert-witness/jane-ashworth-consultant-ophthalmic-surgeon-paediatric-ophthalmologist/,Ophthalmology; Paediatric; Paediatric Ophthalmology,ew-ophthalmology; ew-paediatric; ew-paediatric-ophthalmology
Professor Kuntal Patel,"D.C.M, MBBS, MS (Orthopaedics), MRCS, Dip SEM (GB&I), MSc (Sports Injuries), MSc Health Science & Practice, FRCS (Tr&Orth)","""Professor Patel has been undertaking medico-legal work for 12 years and produces around 80-90 reports a year. He specialises in trauma, hip pathology, knee pathology, and ACL reconstruction.""","""Professor Patel completed his specialist Registrar Rotation in Trauma and Orthopaedics with North Western Deanery, rotating through various hospitals in Preston, Chorley, Bolton, Stockport, Blackburn, Burnley and Wrightington. He obtained fellowship experience as a lower limb arthroplasty fellow in one of the most prestigious Orthopaedic Hospitals in the country (Wrightington Hospital). The fellowship and the previous training have given him an excellent experience in a wide range of hip and knee surgery including complex revision arthroplasty. Professor Patel has performed more than 2000 hip and knee replacements including complex revision surgery.""","""Professor Patel has a specialist interest in hip replacement, knee replacement, unicompartmental knee replacement, knee arthroscopy, ACL reconstruction, revision hip and knee surgery, and forefoot surgery. He also has special interest in management of sports injuries including arthroscopic (keyhole) surgery, management of young adult hip problems, minimally invasive surgery and complex hip and knee arthroplasty.""",,"""Professor Patel's research interests lie within revision hip surgery, total hip replacements, forefoot surgery, knee replacements along with orthopaedic and trauma related topics.""","""Professor Patel has published widely on various topics related to trauma and orthopaedics including knee arthroplasty, and forefoot surgery. He has numerous presentations at national and international level. Professor Patel has also published a book.""","""Professor Patel is an Honorary Professor with University of Cumbria and an Honorary Senior Clinical Professor with Edge Hill University, regularly teaching regional and national training courses. He often attends conferences and collaborates with surgeons from around the world.""",,British Orthopaedic Association; MDDUS; British Hip Society; British Association for Surgery of the Knee; North West Orthopaedic Association,Arthroplasty; Complex Limb Reconstruction; Hip Surgery; Knee Injury; Knee Surgery; Lower Limb Surgery; Revision Hip & Knee Surgery; Sports Injury; Total Hip Replacement; Trauma & Orthopaedic Surgery,,,info@exp-w.com,+44 (0)161 218 0223,https://www.mccollumconsultants.com/expert-witness/kuntal-patel/,Orthopaedic Surgery,ew-trauma-and-orthopaedic-surgery
Professor Peter Brownson,"DM FRCS Ed FRCS(Orth), Consultant Orthopaedic Surgeon","""Professor Brownson has a track record of providing clear independent medical reports to the legal profession for over 20 years."" Currently accepts ""around 100 medico-legal instructions per year with approximately an equal balance between claimant and defendant work."" Reports ""deal exclusively with shoulder and elbow conditions, including medical negligence cases.""","""Appointed as a Consultant Orthopaedic Surgeon in Liverpool in 1998 where he was instrumental in establishing the Liverpool Upper Limb Unit as a centre of excellence for shoulder and elbow surgery."" Runs ""a monthly complex shoulder instability clinic that accepts tertiary referrals from out of region."" Upper limb surgeon to Liverpool Football Club from 2000 to 2017.","""Achieved International recognition in his chosen sub-speciality of shoulder and elbow surgery and particularly in the management of sports related shoulder injuries."" Given over 75 presentations and 25 live surgical demonstrations since 2010.","""President of the British Elbow and Shoulder Society (BESS) from 2017 to 2019."" Served on BESS Council 2010-2023. Managing partner of Bone & Joint Centre UK LLP 2005-2023. Member of National Medical Advisory Group for Nuffield Healthcare 2020-2024.","""Continues to be actively involved in upper limb research. In addition, he continues to be involved in aircraft passenger safety as a member of the international - IBrace group.""","""Authored and co-authored six sets of BESS/BOA National Care Pathways"" covering traumatic shoulder instability, frozen shoulder, shoulder arthritis, subacromial pain, and elbow replacement surgery. ""25 other publications in peer reviewed journals, covering subjects such as; Clavicle fractures, Shoulder dislocation, Distal biceps rupture, Proximal humeral fracture fixation, Elbow kinematics and Shoulder decompression surgery.""",Honorary Clinical Professor University of Liverpool 2019. Course Director Liverpool Advanced Shoulder Arthroscopy Course/Masterclass (2001-2014). Course Director Liverpool Upper Limb Trauma Course (2004-2008). Clinical Supervisor Shoulder/Elbow Fellowship Liverpool Upper Limb Unit (2005-present).,"Doctor of Medicine DM, Nottingham 1994; Inter-collegiate Fellowship in Orthopaedic Surgery, 1996; Syme Professorship (Honorarium), Royal College of Surgeons of Edinburgh, 1993; Gertrude Cropper Scholarship, University of Nottingham, 1993; Honorary Clinical Professor University of Liverpool 2019",British Elbow and Shoulder Society (BESS); American Shoulder and Elbow Society (ASES); European Society for Surgery of the Shoulder and Elbow (SECEC); British Orthopaedic Association (BOA); Arthroscopy Association of North America (AANA); Shoulder and Elbow Society India (SESI); Expert Witness Institute (EWI),Arthritis; Arthroscopy; Dislocations; Elbow Surgery; Joint Replacement; Shoulder Surgery; Trauma & Orthopaedic Surgery; Upper Limb Surgery,,"Liverpool, UK",info@exp-w.com,+44 (0)161 218 0223,https://www.mccollumconsultants.com/expert-witness/peter-brownson/,Orthopaedic Surgery,ew-trauma-and-orthopaedic-surgery
Professor Peter Lodge,"MB ChB MD FRCS FEBS, Hepatobiliary pancreatic (HPB) Surgeon & Associate Clinical Director for Cancer",Professor Lodge has been a medical legal expert for fifteen years. He is happy to be instructed by both Claimant and Defendant law firms in personal injury and clinical negligence cases.,"Professor Lodge achieved his Bachelor of Medicine and Surgery in 1983 from the University of Leeds. Since 1992, Professor Lodge has held the role of Consultant Surgeon at the Leeds Teaching Hospitals NHS Trust. He has carried out more than 900 renal transplants, 1000 liver transplants, 3000 liver resections and 4000 laparoscopic cholecystectomies.","Professor Lodge is considered one of the most experienced liver surgeons in the world. His main interests relate to the development of innovative surgical strategies for patients with complex problems, for example, multi-stage surgery for patients with classically inoperable cancers.","Between 2002 and 2009, Professor Lodge was the Lead Clinician and Clinical Director (Divisional Chief) for general surgery, with specific responsibilities for Upper GI, HPB, transplantation and acute general surgery.","Professor Lodge collaborates with scientists to run a research laboratory team with active work currently pursuing improvements in organ preservation for transplantation, as well as cancer immunology and inflammation.","He has more than 300 full papers in peer reviewed journals on topics related to hepato-pancreato-biliary surgery and transplantation surgery and science. In addition, he has contributed 30 book chapters relating to complex liver surgery and transplantation and notably, 'Liver' in the 41st edition of Gray's Anatomy, published in October 2015.","Professor Lodge is experienced at undergraduate and postgraduate teaching. In particular, since 2002, he has taken regular international fellows in HPB surgery on institutional and national scholarships. He is currently an Honorary Professor of Surgery at the University of Leeds.","Lifetime Achievement Award from GBIHPBA (April 2023); Associate Editor for multiple surgical journals; Gold Award from Advisory Committee on Clinical Excellence Awards (April 2014); Gold Medal of Honour, Danish Surgical Society (June 2009); Gold Medal of Nagoya University School of Medicine (January 2007)",Royal College of Surgeons of England; Association of Surgeons of Great Britain and Ireland (ASGBI); Association of Upper GI Surgeons (AUGIS); International Hepato-Pancreato Biliary Association (IHPBA); European and African Hepato-Pancreato Biliary Association (E-AHPBA); Great Britain and Ireland Hepato-Pancreato Biliary Association (GBIHPBA); European Surgical Association (ESA); Transplantation Society; British Transplantation Society,Bariatric Surgery; Bile Duct Injury; Cancer Treatment; Gallstones; Hepato-Pancreato-Biliary (HPB) Surgery; Laparoscopy; Liver Injury; Liver Transplant; Transplant Surgery,https://www.mccollumconsultants.com/wp-content/uploads/2024/02/Peter_Lodge_002Grey_crop.jpg,"Leeds Teaching Hospitals NHS Trust; Leeds, UK",info@exp-w.com,+44 (0)161 218 0223,https://www.mccollumconsultants.com/expert-witness/peter-lodge/,Hepato-pancreato-biliary Surgery;Transplant Surgery,ew-hepato-pancreato-biliary-surgery; ew-transplant-surgery
Professor Sarah O'Dwyer,"BSc, MBChB, FRCS, FRCSEd, MD","Professor O'Dwyer has been providing medico-legal advice for a number of years and has undergone her expert witness training. She is registered with APIL, AvMA, National Crime Agency (NCA) and UK Register of Expert Witnesses. Approximately 80/20 claimant/defendant ratio; turnaround 6-8 weeks.",Consultant Surgeon practising at The Christie NHS Foundation Trust where she is the founder of the Colorectal and Peritoneal Oncology Centre (CPOC). She has extensive experience in elective and emergency general GI and colorectal surgery. Treated over 1000 patients with cytoreductive surgery and intraperitoneal chemotherapy.,"Colorectal cancer, pelvic oncology, peritoneal malignancy and proctology. Leads specialist multidisciplinary teams for pelvic, colorectal, peritoneal and anal cancers.",Founder of Colorectal and Peritoneal Oncology Centre (CPOC),"Advanced and recurrent rectal cancer, anal cancer, appendix cancer, colorectal peritoneal metastases, neuroendocrine tumours and pseudomyxoma peritonei (PMP).","Over 130 peer-reviewed publications, chapters in textbooks, articles and reviews relating to colorectal cancer, peritoneal tumours and pseudomyxoma peritonei (PMP).",Recognised Mentor and Educational Supervisor for International Fellowship Programmes.,Macmillan Cancer Care Team of the Year BMJ Group Award; RSM Section of Surgery John of Arderne Medal x 2,Royal Society of Medicine (RSM); Association of Coloproctology of Great Britain and Ireland (ACPGBI); Peritoneal Surgical Oncology Group International (PSOGI),Abdominal Wall Surgery; Appendicitis; Artificial Feeding; Bowel Cancer; Colonoscopy; Colorectal (Lower GI) Surgery; Duodenum Conditions; Gastrointestinal (GI) Bleed; General Surgery; Haemorrhage; Haemorrhoids; Hernias; Incontinence; Inflammatory Bowel Disease (IBD); Laparoscopy; Laparotomy; Liver Disease; Pelvic Floor; Perianal Abscess; Reconstructive Surgery; Stoma; Twisted Bowel,https://www.mccollumconsultants.com/wp-content/uploads/2021/10/R5_5427GC.jpg,"The Christie NHS Foundation Trust; Honorary Clinical Chair, Division of Cancer Sciences, University of Manchester",info@exp-w.com,+44 (0)161 218 0223,https://www.mccollumconsultants.com/expert-witness/sarah-odwyer-colorectal/,Colorectal Surgery;General Surgery,ew-colorectal-surgery; ew-general-surgery
Professor Tim Underwood,"Consultant Upper Gastrointestinal (GI) Surgeon, FRCS, PhD, MRCS, MBBS, BSc","""Professor Underwood is happy to receive instructions from both Claimant and Defendant law firms.""","""Professor Underwood is an internationally recognised expert Upper GI surgeon with over 12 years' experience as a consultant in the NHS. He works at one of the largest teaching hospitals in the UK with a national & regional referral practice including cancer, benign and bariatrics in addition to general and trauma surgery. Professor Underwood is the Director of Research for AUGIS with extensive experience of report writing, guideline creation and external review of Upper GI surgical services.""","""Oesophageal and gastric cancer. Other benign and malignant tumours of the upper GI tract including GIST. Gastro-oesophageal reflux disease (GORD) and Barrett's oesophagus. Laparoscopic and robotic surgery for upper GI disease.""","""Extensive experience at regional, national and international level. Prof Underwood was Head of School of Cancer Sciences, University of Southampton (2018-2021) and Director of Transformation, Faculty of Medicine, University of Southampton (2021-2022). He is a member of Council of the Association of Upper GI Surgery GB&I and the Royal College of Surgeons of England Clinical Research Initiative.""","""Professor Underwood co-leads the Innovation for Translation Research Group, University of Southampton, studying the role of the tumour microenvironment in cancer development and progression with a particular interest in oesophageal cancer and tumour ecology. His team focus on understanding the clinical and molecular determinants of response to therapy and the development of new treatments that target the tumour microenvironment, including immunotherapy. His team are developing a suite of artificial intelligence (AI) tools to streamline decision-making for the oesophageal cancer multi-disciplinary team and he was recently awarded the title of AI Champion by Responsible AI UK.""","""Professor Underwood has over 100 peer-reviewed publications, including articles in Nature, Annals of Surgery, British Journal of Surgery and Diseases of the Esophagus.""","""Professor Underwood has been an invited speaker/lecturer at multiple events, including: Royal Australasian College of Surgeons Scientific Meeting, Association of Upper Gastrointestinal Surgery (GB&I) Scientific Meeting, BASO - Association of Cancer Surgery, Association of Surgeons of Great Britain and Ireland, Surgical Research Society. Professor Underwood also featured in the BBC Series 'Surgeons: At the Edge of Life', Series 6, episode 4 'Hope', 2024.""","Royal Australasian College of Surgeons Annual Scientific Conference International Upper GI Section Visitor 2024; Moynihan Lectureship and Medal, ASGBI 2021; Stanford-Cade Lectureship and Medal, BASO-ASC 2019; Best Poster Prize, CRUK International Symposium on Oesophageal Cancer 2017; Cancer Research UK Flame of Hope Award - Research Engagement 2014; Best Poster Prize, 8th National Barrett's Symposium, UCL 2014; Research Individual of the Year, UHS, Hospital Heroes Awards 2014; ASGBI Prize and Medal for outstanding performance in the Intercollegiate Specialty Examinations (Gen.Surg) 2011; British Journal of Surgery Prize for excellence in the oral presentations at the Annual Scientific Meeting of the Association of Upper GI Surgeons of GB&I, Oxford 2010","Honorary Secretary of the Surgical Research Society; Steering Committee of the Oesophageal Cancer Clinical and Molecular Stratification (OCCAMS) consortium; Past Chairman of the Oesophageal Cancer Westminster Campaign; Trustee & Director, Heartburn Cancer UK, the UK's leading oesophageal cancer charity; Invited expert NHS England working group on Upper GI surgical services",Abdominal Wall Surgery; Bariatric Surgery; Cancer Treatment; Gastro Oesophageal Reflux Disease (GORD); Immunodeficiencies; Laparoscopy; Oesophageal Cancer; Upper GI Surgery,https://www.mccollumconsultants.com/wp-content/uploads/2025/07/Tim-CG.jpg,,info@exp-w.com,+44 (0)161 218 0223,https://www.mccollumconsultants.com/expert-witness/tim-underwood/,Upper GI Surgery,ew-upper-gi-surgery
Professor Titus Augustine,"Consultant Transplant & Endocrine Surgeon, MBBS, MS, FRCSEd, FRCPEd","Professor Augustine has undergone his expert witness training. He is registered with APIL, AvMA, National Crime Agency (NCA) and the UK Register of Expert Witnesses. Professor Augustine enjoys a full medico-legal practice representing both Claimant and Defendant law firms in actions relating to both personal injury and clinical negligence. He holds weekly medico-legal clinics in Manchester. He can usually turnaround reports within 6-8 weeks, sooner if required.",Professor Titus Augustine has been a Consultant Transplant & Endocrine Surgeon for over 23 years and was the Clinical Director of the Manchester Transplant unit for 10 years.,"Professor Augustine has experience in thyroid and parathyroid surgery, and laparoscopic adrenalectomy including retroperitoneal adrenalectomy. He also has extensive experience in kidney and pancreas transplantation, including living donor transplantation and laparoscopic donor nephrectomy and organ retrieval. He has a special interest in surgery for encapsulating peritoneal sclerosis and receives national and international referrals for the condition.",Clinical Director of the Manchester Transplant unit for 10 years; appointed Manchester's first Chair of Transplantation via the MAHSC Honorary Clinical Chair Scheme in 2018.,"Professor Augustine has several research interests including microbiome and its interaction with transplantation, the circadian cycle, and how it impacts transplantation and technology & data.","Professor Augustine is extensively published, with over 130 peer-reviewed publications covering kidney and pancreas transplantation, endocrine surgery & surgical innovation.",Professor Augustine is often invited to lecture nationally and internationally.,,APIL; AvMA; National Crime Agency (NCA); UK Register of Expert Witnesses,Adrenal Gland Disease; Cushing syndrome; Diabetic Complications; Endocrine Surgery; Kidney Transplant; Pancreas Transplantation; Parathyroid Gland Disease; PCOS; Peritoneal Sclerosis; Thyroid Disease; Transplant Surgery,https://www.mccollumconsultants.com/wp-content/uploads/2021/10/R5_6360GC.jpg,Manchester,info@exp-w.com,+44 (0)161 218 0223,https://www.mccollumconsultants.com/expert-witness/titus-augustine/,Endocrine Surgery;Transplant Surgery,ew-endocrine-surgery; ew-transplant-surgery
Professor Vijay Sangar,"B.Sc.(Hons), MB ChB, FRCS, MD, Diploma Laparoscopic Surgery","""Professor Sangar has been acting as an expert witness for over 10 years and has undergone expert witness training. He enjoys a full medico-legal practice instructed by both Claimant and Defendant law firms in personal injury and clinical negligence cases. Professor Sangar has not given evidence in court. He can undertake joint reports and class actions.""","""Professor Sangar has worked as a Consultant Urological Surgeon since 2007 after training in Manchester, London, and Strasbourg. Since 2018, he has been a Professor of Urology at the University of Manchester/Manchester Academic Health Sciences Centre.""","""Professor Sangar has clinical interests in urological oncology, including of the penis, bladder, prostate, and testis as well as andrology, including erectile dysfunction, peyronies, trauma, and testis problems. He also examines rare disease, such as sarcoma of the abdomen and pelvis. Professor Sangar has a specialist interest in penile surgery, which includes reconstruction and sexual dysfunction. This has further led to an interest in male factor infertility, including 'loupes assisted' vasectomy reversal.""","Director of Surgery, The Christie NHS FT 2013-2023","""Professor Sangar's research interests include penile cancer including management, predictors, treatments and outcomes, and bladder cancer including organ sparing technology and treatments.""","""Professor Sangar has 90 publications (papers, reviews, abstracts) in peer reviewed journals, as well as 20 additional articles in non-peer reviewed journals. His Google Scholar Index is 28, in-keeping with international level expertise.""","""Professor Sangar is a Professor of Urology in the faculty of Biology, Medicine & Health at the University of Manchester and has been since 2018. He trains medical students and postgraduate fellows/trainees in Urology. He also supervises MD and PhD students.""","BUF Clinical Visit Fellowship to The Netherlands Cancer Institute, Amsterdam (Jan 2007); Global Lilly Young Investigators Translational/Pharmacogenomics Research Award (Dec 2001); Astra Zeneca Best Poster Prize (Oct 2001)",British Association of Urological Surgeons (BAUS); European Association of Urology (EAU); Multiple NHS England and specialist committee memberships 2014-2023,Benign Prostatic Hyperplasia (BPH); Bladder Cancer; Brachytherapy; Erectile Dysfunction; Male Infertility; Penile Cancer; Penile Reconstruction; Prostate Cancer; Urinary Incontinence; Urinary Tract Infections (UTI); Urodynamic Studies; Urology; Urology Imaging; Vasectomy Reversal,,,info@exp-w.com,+44 (0)161 218 0223,https://www.mccollumconsultants.com/expert-witness/professor-vijay-sangar/,Urology,ew-urology
Ryan Mathew,"Associate Professor, MBChB (Hons.), BSc (Hons.), PGDipClinEd (RCPSG), PhD, FRCS(SN)",Associate Professor Mathew enjoys a full medico-legal practice instructed by both Claimant and Defendant law firms in personal injury and clinical negligence cases.,"Ryan Mathew is an Associate Professor at the University of Leeds and Honorary Consultant Neurosurgeon at Leeds Teaching Hospitals NHS Trust. During his neurosurgical training at Leeds (2007-2018), he undertook brain tumour research (funded by Cancer Research UK) and was awarded a PhD based on Glioma Modelling. After spending time as a Visiting Research Collaborator at the Brain Tumour Research Centre at Sick Kids in Toronto, and a Neuro-Oncology Fellow at Leeds, he was appointed as the first Academic Consultant Neurosurgeon in Leeds in 2018.","Associate Professor Mathew covers all aspects of Neurosurgery (cranial and degenerative spinal surgery) with a subspecialty interest in brain tumours; in particular gliomas, meningiomas, robotic brain biopsy and awake surgery.",Associate Professor Mathew led the Project Management implementing a new electronic referrals system for Neurosurgery. He has also had junior doctor rota responsibilities and sits on the Management Boards of the NIHR Health tech Research and NIHR Biomedical Research Centres.,"Associate Professor Mathew leads an extensive research programme within Neurosurgery, focusing on surgical technologies and devices, as well as translational brain cancer science. He has numerous PhD and MD students under his supervision.",Associate Professor Mathew has published and co-authored approximately 55 different journal papers and book chapters.,"Associate Professor Mathew is the Primary and Co-Supervisor for Masters, MD and PhD students at the University of Leeds. He is also an internal and external examiner for MD and PhD theses, an ESREP supervisor for years 3, 4 and 5 medical students, and a Tutor for the RESS2 Module.",CRUK Future Leader Award; CRUK Flame of Hope Award for Research Engagement; CRUK Leeds Centre Clinical Research PhD Fellowship; Erdheim Travel Scholarship; Hardwick Prize in Clinical Medicine; Mayo Robson Prize in Surgery; Natwest Public Speaking Trophy,Society of British Neurological Surgeons; British Neuro-Oncology Society; Royal College of Surgeons of England; Medical and Dental Defence Union,Brain Haemorrhage; Brain Injury; Brain Tumour; Cranial Neurosurgery; Head Injury; Neurosurgery; Spinal Disc Disease; Spinal Surgery; Spinal Tumours,https://www.mccollumconsultants.com/wp-content/uploads/2025/09/Ryan_Mathew_CG.jpg,Leeds Teaching Hospitals NHS Trust / University of Leeds,info@exp-w.com,+44 (0)161 218 0223,https://www.mccollumconsultants.com/expert-witness/ryan-mathew/,Neurosurgery,ew-neurosurgery
Shailinder Jit Singh,MS DNB MCh FRCS I FRCS ENG. FRCS Paed. FACS FAAP DM MBA,"Mr Singh is happy to be instructed in both claimant and defendant cases, providing independent, evidence-based opinions. He has prior court experience and maintains a clear, objective approach in all reports.","Mr Singh is a Consultant Pediatric Surgeon at Nottingham University Hospitals NHS Trust in Nottingham UK. He is also Co Chairman of Medical Staff Committee where he represents 800 Consultants from all specialties to Hospital Board. Career spanning India (1987), UK, Kuwait, Australia, and USA positions through 2019.","Neonatal Surgery, Paediatric Trauma, Paediatric Gastrointestinal conditions, Paediatric General Surgery, and all aspects of Paediatric Surgical care.",BAPS Representative to Royal College of Surgeons in England; Co-Chairman Medical Staff Committee; Chair Children's Surgery Group; Parliamentary Ombudsman advisor; multiple Royal College and BMA representative roles.,Pilot project on enteral feeding device in collaboration with the engineering department of WVU for gastrointestinal tract nutritional delivery systems.,49 publications in Peer reviewed publications.,"Teaching positions internationally across UK, US, India, and Australia institutions.",MBBS Best Graduate (1985); University first placements; Pfizer Gold Medalist; First Position Intercollegiate Board Paediatric Surgery Exam.,Council Member RCS England; Fellow Royal College Surgeons Ireland/England; American Association Pediatric Surgeons; American Academy Pediatrics; British Association Paediatric Surgeons; multiple others (list not fully itemised on page).,Abdominal Wall Surgery; Colorectal Surgery; Critical Care; General Surgery; Neonatal Cardiology; Paediatric specialties; Thoracic Surgery; Upper GI Surgery,https://www.mccollumconsultants.com/wp-content/uploads/2025/05/Singh-CG.jpg,"Nottingham, UK",info@exp-w.com,+44 (0)161 218 0223,https://www.mccollumconsultants.com/expert-witness/shailinder-jit-singh/,Colorectal Surgery; General Surgery; Paediatric; Paediatric Critical Care; Paediatric General Surgery; Paediatric Thoracic Surgery; Upper GI Surgery,ew-colorectal-surgery; ew-general-surgery; ew-paediatric; ew-paediatric-critical-care; ew-paediatric-general-surgery; ew-paediatric-thoracic-surgery; ew-upper-gi-surgery
Stuart Grant,"MBChB (Hons), PhD, FRCS (CTh)",Mr Grant is happy to be instructed by Claimant and Defendant law firms in both personal injury and clinical negligence actions.,"Mr Grant is a Consultant Cardiac and Aortic Surgeon at the Manchester University NHS Foundation Trust, based at the Wythenshawe Hospital and honorary Senior Clinical Lecturer. He undertook clinical training in cardiothoracic surgery across the North West of England and completed a post-CCT fellowship in advanced aortic surgery and TAVI at Toronto General Hospital. Mr Grant completed his PhD at the University of Manchester in 2013 on clinical prediction models in cardiovascular surgery.","Mr Grant's main areas of clinical interest include complex aortic surgery, aortic dissection surgery, aortic valve replacement, trans catheter aortic valve implantation, coronary artery bypass surgery and complex thoracic endovascular aortic surgery. He also has expertise in the management of cardiothoracic trauma patients.",Mr Grant is the clinical lead for Cardiac Surgery at Manchester University NHS Foundation Trust.,"Mr Grant's research focus is on using big data and advanced analyses to improve outcomes for patients. He has published widely on clinical risk prediction models, clinical outcome analyses, cardiopulmonary exercise testing and using large clinical registries. He regularly peer-reviews articles for high-impact clinical journals. He is a member of the EACTS Research Taskforce, clinical lead for the Greater Manchester Health Informatics Collaborative and previously sat on the UK National Adult Cardiac Surgery Research Board. He is currently the UK Aortic Society co-research lead and is regularly invited to deliver international presentations.","Mr Grant has published widely on a broad range of clinical topics including cardiac surgery, vascular surgery and thoracic surgery. He has published widely on National and multi-centre datasets in these areas. To date he has contributed to over 100 publications including over 80 peer reviewed articles.",Mr Grant is an honorary Senior Clinical Lecturer at the University of Manchester. He has been involved in both undergraduate and postgraduate teaching. Mr Grant has been a member of faculty on a number of surgical skills courses. He is a keen surgical trainer and also supervises post-graduate MD and PhD research students. Mr Grant supervises medical students and was previously the lead for research fellows in the Academic Cardiovascular Unit.,Mr Grant was awarded the prestigious Society for Cardiothoracic Surgery Ethicon Travelling Fellowship in 2021.,Royal College of Surgeons of England; Manchester Medical Society; Society for Cardiothoracic Surgery in Great Britain and Ireland; European Association for Cardio-Thoracic Surgery; UK Aortic Society,Aortic Disease; Aortic Dissection; Aortic Surgery; Atrial fibrillation; Cardiac Surgery; Cardiothoracic Surgery; Clinical Risk; Congenital Heart Disease; Coronary Artery Bypass Grafting; Heart Failure; Heart Valve Disease; Heart Valve Repair/Replacement; Myocardial Infarction; Preoperative Assessment; Valve Repair,https://www.mccollumconsultants.com/wp-content/uploads/2025/01/Stuart_Grant_001-CG.jpg,"Manchester University NHS Foundation Trust, Wythenshawe Hospital",info@exp-w.com,+44 (0)161 218 0223,https://www.mccollumconsultants.com/expert-witness/cardiac-aortic-surgeon/,Cardiothoracic Surgery,ew-cardiothoracic-surgery
Thomas Finnigan,MA (Cantab) MBChB FRCS(T&O),"""Mr Finnigan has undertaken medico-legal training. Mr Finnigan is happy to be instructed by both claimant and defendant law firms in personal injury cases. He has given evidence in Court. Since 2018, he has provided over 1000 expert medicolegal reports across England and Scotland, including negligence reports, condition and prognosis evaluations, and multi-track claims. Mr. Finnigan delivers clear, Civil Procedures Rules-compliant reports, drawing on extensive expertise in knee and hip trauma, reconstructive surgery, and sports injuries""","""Mr Finnigan completed his pre-clinical studies at the University of Cambridge, followed by graduating with distinction from the University of Manchester. Afterward, he completed his surgical training in the North West Deanery, gaining experience across various surgical disciplines. In 2010, Mr Finnigan began his specialist training in trauma and orthopaedic surgery, focusing on treating musculoskeletal conditions. In 2018, after nearly a decade of training, he was appointed as a Consultant Trauma & Orthopaedic Surgeon at Stockport NHS Foundation Trust.""","""Mr Finnigan has clinical interests in all aspects of lower limb orthopaedic surgery, with a specialist interest in knee surgery. He can provide expertise on surgical procedures such as total & partial knee replacement, ligament and meniscal injuries. He has extensive experience in the management soft tissue knee injuries including ligament, meniscal and cartilage injuries, knee osteoarthritis. Mr Finnigan also has an interest in hip surgery including hip fractures and simple & complex hip trauma. He also has expertise lying in sports injuries of the knee and hip.""","""Mr Finnigan was the Guardian of Safe Working at Stockport NHS Foundation Trust from 2019-2024.""","""Mr Finnigan is currently involved in several trials based at Stockport NHS Foundation Trust. Lead investigator looking at retrograde nailings system of femoral fractures. Involved in the REPORT trial looking at the management of patella instability. Lead Consultant on a Royal College of Surgeons initiative, SUPPORT, looking at helping Consultants who have complications within their field.""","""Mr Finnigan has written and been part of many publications including; Tendon repair through stem cell intervention: cellular and molecular approaches. Disability and rehabilitation, 30(20-22), 1746-1751. Shentons line: Is there a role in modern orthopaedics. Orthopaedic proceedings. Vol. 95. No. Supp_27. Bone & joint, 2013. Low incidence of scapular notching in uncemented trabacular metal reverse total shoulder system: six-year results. In orthopaedic proceedings (vol. 98, no. Supp_14, pp. 3-3). Bone & joint. Asymptomatic bacteriuria prior to arthroplasty: how do you treat yours? In Orthopaedic Proceedings (Vol. 94, No. SUPP_XXIX, pp. 58-58). Bone & Joint. Outcomes of ulnar shortening for ulnar impaction syndrome using the 2.7 mm AO ulna shortening osteotomy system. The Journal of Hand Surgery (Asian-Pacific Volume) 23.01 (2018): 82-89. amongst many others. Rehabilitation versus surgical reconstruction for non-acute anterior cruciate ligament injury (ACL SNNAP): a pragmatic randomised controlled trial. The Lancet 400.10352 (2022): 605-615. to name but a few.""",,,"British Orthopaedic Sports Trauma & Arthroscopy Association (BOSTAA), member since July 2017; British Association for Surgery of the Knee (BASK), member since July 2018; Royal College of Surgeons; Information Commissioner's Office (ICO); Medco",Arthritis; Complex Limb Reconstruction; Complex Lower Limb Fractures; Knee Injury; Knee Surgery; Ligament and Tendon Damage; Lower Limb Surgery; Revision Hip & Knee Surgery; Sports Injury; Trauma & Orthopaedic Surgery,https://www.mccollumconsultants.com/wp-content/uploads/2024/03/Tom_Finnigan_004_Grey_Crop.jpg,Stockport NHS Foundation Trust,info@exp-w.com,+44 (0)161 218 0223,https://www.mccollumconsultants.com/expert-witness/thomas-finnigan/,Orthopaedic Surgery,ew-trauma-and-orthopaedic-surgery
Vikas Malik,"MBBS, MS(ENT), DNB (ENT), MNAMS, DOHNS, MRCS, FRCS (ORL-HNS)","Mr Malik is currently undergoing his expert witness training and is registered with APIL, National Crime Agency (NCA) and the UK Register of Expert Witnesses. He is happy to represent both Claimant and Defendant law firms in both personal injury and clinical negligence actions. Mr Malik holds weekly medico-legal clinics in Manchester but is happy to travel in order to conduct home and prison visits. He can usually turnaround reports within 6-8 weeks, sooner if required.","Mr Malik has more than 7 years of experience as an Ear, Nose and Throat (ENT) Consultant. Currently, he is an ENT Consultant as well as Departmental Lead for both Clinical Governance and Audits & Research at the Royal Bolton Hospital NHS Foundation Trust. He has been Honorary Associate Editor of BMC ENT Disorders.","Mr Malik has a special interest in managing ear conditions including ear discharge, cholesteatoma, ear drum perforation, Meniere's disease, eustachian tube dysfunction and nose problems including sinusitis, blocked nose and snoring.",Departmental Lead for Clinical Governance and Audits & Research at Royal Bolton Hospital NHS Foundation Trust.,"Mr Malik has numerous publications in peer-reviewed publications and has presented in several national and international conferences. More recently, Mr Malik has been involved in several UK multicentre and international trials including trials for interventional treatment for tinnitus, glue ear and hearing loss. He has special research interests in ear problems, hearing loss, facial weakness, endoscopic sinus surgery and paediatric ENT issues.",,"Mr Malik has a particular interest in medical education and is an Honorary Senior Lecturer at Edge Hill University. He is a Clinical Supervisor for ENT Registrars at the Royal Bolton Hospital and he has been recognised by the GMC as a trainer and supervisor. He was the departmental lead for medical education at the Blackpool Victoria Hospital and a member of Surgical Training Committee for ENT Higher Surgical Trainees at Health Education North West England. He teaches and provides training to medical undergraduates as well as postgraduates. Between 2014-2019, Mr Malik worked as Honorary Clinical Lecturer in Liverpool Medical University and as a Liverpool Objective Clinical Assessment System (LOCAS) Lead for the Liverpool Medical University at Blackpool Victoria Hospital during 2017-2018.","Certificate of Medical Excellence, Topdoctors, UK, 2020; Clinical Excellence Award, Blackpool Victoria Hospital, 2018; Certificate of Excellence in Education, North West School of Surgery 2016/2017; Certificate of Excellence in Education, North West School of Surgery, 2015/2016; Bronze Badge, Quality & Safety Champion, WWL NHS Foundation Trust, 2013; Ethicon Foundation Short Term Clinical Visit Grant, Royal College of Surgeons of Edinburgh, 2012; TWJ Causse Clinic Travel Grant, TWJ Foundation, 2012; Karl Storz Fellowship, Skull Base World Congress, 2012; Forth Medical Travel Grant, Amsterdam, 2012; Kenneth Bloor Travel Scholarship, Manchester Medical Society, 2010; Best cadaveric dissection, Wrightington ENT Dissection Course, 2007","Fellow Royal College of Surgeons of Edinburgh (FRCSEd); Meniere's Society; British Tinnitus Association (BTA); British Society of Otology (BSO); Ear, Nose and Throat UK (ENT-UK)","Anaphylaxis; Branchial Cyst; Cholesteatoma; Cleft Palate; Dysarthria; Dysphonia; Ear, Nose & Throat (ENT) Surgery; Eustachian Tube Dysfunction; Facial Pain; Facial Trauma; Glue Ear; Headaches; Hearing Loss; Hypoglossal Nerve; Mandibular Condylar Fracture; Meniere's Disease; Nasal Conditions; Nosebleeds; Oral Disease; Perforated Ear Drum; Respiration; Sinus Conditions; Sinus Disorders; Temporomandibular joint (TMJ) Disorders; Throat Cancer; Tracheostomy; Ventilation",,Royal Bolton Hospital NHS Foundation Trust; weekly medico-legal clinics in Manchester,info@exp-w.com,+44 (0)161 218 0223,https://www.mccollumconsultants.com/expert-witness/vikas-malik/,"Ear, Nose & Throat Surgery",ew-ear-nose-and-throat-surgery
Wasilwa Baraza,"MBBS, FRCS, MPhil - Consultant General, Colorectal, and Pelvic Floor Surgeon","Mr Baraza has undergone medico-legal training. He is registered with APIL, the National Crime Agency and the UK Register of Expert Witnesses. Mr Baraza enjoys a full medico-legal practice representing both Claimants and Defendant law firms in actions relating to both personal injury and clinical negligence. His Claimant/Defendant ratio split is approximately 70/30. He can usually turnaround reports within 6-8 weeks, sooner if required.","Mr Baraza has been a Consultant General, Colorectal and Pelvic Floor Surgeon at the Wythenshawe Hospital, part of the Manchester University NHS Foundation Trust, since 2015.","Bowel cancer, pelvic floor pathology, proctology, minimally invasive surgery, early rectal cancer and enhanced recovery after surgery.","General Surgery Lead for Enhanced Recovery; MFT Group Clinical Lead for Physician Associates; Honorary Secretary Elect, Royal Society of Medicine Coloproctology Section; past GMC Advisor; past NICE Committee Member; past MDC Clinician; past Convenor and Chair, Manchester Regional Association of Surgeons.","Pelvic floor surgery, surgical gerontology, and surgical endoscopy.","Over 16 selected publications, 17 published abstracts, book contributions, journal reviews and book chapters.",Course Director for the Health Education England NW Cadaveric Simulation Course; GMC accredited trainer.,"Travelling Fellowship to Royal Society of Medicine International Meeting, Prague (2006); Certificate of Excellence in Surgical Training (2017); Certificate of Commendation, Access to Medicine (2018); Bronze Award for Undergraduate Medical Training (2018)","International Continence Society (ICS); The Pelvic Floor Society (TPFS); Association of Coloproctology of Great Britain and Ireland (ACPBGI); European Society of Coloproctology (ESCP); Fellow of the Royal College of Surgeons of England (RCS); The Royal Society of Medicine, Fellow (RSM)",Bowel Cancer; Colonoscopy; Colorectal (Lower GI) Surgery; Duodenum Conditions; Gastrointestinal (GI) Bleed; General Surgery; Haemorrhage; Haemorrhoids; Hernias; Incontinence; Inflammatory Bowel Disease (IBD); Laparoscopy; Laparotomy; Pelvic Floor; Perianal Abscess; Reconstructive Surgery; Rectal Cancer; Stoma; Stomach Conditions; Twisted Bowel,https://www.mccollumconsultants.com/wp-content/uploads/2021/10/R5_7007GC.jpg,"Wythenshawe Hospital, Manchester University NHS Foundation Trust",info@exp-w.com,+44 (0)161 218 0223,https://www.mccollumconsultants.com/expert-witness/wasilwa-baraza/,Colorectal Surgery;General Surgery,ew-colorectal-surgery; ew-general-surgery
Wee Sim Khor,"Consultant Plastic, Reconstructive & Hand Surgeon, BSc (Hons), MB ChB (Hons), FRCS(Ed) Plast, FEBHS",Mr Khor has been preparing medico-legal expert witness reports since 2023 and enjoys receiving instructions from both Claimant and Defendant law firms in personal injury and clinical negligence cases.,"Mr Wee Sim Khor is a dual-fellowship-trained Consultant in Plastic, Reconstructive and Hand Surgery who works for Lancashire Teaching Hospitals, providing services at Royal Preston Hospital and Chorley & South Ribble Hospital. His NHS practice covers skin cancer excision and reconstruction, complex reconstructive plastic surgery, and the full spectrum of hand surgery including tendon, nerve, fracture, amputation and fingertip injuries. Since 2023 he has also operated as a medico-legal expert witness, producing more than 50 detailed reports each year on hand trauma, burns, scarring and lower limb reconstruction. He holds the Cardiff University Bond Solon Civil Expert Witness Certificate.","His clinical focus lies in skin cancer management and aesthetic reconstruction, broad reconstructive plastic surgery (scar revision, flap and graft coverage), and hand surgery, with a subspecialty emphasis on reconstructive techniques such as revision tendon surgery, staged flexor-tendon reconstruction and soft-tissue coverage, as well as the treatment of small-joint arthritis through injections, joint replacement and fusion.",Mr Khor is a member of the regional specialist skin cancer multidisciplinary team that guides the treatment of skin cancer at Lancashire Teaching Hospitals.,"Mr Khor is widely published in the fields of Plastic Surgery and Hand Surgery, having authored numerous peer reviewed publications and co-authored a book chapter in hand surgery. He has also contributed to the development of NICE-accredited guidelines for the management of thumb base arthritis.",Mr Khor has authored twelve peer-reviewed articles in journals such as Plastic and Reconstructive Surgery and The Journal of Hand Surgery. He co-authored a book chapter on hand surgery and contributed to the NICE-accredited guidelines on the management of thumb-base arthritis.,Mr Khor is the course organiser for the well-received Preston FRCS (Plast) examination preparatory course.,,"British Association of Plastic, Reconstructive and Aesthetic Surgeons; British Society for Surgery of the Hand; British Medical Association",Burn Injury; Hand & Wrist Surgery; Hand Trauma; Plastic Surgery; Reconstructive Surgery; Scar Revision; Scarring; Skin Cancer; Skin Graft/Flap; Skin Surgery,https://www.mccollumconsultants.com/wp-content/uploads/2025/10/Wee_Sim_Khor_001-CG.jpg,Lancashire Teaching Hospitals (Royal Preston Hospital and Chorley & South Ribble Hospital),info@exp-w.com,+44 (0)161 218 0223,https://www.mccollumconsultants.com/expert-witness/wee-sim-khor/,Plastic Surgery,ew-plastic-surgery
William Chellam,"Consultant Orthopaedic Surgeon, MBChB (Hons)","Mr Chellam is happy to be instructed by Claimant and Defendant law firms in personal injury and clinical negligence cases. Mr Chellam is registered with APIL, National Crime Agency (NCA) and the UK Register of Expert Witnesses. He is happy to represent both Claimant and Defendant law firms in both personal injury and clinical negligence actions. Mr Chellam can usually turnaround reports within 6-8 weeks, sooner if required.","Mr Chellam qualified from the University of Liverpool in 2005 and went on to complete his foundation programme and Core Surgical Training in Merseyside. He received his higher orthopaedic training in the Yorkshire Deanery and undertook a post CCT fellowship in foot and ankle surgery in Liverpool followed by a further fellowship in major trauma and pelvic surgery in Leeds. He currently holds the position of Consultant Orthopaedic Surgeon at the Manchester Foundation Trust, specialising in foot and ankle surgery, major trauma and complex trauma, and ortho-plastic trauma and reconstruction.","Mr Chellam has clinical interests in all aspects of foot and ankle surgery, as well as trauma and major trauma. He enjoys the variety of work in foot and ankle and trauma surgery and the challenge of finding bespoke solutions for individual patients as well as the complexities of balancing early definitive care with staged reconstruction and interdisciplinary working. He has an interest in the fields of biomaterials, imaging modalities and regenerative technologies that are all making a large impact in the speciality.","Mr Chellam has held a number of management roles during his training, most notably the rota management role for the major trauma centre in Leeds which involved managing the clinical duties of around 80 staff in around 800 clinical sessions each week. As a consultant he has been involved in writing high-level incident reports for the trust's governance team and he has ongoing involvement in the development of the Major Trauma and Orthoplastic services. Mr Chellam is the Clinical Lead for the Major Trauma Service at the Manchester Royal Infirmary.","Mr Chellam stays up to date with the latest research and publications in his fields of interest and has recruited patients into several multi-centre national, NIHR approved trials including the PINS and UKSTAR trials.","""Missed subtle fractures on the trauma-meeting digital projector"" – Injury 2005.","Mr Chellam is regularly involved in teaching and training of students, junior and senior surgical trainees, as well as consultant colleagues. He is a regular contributor to the Northwest Deanery Orthopaedic Training Programme and has participated as faculty on specialist foot and ankle, and trauma themed practical courses. He regularly accommodates students in his elective and trauma clinics.",,APIL; National Crime Agency (NCA); UK Register of Expert Witnesses,Amputation; Arthritis; Arthroscopy; Cartilage Dysfunction; Condylar Fracture; Crush Injury; Degenerative Bone Disorders; Foot & Ankle Surgery; Fractures; Gout; Joint Replacement; Ligament and Tendon Damage; Osteonecrosis & Osteomyelitis; Sports Injury; Trauma & Orthopaedic Surgery; Whiplash; X-Ray,https://www.mccollumconsultants.com/wp-content/uploads/2023/07/Will_Chellam__004-LR-Grey_Crop-copy.jpg,Manchester Foundation Trust; Manchester Royal Infirmary,info@exp-w.com,+44 (0)161 218 0223,https://www.mccollumconsultants.com/expert-witness/william-chellam/,Foot & Ankle Surgery;Orthopaedic Surgery,ew-foot-and-ankle-surgery; ew-trauma-and-orthopaedic-surgery
Dr Sarah Ibitoye,"Acute & Perioperative Medicine Consultant, MBChB, MRCP(UK), MSc, PGDip, PGA",Dr Ibitoye is happy to be instructed by both Claimant and Defendant law firms in personal injury and clinical negligence cases.,"Dr Sarah Ibitoye is a Consultant Acute Medicine Specialist with additional expertise in Perioperative Medicine. She has been working at North Bristol NHS Trust since 2022, providing senior leadership and consultant-delivered care within acute and perioperative clinical services. She graduated in Medicine from the University of Manchester in 2009 and subsequently completed a Master's degree in Tropical and Infectious Diseases at the Liverpool School of Tropical Medicine in 2014. Her clinical training and subsequent consultant practice have been centred on the assessment and management of acutely unwell medical patients, with a strong focus on perioperative optimisation and multidisciplinary inpatient care.","Dr Ibitoye has a broad clinical interest in acute and perioperative medical care, with a particular focus on the management of medically complex patients requiring urgent assessment, investigation, and treatment. She works across the Acute Medical Unit, Enhanced Care Unit, and Medical Same Day Emergency Care services, delivering consultant-led care for patients presenting with a wide range of acute medical conditions. She also has a specialist interest in Geriatric Trauma and Surgical Liaison, ensuring equitable access to medical expertise for patients admitted under surgical teams. In this role, she supports perioperative decision-making, contributes to preoperative optimisation, and manages postoperative medical complications, working closely with surgical colleagues to improve patient outcomes.","Dr Ibitoye is the Clinical Lead for Medical Same Day Emergency Care at North Bristol NHS Trust. In this role, she provides clinical leadership for service development, oversees the design and implementation of referral pathways, and supports the coordination of multidisciplinary team working within urgent care services.","Dr Ibitoye has an established research portfolio focused on geriatric trauma, frailty, and outcomes following in-hospital cardiopulmonary resuscitation. Her research demonstrating an association between geriatrician review and reduced mortality in geriatric trauma contributed to the development of a nationally pioneering geriatric trauma ward, promoting integrated physician-surgeon collaborative care models.",Dr Ibitoye has published several articles in peer-reviewed journals.,"Dr Ibitoye is an educational and clinical supervisor for internal medicine trainees and contributes regularly to local and regional teaching programmes. She has also presented as a guest speaker at national and international conferences, with academic contributions spanning perioperative medicine, postoperative delirium, and geriatric trauma.",Best presentation at the South-West Acute Physicians Organisation (2022); Top 100 abstracts (of 925) submitted to the European Geriatric Medicine Society Conference (2019),The Society for Acute Medicine (SAM),Acute Kidney Injury (AKI); Acute Medicine; Adult Resuscitation; Cardiac Arrythmias; Deep Vein Thrombosis (DVT); Diabetic Ketoacidosis; Emergency/Acute Medicine; Fractured Ribs; Headaches; Heart Failure; Liver Failure; Myocardial Infarction; Overdose; Pneumonia; Poisoning; Post Operative Complications; Pulmonary Embolism (PE); Pyelonephritis; Seizure; Sepsis; Syncope; Upper Gastrointestinal Bleeding,,North Bristol NHS Trust,info@exp-w.com,+44 (0)161 218 0223,https://www.mccollumconsultants.com/expert-witness/sarah-ibitoye/,Acute Medicine,ew-acute-medicine
Dr Neil Hunter,"MBChB, MRCP (UK), MRCP (Edin), FRCPE","Dr Hunter accepts medico-legal instructions from both Claimant and Defendant solicitors in matters falling within his clinical expertise in Stroke Medicine, Geriatric Medicine and General Internal Medicine. He accepts Clinical Negligence and Personal Injury instructions. His combination of current consultant practice across stroke, geriatric and general medicine is particularly relevant where a case requires assessment of the recognition, investigation, management or consequences of acute stroke, TIA or associated medical illness. Within Stroke Medicine, his clinical background is relevant to cases concerning acute and hyperacute stroke assessment, suspected TIA, thrombolysis, thrombectomy pathways, secondary stroke prevention and rehabilitation. His expertise can also be relevant where the timing and appropriateness of assessment, referral or treatment are in issue. Where thrombectomy is concerned, his profile should distinguish his role in clinical assessment, decision-making and the thrombectomy pathway from personally performing the endovascular procedure unless the latter is specifically confirmed. His Geriatric Medicine practice provides additional experience relevant to the assessment and management of older patients, including patients with acute illness, rehabilitation requirements and multiple co-existing medical conditions. His General Internal Medicine work provides further experience of acute medical assessment and management. The authority underpinning Dr Hunter's opinion includes his current NHS Lothian consultant practice, Honorary Senior Lecturer role at the University of Edinburgh, membership of its Cerebrovascular Research Group and involvement as a local principal investigator in clinical trials concerned with secondary stroke prevention.","Dr Hunter has worked as a Consultant Physician with NHS Lothian since 2019 and practises in Stroke, Geriatric and General Medicine. His consultant practice includes work at the Royal Infirmary of Edinburgh and involvement in acute and hyperacute stroke care, general medicine and the care of older people. His stroke practice encompasses the assessment and management of patients across the stroke pathway, from acute presentation and hyperacute treatment through to rehabilitation and secondary prevention. He has a particular clinical interest in thrombolysis, thrombectomy pathways and the rapid assessment of patients with suspected transient ischaemic attack. Dr Hunter also practises in Geriatric Medicine, including the assessment and management of older patients whose care may involve acute illness, rehabilitation and multiple interacting medical problems. Alongside his stroke and geriatric work, he participates in acute General Internal Medicine. This combination of Stroke Medicine, Geriatric Medicine and General Internal Medicine provides Dr Hunter with experience relevant to complex patients in whom acute neurological disease, rehabilitation requirements, ageing and co-existing medical conditions overlap.","Dr Hunter's principal clinical interests are Stroke Medicine, Geriatric Medicine and General Internal Medicine. Within Stroke Medicine, his practice encompasses acute and hyperacute stroke assessment and management, transient ischaemic attack, stroke rehabilitation and secondary stroke prevention. He has particular experience of clinical decision-making around thrombolysis and thrombectomy pathways and the rapid assessment of patients presenting with suspected TIA. His work in Geriatric Medicine includes the medical care and rehabilitation of older people, while his General Internal Medicine practice includes participation in the acute medical take and the assessment and management of patients presenting with acute medical illness.",Dr Hunter's existing professional information records his role as Clinical Lead for TIA Services within NHS Lothian. This role is relevant to the organisation and delivery of rapid-access assessment for patients with suspected transient ischaemic attack. His clinical and research work also places him within NHS Lothian's wider stroke service and the University of Edinburgh's Cerebrovascular Research Group.,"Dr Hunter is a member of the University of Edinburgh's Cerebrovascular Research Group. His research activity is principally focused on stroke prevention, antithrombotic treatment and cerebrovascular disease. He has served as the Royal Infirmary of Edinburgh principal investigator for OCEANIC-STROKE, a Phase III study investigating asundexian, a factor XIa inhibitor, for prevention of recurrent ischaemic stroke in patients following acute non-cardioembolic ischaemic stroke or high-risk TIA. He was also local principal investigator for AXIOMATIC-SSP, a Phase II study investigating factor XIa inhibition with milvexian for secondary stroke prevention following ischaemic stroke or high-risk TIA. His wider collaborative research includes work concerning intracerebral haemorrhage and antiplatelet therapy, including the RESTART research programme.","Dr Hunter's published and collaborative academic work reflects his interests in cerebrovascular disease, stroke prevention and clinical education. His University of Edinburgh research profile records research output from the RESTART collaboration, including peer-reviewed work examining antiplatelet therapy following intracerebral haemorrhage. He has also contributed to collaborative research concerning intracerebral haemorrhage and has published work relating to medical education. His research activity complements his current clinical practice in Stroke Medicine and his role within the University of Edinburgh Cerebrovascular Research Group.","Dr Hunter is an Honorary Senior Lecturer at the University of Edinburgh. His existing profile records that he has been a course organiser and lecturer for postgraduate Internal Medicine teaching since 2019 and also teaches medical, nursing and allied health professionals. His clinical teaching is supported by active consultant practice across Stroke Medicine, Geriatric Medicine and General Internal Medicine and by his involvement in cerebrovascular research.",,Fellow of Royal College of Physicians Edinburgh; Member of the British and Irish Association of Stroke Physicians,Acute ischaemic stroke; Acute Medicine; General Internal Medicine; Geriatric Medicine; Hyperacute stroke care; Intracerebral haemorrhage; Pain Medicine; Stroke Medicine; Stroke rehabilitation; Thrombectomy; Thrombolysis; Transient Ischaemic Attack (TIA),https://www.mccollumconsultants.com/wp-content/uploads/2025/09/Neil-Hunter_CG.jpg,"NHS Lothian, Royal Infirmary of Edinburgh, University of Edinburgh",info@exp-w.com,+44 (0)161 218 0223,https://www.mccollumconsultants.com/expert-witness/neil-hunter/,Acute Medicine; Geriatric Medicine; Stroke Medicine,ew-acute-medicine; ew-geriatric-medicine; ew-stroke-medicine
Dr Phillip Jacobs,"Consultant Physician, Acute & General Medicine; MB ChB, MRCP, PG Cert","Dr Jacobs has 9 years' experience in clinical negligence and has provided around 300 expert opinions including life expectancy reports. He has given evidence in Coroner's Court. He has attended an expert witness skills masterclass and undertakes medico-legal CPD including conference attendance. Dr Jacobs is also an independent Medical Examiner. This role involves liaising with the Clinical Team involved with the care of the deceased, and the deceased's family. Coroner referrals are made when necessary and clinical governance/organisational learning issues are also flagged up as and when appropriate.","Dr Jacobs has many years of experience in managing the acute medical take, leading a team of junior doctors. He leads post-take ward rounds and takes part in the general medical on-call rota. He sees acutely ill patients on an enhanced care unit (ECU) and ambulatory patients who do not require hospital admission with a variety of medical problems in the Ambulatory Emergency Clinic. He leads multi-disciplinary meetings to plan patient discharges.","Dr Jacobs' specialist areas of interest include ambulatory emergency care, sepsis, cellulitis, acute kidney injury, deep vein thrombosis (DVT), and pulmonary embolism.",Dr Jacobs is an educational supervisor for internal medicine trainees; he also completed a managerial fellowship during higher medical training.,"Dr Jacobs has published two articles within the BMJ Open Respiratory Research journal: British Thoracic Society Quality Standards for acute non-invasive ventilation in adults; and outpatient management of pulmonary embolism. Dr Jacobs has been a case reviewer for the National Confidential Enquiry into Patient Outcomes and Deaths (NCEPOD) sepsis, acute non-invasive ventilation, acute heart failure, and pulmonary embolism studies. He is also the local lead for the annual Society for Acute Medicine national benchmarking audit.","Dr Jacobs has published in several peer reviewed journals including Acute Medicine, Emergency Medicine Journal, and Annals of Clinical Biochemistry.","Dr Jacobs is a panel member for the Acute Medicine Specialty Certificate Exam Standard Setting group. He was the simulation lead for acute medicine, and ran training days for junior doctors, nurses, and therapists. He has completed the professional development framework for supervisors and is educational supervisor to three junior doctors. Dr Jacobs also acts as a work experience supervisor and mentor for A-level students including those from underprivileged backgrounds.","Clinical Excellence Award Level 2, 2017; 1st overall prize, poster presentations, Society for Acute Medicine, International Conference, 2009.",Society for Acute Medicine; Royal College of Physicians,Acute Kidney Injury (AKI); Acute Medicine; Deep Vein Thrombosis (DVT); General Internal Medicine; Pulmonary Embolism (PE); Sepsis,https://www.mccollumconsultants.com/wp-content/uploads/2025/09/Phil_Jacobs_CG.jpg,,info@exp-w.com,+44 (0)161 218 0223,https://www.mccollumconsultants.com/expert-witness/phillip-jacobs/,Acute Medicine,ew-acute-medicine
Dr Aakash K Pandya,"Consultant in Acute and General Medicine; MBBS (Distinction), BSc (Hons), MRCP (Acute/London), AFFLM (DLM), ILM Certificate in Leadership & Management, Capsticks Diploma in Clinical Risk & Claims management",Dr Pandya enjoys a full medico-legal practice instructed by both Claimant and Defendant law firms in personal injury and clinical negligence cases.,"Dr Pandya is a Clinical Director for Acute Medicine at the London North West University Healthcare NHS Trust where he has worked as a Consultant in Acute and General Internal Medicine since October 2021; he leads the Acute Medicine Department across two acute hospitals in North West London. Dr Pandya graduated from the King's College London School of Medicine at Guy's, Kings College and St Thomas' Hospitals in 2012 and attained an MBBS with distinction. He completed an Intercalated BSc in Pharmacology in 2009 and attained a First Class Honours.","Dr Pandya works across the Medical High Dependency Unit, Acute Medical Take, Acute Medical Unit, and Medical Same Day Emergency Care. Dr Pandya is an experienced Consultant Physician who looks after acutely unwell medical patients admitted through various secondary care pathways, including the Emergency Department and has experience in managing patients requiring level 2 care (respiratory support and inotropic support) on the Medical High Dependency Unit. Dr Pandya diagnoses and manages acute medical conditions presenting to hospital through the Emergency Department or Same Day Emergency Care, medical patients requiring Level 2 care - including respiratory support (Nasal High Flow, CPAP and NIV) and inotropic support on the Medical HDU.","Dr Pandya is a Clinical Director for Acute Medicine at the London North West University Healthcare NHS Trust. His role includes, but is not limited to departmental governance, complaints handling, serious incident review group presentations and service development within the department.",,"Dr Pandya has abstracts, posters, presentations, and publications which have been presented at conferences such as the International Primary Care Respiratory Group (IPCRG) Conference and the Society of Acute Medicine Conference. His publications have focused on cough, reflux aspiration and lung disease. His other interests cover the full breadth of acute medicine.","Dr Pandya is an educational and clinical supervisor of junior doctors, pharmacists, and other allied healthcare staff. He is involved in local recruitment at the London North West University Healthcare NHS Trust. He has been involved with Acute Internal Medicine and Internal Medicine National Recruitment on interview panels. Dr Pandya has been an OSCE/PACES examiner for the Imperial College London School of Medicine",,The Associate Faculty of Forensic and Legal Medicine; The Royal College of Physicians,Acute Internal Medicine; Acute Medicine; Critical Care; Critical Care Medicine; Emergency Medicine Diagnostics; Emergency/Acute Medicine; General Internal Medicine; Sepsis,https://www.mccollumconsultants.com/wp-content/uploads/2024/06/Akash-P_CG.jpg,London North West University Healthcare NHS Trust (North West London),info@exp-w.com,+44 (0)161 218 0223,https://www.mccollumconsultants.com/expert-witness/aakash-k-pandya/,Acute Medicine,ew-acute-medicine
Dr Jeremy Lewis,"MSc(Hons), BMedSci(Hons), BMBS, MRCP, CSO, RCP, CCT",Dr Lewis is happy to be instructed by both Claimant and Defendant law firms in personal injury and clinical negligence cases. He has prepared reports for HM Coroner and has given evidence at a number of inquests. Dr Lewis has achieved Certified Expert Witness status with the Expert Witness Institute.,"Dr Jeremy Lewis graduated as a Bachelor of Medicine and Bachelor of Surgery in 2007. Following this, he began working at the King's Mill Hospital. Since then, Dr Lewis has gained over 15 years of experience working in hospitals, with a particular focus in Acute and General (Internal) Medicine. Dr Lewis has enjoyed a broad clinical practice; his previous roles have included a focus in renal medicine, cardiology, haematology, gastroenterology, and respiratory medicine. Currently, Dr Lewis holds the position of Consultant in Acute Medicine at the Nottingham University Hospitals NHS Trust. He has held his position since 2016.","Dr Lewis has a keen interest and expertise in acute kidney injuries. His clinical responsibilities include unselected general medical take, ongoing care of medical inpatients, ambulatory care, and same day emergency care. Dr Lewis also works with level one higher dependency admissions, telephone triage, and other specialty areas. Dr Lewis provides expert level care for all Acute Medicine presentations, including chest pain, breathlessness, venous thromboembolism, sepsis and infections, collapse, confusion, delirium, headaches, seizures, overdose and poisoning, alcohol use and related disorders, falls, head injuries, abdominal pain, gastrointestinal bleeding, endocrine/diabetes emergencies and non-specific deteriorations in health.","Alongside his role as Consultant in Acute Medicine, Dr Lewis is also the Caldicott Guardian, Clinical Safety Officer, and Chief Clinical Information Officer.",,,Dr Lewis regularly contributes to junior doctor teaching in all areas of Acute and General Medicine.,Highly Commended in the Team NUH Award in the Nurturing category (2021).,Member of the Royal College of Physicians of London.,Acute Internal Medicine; Acute Kidney Injury (AKI); Acute Management; Acute Medicine; Acute Respiratory Distress (ARDS); Adult Resuscitation; Anaphylaxis; Blood Pressure; CPR; Deep Vein Thrombosis (DVT); Emergency/Acute Medicine; Management of Acute Illness; Meningitis; Metabolic Disturbance; Overdose; Poisoning; Pulmonary Embolism (PE); Pyelonephritis; Recognition of Acute Illness; Seizure; Sepsis; Substance Misuse,https://www.mccollumconsultants.com/wp-content/uploads/2023/11/Dr-Jeremy-Lewis_crop_Grey.jpg,Nottingham University Hospitals NHS Trust,info@exp-w.com,+44 (0)161 218 0223,https://www.mccollumconsultants.com/expert-witness/jeremy-lewis/,Acute Medicine,ew-acute-medicine
Dr Tamer Al-Sayed,"MB, ChB, MA, FRCP, FACP, MRCP (Nephrology), MRCP (ECNEPH), SCE (Acute Medicine), PG Cert (PGME)","Dr Al-Sayed has been providing medico-legal advice for a number of years. He has undergone his expert witness training. He has also completed an MA in Healthcare Law and Bioethics at the University of Manchester. Dr Al-Sayed is registered with APIL, AvMA, National Crime Agency (NCA) and the UK Register of Expert Witnesses. He enjoys a full medico-legal practice representing both Claimant and Defendant law firms in actions relating to personal injury and clinical negligence. He has attended 23 Coroner's inquests. Dr Al-Sayed holds weekly medico-legal clinics in Manchester, but is happy to conduct home and prison visits. He can usually turnaround reports within 6-8 weeks, sooner if required.","Dr Al-Sayed specialises in internal medicine, particularly the emergency aspects and its interface with critical care medicine. Dr Al-Sayed currently holds the post of Consultant in Acute Medicine with a renal subspecialty at the Wythenshawe Hospital, part of the Manchester University Teaching Hospitals NHS Foundation Trust. Dr Al-Sayed is also an Honorary Consultant in Acute Medicine with a renal subspecialty at The Christie NHS Foundation Trust where he is also the Acute Kidney Injury (AKI) Lead.","Dr Al-Sayed has an interest in renal disorders and acute kidney injury in particular, risk recognition, early detection and intervention in both oncology and non-oncology patients. He has a further interest in electrolyte and acid base disturbances, particularly in patients receiving systemic anticancer chemotherapy.",,Dr Al-Sayed's main research interests are in AKI in particular looking at the development of biomarkers in the cancer treated population. He has done work with the Head & Neck Cancer Group at The Christie NHS Foundation Trust on ways to mitigate the development of AKI in patients treated with cisplatin chemotherapy and also who develop radiation induced mucositis.,,Dr Al-Sayed is a Royal College of Physicians (RCOP) Tutor at the Wythenshawe Hospital and previous Lead for final year students. He has both undergraduate and postgraduate teaching and training commitments.,2015 & 2016: Postgraduate Tutor of the Year Award; 2016: Bronze 5th Year Teaching Award; 2016/2019: Nominee for National Patient Safety Award (HSJ) - runner up both years,Fellow of the Royal College of Physicians; Fellow of the American College of Physicians,Acute Internal Medicine; Acute Kidney Injury (AKI); Acute Medicine; Acute Oncology Emergencies; Adult Resuscitation; General Internal Medicine; Medical Education & Training; Medical Ethics & Law; Nephrology,,"Manchester (Wythenshawe Hospital, The Christie NHS Foundation Trust)",info@exp-w.com,+44 (0)161 218 0223,https://www.mccollumconsultants.com/expert-witness/tamer-al-sayed/,Acute Medicine; Nephrology,ew-acute-medicine; ew-nephrology
Dr Joshua Gladman,MBBS MSc (Allergy) BMedSc (Hons) MRCP (UK) AFHEA,"Dr Gladman also serves as a Specialist Applications Associate for the General Medical Council. In this medico-legal role he evaluates applications for entry onto the specialist register in Allergy, producing detailed written reports that assess the suitability of candidates against GMC standards. Dr Gladman is happy to receive instructions from both Claimant and Defendant law firms in personal injury and clinical negligence cases.","Dr Gladman is a Consultant Allergist at St Mary's Hospital, Paddington, London, within the Imperial College Healthcare NHS Trust. After graduating from Imperial College School of Medicine in 2017, he completed his core medical training in London before relocating to Southampton, a World Allergy Organisation Centre of Excellence, to undertake specialty training in Allergy and Clinical Immunology. While in Southampton he earned an MSc in Allergy with distinction from the University of Southampton, successfully passed the Royal College of Pathologists' Allergy and Clinical Immunology Certificate Examination, and achieved the EAACI/UEMS Knowledge Examination in Allergology and Clinical Immunology, confirming his expertise at a European level. Since joining the Chest and Allergy Clinic at St Mary's Hospital, Dr Gladman has been a pivotal member of a tertiary NHS allergy service that provides comprehensive assessment and management of food and drug allergies, investigation of anaphylaxis, venom and aeroallergen immunotherapy, and multidisciplinary support for the full spectrum of allergic diseases. His day-to-day practice integrates detailed clinical histories, sophisticated diagnostic testing, and individualized treatment plans, ensuring that patients receive evidence-based, patient-centred care across both acute and chronic allergy pathways.","Dr Gladman's clinical focus centres on drug allergy and peri-operative anaphylaxis, areas in which he has both academic and practical expertise. His MSc thesis introduced a novel penicillin allergy testing protocol that was subsequently implemented at the Southampton allergy service, streamlining risk assessment and reducing unnecessary antibiotic avoidance. At St Mary's Hospital, he runs a dedicated drug allergy clinic, overseeing complex investigations such as low-dose intravenous challenge testing to neuromuscular blocking agents and managing high-risk peri-operative patients. His interest in peri-operative anaphylaxis has driven the development of multidisciplinary pathways that liaise closely with anesthetic teams, enabling rapid identification of causative agents and the implementation of preventive strategies for future surgeries.","Within the Imperial College Allergy Department, Dr Gladman serves as the lead consultant for Patient-Initiated Follow-Up (PIFU), a service redesign that empowers patients to schedule their own appointments and reduces unnecessary face-to-face visits. He was instrumental in introducing and embedding PIFU into the department's workflow, improving efficiency and patient satisfaction. In 2023 he completed the highly regarded Leadership Development Course delivered by Health Education England (HEE) Wessex, further honing his strategic and managerial capabilities.","Dr Gladman has been actively involved in several high-profile clinical trials, including oral peanut and milk immunotherapy (NATASHA) and epicutaneous peanut immunotherapy (VITESSE). He has also contributed as a sub-investigator to studies of novel therapies for hereditary angioedema (ApeX-N, CHAPTER-1, CHAPTER-3). His primary research output focuses on drug allergy, exemplified by a 2025 publication on the safe investigation of suspected neuromuscular blocking drug allergy using low-dose intravenous challenge protocols.",,"A dedicated educator, Dr Gladman delivers lectures for the Food Allergy and Drug Allergy modules of the University of Southampton's MSc Allergy programme. He organised and taught at national training days on food allergy in both 2024 and 2025, providing hands-on workshops and case-based learning for clinicians across the UK. In recognition of his adherence to the Professional Standards Framework for higher-education teaching, he was awarded Associate Fellowship of AdvanceHE in 2024.",Dean's List Award for Outstanding Achievement - University of Southampton (2025); Faculty of Medicine Prize for Best Performance (Support Systems) - Imperial College School of Medicine (2014); Medical Science in Society Prize - University of Birmingham (2012),British Society for Allergy and Clinical Immunology (BSACI); European Academy of Allergy and Clinical Immunology (EAACI); British Medical Association (BMA),Adverse Reactions; Allergen Immunotherapy; Allergy; Anaphylaxis; Drug Allergy; Food Allergy; Hay Fever; Latex Allergy; Mould Allergy; NSAID-Exacerbated Disease; Perioperative Anaphylaxis; Venom Allergy,https://www.mccollumconsultants.com/wp-content/uploads/2026/04/Joshua-Gladman_Headshot_CG.jpg,"St Mary's Hospital, Paddington, London; Imperial College Healthcare NHS Trust",info@exp-w.com,+44 (0)161 218 0223,https://www.mccollumconsultants.com/expert-witness/joshua-gladman/,Allergy,ew-allergy
Dr Benoy N Shah,"BSc, MBBS, MD(Res), FBCS, FRCP, FESC",Dr Benoy Shah enjoys receiving instructions from both Claimant and Defendant law firms in personal injury and clinical negligence cases.,"Dr Benoy N Shah qualified from Imperial College London in 2002. While completing his undergraduate training he earned a First-Class honours intercalated BSc in cardiovascular medicine and was awarded both Honours and the Glazer Prize in the Surgical MBBS Finals. Over the past two decades his career has been devoted exclusively to cardiology. After nine years as a cardiology registrar-three of which were spent on a higher research fellowship at Imperial College-he was appointed a substantive NHS consultant in Southampton in 2015 and has served in that capacity for more than a decade. Dr Shah works on a full on-call rota at Southampton General Hospital, a large tertiary referral centre and university teaching hospital, and manages a broad spectrum of adult patients. His daily caseload includes acute coronary syndromes, heart-failure syndromes, valvular heart disease, arrhythmias and syncope. He routinely evaluates patients presenting with chest pain, breathlessness, palpitations, peripheral oedema and loss of consciousness. Dr Shah does not engage in private practice; all of his clinical activity is confined to the NHS trust.","Dr Shah's subspecialty interests centre on cardiovascular imaging-particularly echocardiography-valvular heart disease and coronary artery disease. He holds British Society of Echocardiography (BSE) accreditations in transthoracic, transoesophageal and stress echocardiography and serves on the BSE stress-echocardiography accreditation committee. He has also contributed to the European Association of Cardiovascular Imaging's transoesophageal echocardiography certification process. In his weekly practice he is responsible for both stress-echo and transoesophageal echo lists, and he routinely performs TOE guidance during structural heart interventions such as mitral and tricuspid transcatheter edge-to-edge repair, mitral valve-in-valve and valve-in-ring implantations. Dr Shah maintains a keen clinical focus on infective endocarditis, managing both native and prosthetic valve infections, and on pericardial disease, having authored Southampton General Hospital's trust guideline for the management of acute and chronic pericarditis.","At the national level Dr Shah served on the Council of the British Heart Valve Society (BHVS) for more than ten years, progressing from Communications Secretary (2013-2016) to Education Secretary (2016-2019), then President (2019-2022) and Past President (2022-2023). His presidency coincided with the COVID-19 pandemic, during which he coordinated rapid guidance for patients with valve disease and liaised with multiple national bodies to safeguard patient care. Locally, he oversees the training and delivery of echocardiography education for cardiology registrars, represents cardiology on the Trust's anticoagulation and thrombosis committees, and has led the development of institutional guidelines for anticoagulation in patients with mechanical heart valves and for the management of pericarditis.","During a three-year research fellowship in London, Dr Shah published extensively on coronary artery disease, valvular pathology, heart failure, carotid disease and radiation induced cardiovascular injury, as well as editorials and reviews. His primary research focus remains the application of advanced echocardiographic techniques-transthoracic, transoesophageal, 3D, contrast and stress imaging-to everyday clinical practice, especially in the context of valvular heart disease. Although his NHS post provides no dedicated research time, he has continued to contribute to the scientific literature, authoring more than 50 peer reviewed articles since becoming a consultant in 2015.",,"A passionate educator, Dr Shah regularly delivers talks at national and international conferences and, as BHVS Education Secretary, shaped the society's educational agenda for heart valve disease training across multidisciplinary teams. He has contributed to national guideline documents and co-authored chapters in echocardiography textbooks, including the British Society of Echocardiography's guidelines on aortic stenosis and prosthetic valve assessment. Within Southampton General Hospital he conducts weekly teaching sessions for junior doctors, a commitment he began on his own time and that has earned him the Senior Doctor Award in 2024, with a further finalist nomination in 2025.","Certificates of Merit in Anatomy, Biochemistry, Physiology (1997-1998); Smith & Nephew bursary for intercalated BSc; First-Class Honours in Cardiovascular Medicine (1999); Glazer Prize in Surgery and Honours in final medical exams; Shortlisted, President's Medal in Cardiology, Royal Society of Medicine (2013); Investigator of the Year, British Society of Echocardiography (2015); Senior Doctor Prize winner (2024) and finalist (2025), Southampton General Hospital",Royal College of Physicians of London; British Cardiovascular Society; British Society of Echocardiography; British Heart Valve Society; European Society of Cardiology; European Association of Cardiovascular Imaging; Indian Academy of Echocardiography,Atrial fibrillation; Blood Pressure; Cardiology; Echocardiography; Heart Arrhythmias; Heart Failure; Heart Valve Disease; Hypertension; Mitral Regurgitation; Myocardial Infarction,https://www.mccollumconsultants.com/wp-content/uploads/2026/05/B-Shah_CG.jpg,Southampton,info@exp-w.com,+44 (0)161 218 0223,https://www.mccollumconsultants.com/expert-witness/benoy-n-shah/,Cardiology,ew-cardiology
Professor Aneil Malhotra,FESC FBSE PhD MB BChir MA (Cantab) MSc (Medical Leadership) MRCP(UK),"Professor Malhotra provides independent expert opinion in cardiology, with a particular focus on sports cardiology, sudden cardiac death, and inherited cardiac conditions. His medico-legal work includes personal injury and clinical negligence cases, as well as inquest reports relating to unexpected cardiac death. He is experienced in the detailed review of medical records, interpretation of cardiovascular investigations, and the preparation of clear, structured reports in accordance with Part 35 of the Civil Procedure Rules. His areas of expertise include the assessment of symptoms such as chest pain, palpitations and syncope, as well as the evaluation of cardiac investigations including ECGs, ambulatory monitoring, exercise testing and cardiac imaging. He is able to provide opinion on breach of duty and causation where appropriate, particularly in cases involving delayed or missed diagnosis, screening failures, or the management of cardiac symptoms and conditions in both general and athletic populations.","Professor Aneil Malhotra is a Consultant Cardiologist with subspecialist expertise in sports cardiology and inherited cardiac conditions. He holds NHS, academic and private appointments in Manchester and is actively involved in the cardiovascular assessment of both general cardiology patients and athletic populations ranging from recreational individuals to elite professional athletes. His clinical practice encompasses general cardiology including the assessment of chest pain, palpitations, syncope and exercise intolerance. He has a particular focus on distinguishing physiological cardiac adaptation from pathological disease in athletes. He has extensive experience in the interpretation of 12-lead ECGs, ambulatory monitoring, exercise tolerance testing, and advanced cardiac imaging including echocardiography and cardiac MRI. He is regularly involved in pre-participation cardiovascular screening programmes and the longitudinal follow up of individuals with suspected or confirmed cardiac pathology. His practice includes risk stratification for sudden cardiac death, particularly in young individuals and athletes, and he works closely with multidisciplinary teams in the management of complex cardiovascular conditions.","Professor Aneil Malhotra's clinical interests lie at the intersection of sports cardiology and inherited cardiac disease, with a particular emphasis on the cardiovascular assessment of athletes ranging from recreational participants to elite professionals. He is focused on distinguishing physiological cardiac adaptation from pathological conditions, refining pre-participation screening pathways, and developing robust risk-stratification tools for sudden cardiac death in young individuals and athletes. His practice incorporates expert interpretation of 12-lead ECGs, ambulatory monitoring, exercise testing, and advanced imaging (echocardiography and cardiac MRI) to detect subtle pathology. In addition, he is keenly interested in integrating emerging technologies - especially artificial-intelligence-driven diagnostics - into screening programmes, and in shaping national and international policies that promote multidisciplinary, guideline-based care for complex cardiovascular conditions.","Professor Malhotra has achieved a distinction in his MSc in Medical Leadership at Birkbeck University and the Royal College of Physicians. He has held a number of leadership and governance roles within cardiology and sports medicine. He is actively involved in shaping clinical services related to cardiovascular screening and sports cardiology, including the development of structured screening pathways and multidisciplinary care models. He contributes to national, international and organisational policy development, particularly in relation to athlete cardiac screening and the prevention of sudden cardiac death. He has experience in leading clinical teams, supervising junior doctors and allied health professionals, and delivering high quality, guideline-based care within both NHS and private sector settings.","Professor Malhotra's research focuses on sports cardiology, cardiovascular screening and the prevention of sudden cardiac death. His work includes the evaluation of ECG interpretation strategies, risk stratification tools, and the role of cardiac imaging in identifying underlying pathology in athletic populations. His research program of work focuses on identifying predictors of sudden cardiac death in young people. He has a particular interest in the interface between physiological adaptation and disease, as well as in emerging technologies including artificial intelligence in cardiovascular diagnostics. His research aims to improve the accuracy and efficiency of screening programmes and to inform clinical guidelines and policy at both national and international level.","Professor Malhotra has an extensive publication record in high-impact peer-reviewed journals, including leading cardiology and sports medicine journals. His work has focused on athlete screening, ECG interpretation, sudden cardiac death, and cardiovascular risk stratification. He has authored and co-authored >100 original research articles, reviews and consensus statements, and his research has contributed to the evidence base underpinning contemporary sports cardiology practice. His publications have appeared in journals such as the Journal of the American College of Cardiology, European Heart Journal and the British Journal of Sports Medicine. He is a lead author on a paper in the New England Journal of Medicine. A full publication list can be provided.","Professor Malhotra is actively involved in undergraduate and postgraduate medical education. He teaches medical students, junior doctors and specialist trainees in cardiology, with a focus on clinical assessment, ECG interpretation and cardiovascular imaging. He is also involved in the training of healthcare professionals in sports cardiology and delivers lectures at national and international conferences. He supervises research fellows and postgraduate students and is committed to developing the next generation of clinicians and researchers in cardiology.","Best of the Best Abstract x2 - British Cardiovascular Society (2025); Best Abstract Winner - European Society of Cardiology Update Conference (2019); Best Abstract Winner - Fellowship of Postgraduate Medicine Centenary Conference (2018); Young Ambassador Award for the UK - European Association of Preventative Cardiology (2018); Finalist for President's Award in Cardiology - Royal Society of Medicine (2018); Best Abstract Winner - European Society of Cardiology (2017); Young Investigator Award Finalist - European Association of Preventative Cardiology (2017); Young Investigator Award Finalist - American College of Cardiology (2016); Young Investigator Award Winner - European Association of Preventative Cardiology (2015); Young Investigator Award Finalist - European Association of Preventative Cardiology (2014); Teacher of the Month Award - Oxford University Teaching Hospitals (2009); Outstanding Achievement in Medicine - Cambridge Clinical School (2005); Harvard Research Internship - Massachusetts General Hospital, Harvard (2002)",Fellowship of European Society of Cardiology - FESC (2019); Fellowship of the British Society of Echocardiography - FBSE (2024); European Society of Cardiology Sports Cardiology Nucleus - ESC (2025),Anomalous Coronary Arteries; Arrhythmia; Arrhythmogenic Cardiomyopathy; Athlete Screening; Atrial fibrillation; Cardiac Arrythmias; Cardiology; Cardiomyopathy; Chest Pain; Conduction Disorders; Coronary Artery Disease; Dilated Cardiomyopathy; Echocardiography; Electrocardiogram Interpretation; Exercise Testing; Hypertrophic Cardiomyopathy; Inherited Cardiac Conditions; Myocarditis; Paediatric Cardiology; Palpitations; Pericarditis; Presyncope; Risk Assessment; Sports Cardiology; Sports Injury; Sudden Arrhythmic Death Syndrome (SADS); Sudden Cardiac Arrest; Sudden Cardiac Death; Syncope; Ventricular Ectopy,https://www.mccollumconsultants.com/wp-content/uploads/2026/04/Aniel_Malholtra_CG.jpg,Manchester,info@exp-w.com,+44 (0)161 218 0223,https://www.mccollumconsultants.com/expert-witness/aneil-malhotra/,Cardiology; Paediatric Cardiology,ew-cardiology; ew-paediatric-cardiology
Dr Jagdeep Singh,"MBBS, FRCP (Edin), MD, EHRA","Dr Singh has undergone formal training in medicolegal expert witness report writing and courtroom skills. He has certification from Bond Solon / University of Aberdeen as an expert witness and is well versed in the procedural distinctions between the legal systems of England and Wales and that of Scotland, ensuring the highest professional standards. His primary focus is on clinical negligence with equal weighting to claimant and defence work. He is also open to personal injury instructions.","Dr Singh is a consultant cardiologist based in Edinburgh. He works in Victoria Hospital - a district general hospital in Fife, as well as the Royal Infirmary of Edinburgh, which is a regional cardiac centre. He is also an honorary senior clinical lecturer with the University of St Andrews. Dr Singh has advanced specialist qualifications in heart rhythm, cardiac devices and heart failure management. His clinical practice encompasses the full spectrum of general cardiology, providing comprehensive care for a wide range of cardiac pathology utilising an array of investigative modalities. He performs over 200 cardiac device implants / extraction procedures a year.","Dr Singh is a recognised thought leader in the field of cardiac devices with specialist expertise in pacemakers and implantable defibrillators. He is a regular speaker at national and international conferences. In 2022 Dr. Singh pioneered Scotland's first left bundle branch pacing service, setting a new benchmark for advanced cardiac care in the region. He is also part of a high volume, supra-regional cardiac device lead management team, providing expert care for complex device cases across the north, south and east of Scotland.","Dr. Singh leads the Cardiac Arrhythmia and Implantable Devices Unit in his hospital. Nationally, he serves as the Programme Director for Scientific Sessions at the British Heart Rhythm Society, shaping the educational and scientific direction of the UK's leading arrhythmia body. He is an appointed expert advisor to the UK Medicines and Healthcare products Regulatory Agency (MHRA), where he contributes to regulatory decisions on cardiac technologies and safety. Locally, he sits on the Cardiac Arrest and Resuscitation Committee of the Fife Health Board and co-chairs the Clinical Governance Committee within the Department of Cardiology, helping to drive quality improvement and patient safety initiatives. He previously served as an area expert to the UK National Institute for Health and Care Excellence (NICE) for drug and device evaluations and was a member of the British Cardiovascular Society's National Guidelines and Practice Committee, contributing to the development of national cardiovascular care standards.","As Principal Investigator in pioneering clinical trials on advanced pacemaker technologies, Dr. Singh is at the forefront of innovation in cardiac device therapy. His published work in heart failure therapeutics further reinforces his expertise in the evolving landscape of cardiovascular interventions, providing a robust foundation for expert medico-legal opinion.","Dr Singh has authored over 25 peer-reviewed, high-impact publications in leading international journals, with a particular focus on innovative clinical trials and translational research in heart failure, diabetes, and cardiovascular therapeutics. His research has advanced the understanding and management of complex cardiac conditions, underpinning his authority in the area.","Dr. Singh has a passion for teaching and training, from delivering bedside clinical teaching to undergraduate and postgraduate candidates, all the way up to training consultant cardiologists on pacemaker implantation techniques internationally. He also proctors other NHS cardiologists in Scotland and England on left bundle branch area pacing.",Scottish Healthcare Awards - Cardiology Team of the Year (2023); University of Dundee FAME Awards - Innovation in medical education.,"Fellow of the Royal College of Physicians, Edinburgh; Scottish Cardiac Society; British Heart Rhythm Society; European Heart Rhythm Society; European Cardio-oncology Council; Scottish Medicolegal Society",Angina; Arrhythmia; Cardiac Arrest; Cardiac Arrythmias; Cardio-Oncology; Cardiology; Heart Arrhythmias; Heart Failure; Hypertension; Implantable Cardiac Devices; Sudden Cardiac Arrest,https://www.mccollumconsultants.com/wp-content/uploads/2025/07/J.Singh-Pic-CG.jpg,Edinburgh,info@exp-w.com,+44 (0)161 218 0223,https://www.mccollumconsultants.com/expert-witness/jagdeep-singh/,Cardiology,ew-cardiology
Dr Bhavik Modi,"MA(Cantab), MBBS(Hons), MRCP, PhD, FHEA",Dr Modi is Bond Solon trained and is happy to be instructed by both Claimant and Defendant law firms in personal injury and clinical negligence cases.,"Dr Modi is a Consultant Cardiologist and an Honorary Associate Professor at the Glenfield Hospital, University Hospitals Leicester NHS Trust. He is also an Honorary Consultant Cardiologist at UCLH, London, and a Private Sector Cardiologist at the Spire Hospital (Tollerton), the Nuffield Hospital (Leicester), and The Harley St Clinic (London). Prior to this, Dr Modi was a Post CCT Interventional Cardiology Fellow at the Barts Heart Centre and Honorary Consultant Cardiologist University College London Hospital. He also has an award winning PhD from King's College London. Most recently, Dr Modi has set up a regional Post ACS Secondary prevention service that has become an NHS Blueprint pathway nationally. He has also set up a Microvascular Angina and Refractory Angina Service, together with a coronary sinus reducer programme in the region. Dr Modi is nationally recognised expert in all aspects of Adult Cardiology and particularly in relation to Coronary Artery Disease, Interventional Cardiology, Angina and Heart Attack Care.","Dr Modi has a specialist interest in coronary intervention and investigation and management of chest pain with angiography and angioplasty/stenting and perform over 250 procedures each year with excellent outcomes. He regularly utilises the latest tools to optimise patients' outcomes and is a recognised national expert in using specialist angioplasty tools such as intracoronary physiology and imaging. Dr Modi is nationally recognised expert in all aspects of Adult Cardiology and particularly in relation to Coronary Artery Disease, Interventional Cardiology, Angina and Heart Attack Care.","Dr Modi is an Associate Medical Director in Innovation and Improvement at University Hospitals Leicester NHS Trust. He has also led and founded The Glenfield Chest Pain Centre 23/24, a regional ACP led hub for management of patients with chest pains and ACS and a test bed for digital healthcare solutions. This has improved patient outcomes, increased outpatients capacity and reduced emergency admissions. Dr Modi also has a lead role in rota design and workforce planning across the Barts Health NHS Trust during the COVID-19 crisis of 2020.",,"Dr Modi has co-authored 35 peer reviewed publications in High Impact Journals (18 as the first author) and has produced 30 abstracts resulting from National/International presentations. These include medical articles on angina, outcomes after percutaneous coronary intervention, coronary physiology and management of patients with heart failure.","During his Cardiology training, Dr Modi did research in Cardiovascular and Coronary Physiology, which was funded by a prestigious British Heart Foundation fellowship. This gained him an award winning PhD degree from the St Thomas' Hospital and the University of London in 2018. Dr Modi is currently a longstanding tutor on the Ealing MRCP PACES Course, Harefield ALERT Course and Barts IMPACT Course. He has also designed and ran regional teaching programmes for medical students and was rewarded with 'UCL Top Teacher Award'. Dr Modi has designed and led several audit projects leading to documented change in practice in every post to date.","Tony Gershlick Research and Innovation Award Winner, 2023; HSJ Award Winner. Acute Sector Innovation Category, Dec 2022; BCIS SCAI Fellows course Fellowship 2019, Fayaz Shawl C3 Scholarship for C3 2019; Finalist and Nomination for the 'University Best Doctoral Thesis Award', January 2019; Winner of Future Leaders in Intervention (FLI) Service/Business Case Presentation Competition, January 2019; European Society of Cardiology 'Cardiologists of Tomorrow' Scholarship and Prize 2016; British Heart Foundation Clinical Research Training Fellowship (FS/15/78/31678) 2015-2018; UCL Top Teacher Award 2009 (one of youngest ever recipients)",British Cardiovascular Society; British Cardiovascular Intervention Society; British Society of Echocardiography; Society of Cardiovascular CT,Angina; Angiogram; Angioplasty; Cardiology; Coronary Artery Disease; Heart Failure; Hypercholesterolaemia; Hypertension; Interventional Cardiology; Ischaemia; Myocardial Infarction; Stenting,https://www.mccollumconsultants.com/wp-content/uploads/2025/01/Bavik-Modi-CG.jpg,Leicester and London (based on clinical practice locations),info@exp-w.com,+44 (0)161 218 0223,https://www.mccollumconsultants.com/expert-witness/bhavik-modi/,Cardiology,ew-cardiology
Oliver Segal,"MBBS, MRCP, MD, FHRS, FRCP","Dr Segal has undertaken medico-legal work since 2011 and is happy to be instructed by both Claimant and Defendant law firms in personal injury and clinical negligence actions. Dr Segal has undertaken numerous meetings with Counsel and acted as a joint single expert. His areas of expertise include all aspects of arrhythmia, electrophysiology, catheter ablation, cardiac rhythm device implantation and left atrial appendage occlusion device implantation.","After graduating from King's College London in 1995, Dr Segal trained in general cardiology at St. Bartholomew's and The London Chest Hospital before undertaking his doctorate (MD) research on mapping complex ventricular arrhythmias at The National Heart & Lung Institute, Imperial College, London. His specialist postgraduate training in electrophysiology and device implantation was at some of London's largest arrhythmia centres, including St. Mary's Hospital, The Heart Hospital and St. George's Hospital. In 2007, Dr Segal completed a Fellowship in pacing and electrophysiology at Prof. George Klein's world-renowned electrophysiology unit in London, Ontario, Canada. Dr Segal has over 20 years' experience managing patients with arrhythmia and practising electrophysiology and in particular performing ablation and implanting cardiac rhythm devices. He has been a Consultant in the NHS at UCLH and Barts for 15 years. He has extensive experience is using a wide variety of different catheter mapping systems and catheter ablations technologies (performing >2,000 ablations) as well as many different technologies for cardiac rhythm device implantation and has performed >1,000 pacemaker/ICD/biventricular/ILR device procedures and performs leadless pacing and implants left atrial appendage occlusion devices.","Dr Segal's clinical interests centre around catheter ablation, especially for atrial fibrillation ablation and three-dimensional mapping. He has specialist interests in leadless pacing and left atrial appendage occlusion devices for people who cannot take anticoagulants safely.","Dr Segal was Programme Director and lead for Education for Electrophysiology Specialist Trainees at The Heart Hospital and then at the Barts Heart Centre, St. Bartholomew's for 10 years until 2018. He sat on the pan-Thames EP training committee, British Heart Rhythm Society exam-setting committee until 2018 and on the European exam-setting committee previously.",Dr Segal has research interests in many aspects of arrhythmia management.,"As invited faculty, Dr Segal has presented extensively at national and international conferences and have published over 60 peer-reviewed papers as well as a number of book chapters.","Dr Segal was Programme Director and lead for Education for Electrophysiology Specialist Trainees at The Heart Hospital and then at the Barts Heart Centre, St. Bartholomew's for 10 years until 2018. He sat on the pan-Thames EP training committee, British Heart Rhythm Society exam-setting committee until 2018 and on the European exam-setting committee previously.","2015 Level 4 Clinical Excellence Award UCLH Foundation Trust; 2014 Nomination for Heart Hospital Divisional Manager's Award for Service Excellence; 2014 Level 3 Clinical Excellence Award UCLH Foundation Trust; 2013 Fellow Royal College of Physicians; 2012 Fellow Heart Rhythm Society; 2011 Level 2 Clinical Excellence Award UCLH Foundation Trust; 2011 Nomination for Heart Hospital Divisional Manager's Award for Service Excellence; 2010 Level 1 Clinical Excellence Award UCLH Foundation Trust; 2009 Top 25 most cited manuscripts from Heart Rhythm Journal 2009; 2003 Judges' choice - Best abstract British Cardiac Society, Glasgow, UK; 2000 Royal College of Physicians Teale Essay Prize for Trainees",Fellow Royal College of Physicians: 78136; Member British Heart Rhythm Society: 1744; Member European Heart Rhythm Association: 134072,Ablation; Arrhythmia; Atrial fibrillation; Atrial Flutter; Cardiology; Catheter Ablation; Electrocardiography; Electrophysiologist; Heart Arrhythmias; SVT,https://www.mccollumconsultants.com/wp-content/uploads/2023/10/Oliver-Segal_Grey-C2s.jpg,,info@exp-w.com,+44 (0)161 218 0223,https://www.mccollumconsultants.com/expert-witness/consultant-cardiologist-electrophysiologist/,Cardiology,ew-cardiology
Dr Jaydeep Sarma,"MA (Hons), MB BChir (Cantab), PhD (Edin), FRCP (Lon)",Dr Sarma is happy to be instructed by both Claimant and Defendant law firms in personal injury and clinical negligence actions.,"Dr Sarma has worked as a Consultant Interventional Cardiologist at the Wythenshawe Hospital, Manchester University Hospitals NHS Trust since 2008. He studied at the Gonville and Caius College, University of Cambridge and the University of Cambridge School of Clinical Medicine at the Addenbrookes' Hospital. Dr Sarma completed his general medicine and surgical training in Edinburgh, Glasgow, London, and Nottingham. Dr Sarma then undertook higher specialist training in Cardiology at the University Hospital Trusts of Leicester and Edinburgh before a sabbatical at the Cardiovascular Center in Aalst, Belgium. Dr Sarma also has accumulated decades of general cardiology experience and participates in the cardiology on-call service at Manchester University Hospital NHS Foundation Trust. He routinely manages patients presenting with heart failure, cardiac valve infections, blood pressure problems and cardiac rhythm disorders.","Dr Sarma is particularly interested in coronary artery and heart valve disease and cardiovascular health improvement. Dr Sarma undertakes a wide range of complex percutaneous (keyhole) procedures, including stenting of narrowed and blocked heart arteries and valve treatments. He has expertise in advanced techniques, including intravascular ultrasound, optical coherence tomography, rotational atherectomy and intra-vascular lithotripsy. Dr Sarma introduced percutaneous transcatheter mitral valve repair to Manchester and also implants TAVI valves as part of a high-volume service. He has special expertise in the keyhole management of failing mechanical heart valves.","Dr Sarma has held managerial roles in Manchester as Clinical Director and lead for cardiology clinical governance. Dr Sarma is the Joint Clinical Lead for the Cardiovascular Division of Health Innovation Manchester, which delivers Manchester's Academic Health Sciences Centre programme. Dr Sarma is a founding council member for NHS England's North West Clinical Senate, and has led hospital service reviews on behalf of NHS England.","Dr Sarma completed his PhD as a Wellcome Trust Clinical Training Fellow at the University of Edinburgh, studying molecular mechanisms that underpin coronary artery disease. After completing his clinical training as a Clinical Lecturer in Edinburgh, Dr Sarma was awarded a British Heart Foundation Advanced Scholarship to work at the Cardiovascular Centre at the OLVZ Hospital in Aalst, Belgium, where Dr Sarma continued his translational research in cardiology. Dr Sarma has participated in major international conferences, presenting original research data and delivering didactic teaching. As faculty for several international interventional and general cardiology meetings, Dr Sarma has demonstrated specific techniques to numerous other consultant colleagues and trainees. Dr Sarma actively recruits to large international clinical trials and publishes in high-impact clinical journals.",,"Between 2002 and 2006, Dr Sarma was a Clinical Lecturer at the University of Edinburgh. Dr Sarma has held subsequent positions as an Honorary Senior Lecturer at the University of Manchester and has aided the supervision of clinical PhD students as well as medical undergraduates and allied health professionals. Dr Sarma is the course director for the Catheter Lab Emergency Medical Simulation (CLEMS) Course, and co-authored recent guidelines on the management of emergencies in the cardiac cath lab. Dr Sarma has been a member of the British Cardiovascular Society programme committee until 2022, contributing to the organisation of the UK's main general cardiology professional development event.","1992: Brook Prize in Medicine (Gonville and Caius, Final MB); 1999: Wellcome Trust Clinical Training Fellowship; 2001: Medical Research Society Prize, RCP London; 2006: BHF Advanced Training Scholarship, OLVZ Hospital Belgium",British Cardiac Society (BCS); European Society of Cardiology (ESC); Royal College of Physicians (RCP); British Cardiovascular Intervention Society (BCIS); British Medical Association (BMA); British Atherosclerosis Society (BAS); European Association of Percutaneous Cardiovascular Interventions (EAPCI),Aneurysm; Angiogram; Angioplasty; Balloon Angioplasty; Cardiology; Central Line; Coronary Artery Disease; CT Angiography; CT Perfusion Scan; Heart Valve Disease; Interventional Cardiology; IVC Filter; Shunt; Stenting; Vascular Embolisation,https://www.mccollumconsultants.com/wp-content/uploads/2025/05/JAYDEEP-SARMA-120525-CG.jpg,"Wythenshawe Hospital, Manchester University Hospitals NHS Trust, Manchester",info@exp-w.com,+44 (0)161 218 0223,https://www.mccollumconsultants.com/expert-witness/jaydeep-sarma/,Cardiology,ew-cardiology
Dr Hussain Contractor,"BSc (Hons), MBChB, DPhil, MRCP","Dr Contractor has undergone his expert witness training. He is registered with APIL, AvMA, National Crime Agency (NCA) and the UK Register of Expert Witnesses. Dr Contractor enjoys a full medico-legal practice representing both Claimant and Defendant law firms in actions relating to personal injury and clinical negligence. Dr Contractor holds weekly medico-legal clinics in Manchester, but is happy to travel in order to conduct home and prison visits. He can produce reports within 6-8 weeks, sooner if required.","Dr Contractor is a Consultant Interventional Cardiologist at the Wythenshawe Hospital, part of the Manchester University NHS Foundation Trust providing tertiary and quaternary cardiac services for the North West of England. He maintains a strong interest in cardiac pharmacology and sits on several regional guideline committees.","He has a specialist interest in coronary artery disease and acute coronary syndromes and is particularly involved in complex coronary intervention and chronic total occlusion angioplasty. However, the scope of his work also encompasses the full range of cardiac problems including complex valve disease, cardiac rhythm management, hypertension, dyslipidaemia, heart failure and cardiomyopathies.",,"Dr Contractor is actively involved in cardiac research and is Lead for Interventional Research at the Wythenshawe Hospital. Having attained a DPhil from the University of Oxford in 2012, he has maintained a strong interest in ischemia-reperfusion injury, cardiometabolic indices and vascular biology.",He is widely published in international peer-reviewed journals and maintains a number of collaborations with university research teams as well as being the principal investigator on a number of novel device and interventional studies.,Dr Contractor is a clinical and educational supervisor for cardiac trainees and also a Lead for the University of Manchester Medical Student Teaching Programme. He regularly delivers lectures and educational sessions for a wide range of health professionals on the management of cardiac disease.,Adam Quaich Award,British Cardiac Society,Aneurysm; Angiogram; Angioplasty; Cardiology; Central Line; CT Angiography; CT Perfusion Scan; CT Scan; General & Interventional Radiology; IVC Filter; Shunt; Stenting; Vascular Embolisation,https://www.mccollumconsultants.com/wp-content/uploads/2021/10/R5_6137GC.jpg,Manchester,info@exp-w.com,+44 (0)161 218 0223,https://www.mccollumconsultants.com/expert-witness/hussain-contractor-interventional-cardiologist/,Cardiology; Radiology,ew-cardiology; ew-general-and-interventional-radiology
Dr Ian Coulson,"BSc, MB, MRCP, FRCP","Dr Coulson is registered with the Association of Personal Injury Lawyers (APIL), the National Crime Agency (NCA), and the UK Register of Expert Witnesses. He is happy to be instructed by both Claimant and Defendant law firms in personal injury and clinical negligence actions. Dr Coulson can usually turnaround reports within 6-8 weeks, sooner if required.","Dr Coulson qualified in medicine in 1978 from St Thomas' Hospital Medical School, London. After gaining his higher qualifications in general internal medicine in 1981, Dr Coulson commenced training in dermatology. After working at the national skin hospital, the St John's Hospital, for diseases of the skin in London, he had posts as a Registrar and Senior Registrar at St George's Hospital in South London. Dr Coulson began consultant practice in East Lancashire in 1990 and is currently at the East Lancashire Acute NHS Trust as a locum since partial retirement from the NHS in 2014.",Dr Coulson has a broad range of clinical interests in all areas of clinical dermatology and skin surgery. He has a local responsibility for the investigation or contact and industrial dermatitis and co-writes the UK investigation guidelines. He is the Dermatologist to the Aintree Centre of Excellence for Behcet's disease.,"Dr Coulson was skin cancer network chairman for the Lancashire and South Cumbria area between 2005-2010. He is current Editor in Chief of DermNet, the world's largest dermatology information site.",Dr Coulson has research interests in the mechanisms of inflammation in atopic eczema.,"Dr Coulson has written over 80 clinical and research papers. He has also co-edited a textbook 'Treatment of Skin Disease' published in 2002, which became the global dermatology best seller in 2004. He has contributed chapters to the major UK Textbook of Dermatology (Rook's Textbook) edition 5 to 10. Dr Coulson was the therapy section editor of the British Journal of Dermatology between 2004 and 2009.",Dr Coulson lectures and presents research material at the American Academy of Dermatology and the British Association of Dermatologists annual meetings. Dr Coulson has also produced a nationally used e-learning module covering the core undergraduate medical curriculum and produces practical patient information on YouTube.,"2022: Sir Archibald Gray Medal, the highest award that the British Association of Dermatologists (BAD) bestows, for 'outstanding contributions to Dermatology'; 2006: The Bristol Cup prize for best poster presentation; 1999: The Silver prize at BAD; 1986: Registrar's Prize by the St John's Hospital Dermatology Society","British Association of Dermatologists (BAD); British Society for Cutaneous Allergy (BSCA); British Society for Medical Dermatology (Treasurer); Royal College of Physicians Fellow; North of England Dermatological Society Council 2000-2003, Past President 2015; Royal Society of Medicine, Dermatology Section Committee 1992-1994",Behcet's Disease; Contact Dermatitis; Dermatology; Eczema; Industrial Dermatitis; Skin Cancer; Skin Surgery,https://www.mccollumconsultants.com/wp-content/uploads/2023/02/Ian-Coulson-grey-e1677150647391.jpg,East Lancashire,info@exp-w.com,+44 (0)161 218 0223,https://www.mccollumconsultants.com/expert-witness/ian-coulson/,Dermatology,ew-dermatology
Dr Ben Pope,"MBChB, FRCEM","Dr Pope is an experienced expert witness, preparing roughly 100 reports each year on personal injury and clinical negligence cases. He is a vetted Full Member of the Expert Witness Institute, familiar with CPR Part 35, and frequently provides oral evidence in court, particularly in matters relating to emergency department processes, triage decisions and delayed diagnoses.","Dr Pope is a Consultant in Emergency Medicine and Same-Day Emergency Care (SDEC) at Nottingham University Hospitals NHS Trust, one of Europe's busiest major-trauma centres. Over more than 20 years of clinical service, he has worked at the highest tier of acute care, routinely overseeing complex poly-trauma, life-threatening medical and surgical emergencies, and undifferentiated presentations that demand rapid, decisive action.","Dr Pope's primary clinical passion lies in the evolution of emergency care delivery, especially the integration of Same-Day Emergency Care (SDEC) pathways to streamline patient flow and enhance safety. His specialist interests extend to major-trauma resuscitation, the management of acute surgical emergencies, and the mitigation of clinical risk in high-density departmental environments.","From 2022 to 2025 Dr Pope served as Head of Service (Clinical Director) for the Emergency Department at Nottingham University Hospitals. In this role he held statutory responsibility for clinical governance, patient safety and strategic planning for a workforce of over 400 staff. He oversaw a £13 million Emergency Care Vanguard project.","Dr Pope's research agenda concentrates on healthcare workforce sustainability and clinical systems safety. As a member of the NIHR Policy Research Unit at King's College London, he advises on national health- and social-care workforce policy.","Through collaborations with the NIHR and the Health Foundation, Dr Pope has published research that informs national policy on emergency-care workforce and system safety, emphasizing how clinical governance and operational efficiency intersect in acute-care settings.","Dr Pope has acted as a Fellowship Examiner for the Royal College of Emergency Medicine (RCEM), assessing senior clinicians against national standards for consultant practice. Previously he was Medical Director and Instructor for Advanced Life Support (ALS).",Led major funded projects (£75k Health Foundation; £13m Emergency Care Vanguard project); Recognised for innovation in acute care delivery,"Fellow of the Royal College of Emergency Medicine (FRCEM); Full Member of the Expert Witness Institute (MEWI); 1st Tier Recommended Expert, Association of Personal Injury Lawyers (APIL); General Medical Council (Specialist Register); Specialist Advisor to the Care Quality Commission (CQC)",Advanced Life Support (ALS); Clinical Risk; Emergency Care; Emergency Medicine (A&E); Fractures; Governance; Major Trauma; Management of Acute Illness & Trauma; Polytrauma; Resuscitation; Same Day Emergency Care (SDEC); Sepsis; Spinal Injury; Traumatic Brain Injury,https://www.mccollumconsultants.com/wp-content/uploads/2026/04/Ben_Pope_CG.jpg,Nottingham University Hospitals NHS Trust,info@exp-w.com,+44 (0)161 218 0223,https://www.mccollumconsultants.com/expert-witness/ben-pope/,Emergency Medicine,ew-emergency-medicine
Dr David Hodgson,"MBBS, LLM (Healthcare Ethics & Law), MRCP, FRCEM, FACEM","Dr Hodgson is the Director of EXPERTINEM, established in 2018, providing independent expert evidence in adult emergency medicine. He has completed formal medico-legal training, including the Bond Solon Civil Expert Witness Certificate, and holds an LLM in Healthcare Ethics and Law. His medico-legal work includes preparation of expert reports, analysis of complex medical records, and participation in case conferences. He provides independent, objective, and evidence-based opinions and accepts instructions from both claimant and defendant parties, including those arising in Northern Ireland and the Republic of Ireland.","Dr David Hodgson is an Emergency Medicine Consultant and Emergency Department Clinical Director currently practising within Queensland Health, Australia. He has over a decade of consultant-level experience in emergency medicine, having previously worked across multiple NHS organisations in England, including major trauma and high-volume emergency departments. He manages the full spectrum of adult emergency presentations and has extensive experience supervising junior clinicians, supporting multidisciplinary teams, and delivering care in complex and high-pressure environments. His clinical practice is grounded in evidence-based medicine, national guidelines, and structured clinical governance systems. In addition to his clinical work, he provides independent expert evidence in adult emergency medicine, primarily in clinical negligence cases across England, Wales, and Scotland.","Dr Hodgson's clinical interests centre on patient safety, early recognition of serious illness, and the optimisation of emergency care systems. He has a particular interest in improving diagnostic accuracy and reducing delays in time-critical conditions through structured pathways, decision-support tools, and system redesign. He also has a strong interest in the interface between emergency medicine, ethics, and law, supported by his LLM in Healthcare Ethics and Law, which informs both his clinical governance work and medico-legal practice.","Dr Hodgson has held multiple senior leadership roles within the NHS, including Associate Medical Director for Quality and Safety, Trust Clinical Lead for Quality Improvement, Trust Clinical Lead for Same Day Emergency Care (SDEC), and Interim Trust Lead for Mortality. In these roles, he led organisation-wide quality improvement strategies, implemented the QSIR programme, developed governance systems integrating incidents, complaints, mortality reviews, and claims, and contributed to the implementation of the Patient Safety Incident Response Framework. He also led system-wide development of Same Day Emergency Care pathways. He currently works as an Emergency Department Clinical Director within Wide Bay Hospital and Health Service, with responsibility for departmental performance, workforce, quality and safety, and service development.","Dr Hodgson has experience in research development and delivery, including protocol development, completion of a clinical topic review, and contribution to multi-centre trials. He has also led extensive quality improvement programmes within emergency medicine.","Dr Hodgson has contributed to peer-reviewed and educational publications within emergency medicine, including multiple publications in the Emergency Medicine Journal. He has also contributed to academic discussion in the BMJ. He has played an active role in national guideline development, including as first author of guidance produced through the Royal College of Emergency Medicine and the Academy of Medical Royal Colleges. He also serves as a peer reviewer for the Emergency Medicine Journal, with a focus on quality improvement publications.","Dr Hodgson is a GMC-recognised trainer and experienced educator. He has provided educational supervision to foundation doctors, core trainees, higher specialty trainees, CESR trainees, and advanced clinical practitioners. He has delivered teaching in emergency medicine, quality improvement, and resuscitation, and has previously served as an Advanced Life Support and Advanced Paediatric Life Support instructor. He currently holds an academic title as Senior Lecturer (Academic Title Holder) with the University of Queensland Rural Clinical School.",,Fellow of the Royal College of Emergency Medicine (FRCEM); Member of the Royal College of Physicians (MRCP); Cardiff University Bond Solon Civil Expert Witness Certificate (CUBS),Acute Internal Medicine; Advanced Life Support (ALS); Airway Management; Cardiac Arrest; Central Line; Emergency Care; Emergency Medicine (A&E); Pain Management; Sepsis; Sudden Cardiac Arrest,https://www.mccollumconsultants.com/wp-content/uploads/2026/04/David_Hodgson_CG.jpg,"Queensland Health, Australia (current); previously NHS England",info@exp-w.com,+44 (0)161 218 0223,https://www.mccollumconsultants.com/expert-witness/david-hodgson/,Emergency Medicine,ew-emergency-medicine
Dr Sam Thenabadu,"MBBS (Guy's, King's & St Thomas's, 2001), FRCEM (2010), FAcadMEd (2017), FHEA (2013), MSc (KCL, 2013), MA (IoE, 2011), Executive MBA (Quantic, 2024)","Dr Thenabadu is an experienced medico-legal expert, regularly providing detailed reports and expert witness testimony. He is qualified to advise on a broad range of clinical cases across both adult and paediatric emergency medicine. His areas of medico-legal expertise include accident and emergency care, major trauma (penetrating and blunt), low velocity injuries, back pain, triage processes, paediatric safeguarding, delayed or missed diagnoses, and standards of care in unscheduled care settings. He is also well-versed in consent and communication issues, ambulance handovers, end-of-life decisions, and clinical leadership responsibilities within emergency departments.","Dr Sam Thenabadu has been a Consultant in Adult and Paediatric Emergency Medicine since 2011 at the Princess Royal University Hospital, part of King's College NHS Trust in London. His extensive clinical practice spans both adult and paediatric emergency care, allowing him to manage a wide spectrum of acute medical and trauma presentations. He has additional experience in pre-hospital emergency care and has played a prominent role in event medicine. Since 2015, he has served as the Chief Medical Adviser and Lead Crowd Doctor at the London Olympic Stadium, providing oversight for medical planning and emergency response at large-scale public events.","Dr Thenabadu's clinical interests include emergency and paediatric emergency medicine, with a strong emphasis on high-acuity, time-sensitive conditions. He has particular expertise in event medicine, where he integrates clinical care with crowd and safety management. His interests also extend to pre-hospital care and major trauma, reflecting his commitment to improving early intervention and outcomes in emergency settings.","In addition to his clinical work, Dr Thenabadu has held several significant leadership positions in healthcare and medical education. He is currently the Programme Director for the MBBS degree at GKT Medical School and previously served as Deputy Dean of the School. Within the NHS, he has been Associate Director of Medical Education at King's College Hospital NHS Foundation Trust and Clinical Lead for Paediatric Emergency Medicine. He also served nationally as the Associate Medical Director for St John Ambulance UK.","Dr Thenabadu's research is focused on medical education, paediatric emergency medicine, and clinical leadership. He is particularly interested in how educational frameworks can enhance clinical performance and patient safety.","Dr Thenabadu is a highly productive academic author and editor. He is the primary editor of 13 medical textbooks, including Get Through the MCEM Part B and Challenging Concepts in Emergency Medicine, both widely used by trainees in emergency medicine. He has also authored multiple peer-reviewed journal articles, contributing to the literature in clinical practice, medical education, and healthcare leadership.","An accomplished educator, Dr Thenabadu is an Associate Professor at King's College London and Programme Director for the MBBS course at the GKT School of Medicine. He has taught and supervised students at all levels of medical training. He holds an MA in Clinical Medical Education and is a Fellow of both the Academy of Medical Educators and the Higher Education Academy.","Educator of the Year, King's College University (2025); Supervisor of the Year, GKT School of Medicine (2023); Full scholarship for Executive MBA",Member of the Royal College of Physicians (MRCP); Fellow of the Academy of Medical Educators (FAcadMEd); Fellow of the Higher Education Academy (FHEA); Member of the Royal College of Emergency Medicine (FRCEM),Cardiac Arrest; Emergency Care; Emergency Medicine (A&E); Major Trauma; Paediatric Emergency Medicine; Pre Hospital Care; Sepsis; Sudden Cardiac Arrest,https://www.mccollumconsultants.com/wp-content/uploads/2025/07/Sam-T-BW-2024-CG.jpg,"Princess Royal University Hospital, part of King's College NHS Trust in London",info@exp-w.com,+44 (0)161 218 0223,https://www.mccollumconsultants.com/expert-witness/sam-thenabadu/,Emergency Medicine; Paediatric Emergency Medicine,ew-emergency-medicine; ew-paediatric-emergency-medicine
Professor David Metcalfe,"BSc (Hons), LLB (Hons), MBChB, MSc, MA (Oxon), PhD, DCH, DIMC, MRCP, MRCS, FRCEM, FEBEM",Professor Metcalfe holds a first-class honours degree in law and has completed the Cardiff University Bond Solon (CUBS) Civil Expert Witness Certificate. He previously taught medical law at University College London and was a member of the Clinical Advisory Group that informed recent NHS Resolution reports on 'High value and fatality related claims' and 'Missed fractures'. His work on the legal status of clinical guidelines was awarded the British Orthopaedic Association Robert Jones Medal and Association Prize.,"Professor Metcalfe is the inaugural Kadoorie Associate Professor of Emergency Medicine at the University of Oxford and a Consultant in Emergency Medicine at the John Radcliffe Hospital. He was formerly a Fulbright Scholar at Harvard Medical School, Clinical Lecturer in Emergency Medicine at Oxford, and was elected Hunterian Professor of the Royal College of Surgeons of England in 2020. His clinical practice spans the full spectrum of emergency medicine (adults and children) and urgent care.","Professor Metcalfe's particular clinical interests are around musculoskeletal injury (e.g. fractures), cardiac arrest, and the diagnosis of high-consequence emergency conditions (e.g. aortic dissection, pulmonary embolus, cauda equina syndrome).","Professor Metcalfe leads a growing research group in emergency care at Oxford. When acting as the emergency physician in charge, he oversees the clinical work of a team of resident doctors (Senior House Officers and Registrars), Advanced Clinical Practitioners (ACPs), and Emergency Nurse Practitioners (ENPs).","Professor Metcalfe's research aims to improve the early diagnosis of time-critical conditions, optimise clinical pathways, and evaluate interventions used in emergency care. His current studies are around fracture detection on x-ray, treatment of wrist and hip fractures, and diagnosis of cauda equina syndrome.","Professor Metcalfe has over 100 publications in peer reviewed journals, including the BMJ and JAMA. He has also contributed to guidelines published by the Royal College of Emergency Medicine (RCEM), National Institute for Health and Care Excellence (NICE), and NHS England. He wrote the undergraduate textbook 'Adult Emergency Medicine at a Glance' (Wiley Blackwell) with Dr Tom Hughes.","Professor Metcalfe has taught medical students at Magdalen College in Oxford since 2016 and has previously taught at Warwick, Edinburgh, The Open University, St George's University of London, and University College London. He has instructed on nationally accredited courses such as Advanced Life Support (ALS), Advanced Paediatric Life Support (APLS), and the European Trauma Course (ETC). He is a Fellow of the Higher Education Academy.",Royal College of Surgeons of England Hunterian Professorship; British Orthopaedic Association Robert Jones Gold Medal; Syme Medal of the Royal College of Surgeons of Edinburgh; AOUK Trauma Research Prize; Orthopaedic Trauma Society Prize; Oxford-UCB Prize Fellowship; Royal Society of Medicine Emergency Medicine Prize; British Journal of Surgery Prize; Royal College of Surgeons of England Fulbright Scholarship,Royal College of Emergency Medicine (Fellow); European Board of Emergency Medicine (Fellow); Faculty of Immediate Medical Care (Advanced Practitioner Member); Royal College of Surgeons of England (Member),Aortic Dissection; Cardiac Arrest; Cauda Equina Syndrome; Compartment Syndrome; Critical Illness; Diagnosis; Emergency Medicine (A&E); Fractures; Head Injury; Ischaemia; Major Trauma; Management of Acute Illness; Musculoskeletal Injury; Sepsis; Spinal Injury; Subarachnoid Haemorrhage; Sudden Cardiac Arrest; Trauma; Urgent Care,https://www.mccollumconsultants.com/wp-content/uploads/2025/07/Metcalfe-copy-CG-1.jpg,University of Oxford / John Radcliffe Hospital,info@exp-w.com,+44 (0)161 218 0223,https://www.mccollumconsultants.com/expert-witness/david-metcalfe/,Emergency Medicine,ew-emergency-medicine
Dr Marcus Lyall,"MBChB, PhD, FRCPE","Dr Lyall enjoys medico-legal work, accepting instructions from both Claimant and Defendant law firms in personal injury and clinical negligence cases.","Dr Marcus Lyall is a Consultant Physician specialising in internal medicine, diabetes and endocrinology, and has been based at the Royal Infirmary of Edinburgh for the past seven years. This large tertiary referral and teaching hospital sees a diverse range of patients, and Dr Lyall is experienced in the management of broad and often unscheduled acute medical presentations. Beyond general medical care, Dr Lyall maintains specialty clinics within both the National Health Service and private practice, focusing on comprehensive diabetes care, general endocrinology, and the management of thyroid cancer.","Dr Lyall maintains a broad range of clinical interests within the field of internal medicine and endocrinology. This encompasses the comprehensive assessment and management of patients presenting with general internal medicine concerns, as well as providing expert care in acute medical settings. Within endocrinology, Dr Lyall has particular expertise in diabetes care, including a strong interest in the application of diabetes technology to optimise patient management. They are also keenly focused on the specific challenges of diabetes in conjunction with steroid use, and the prevention and management of associated complications. Dr Lyall is experienced in managing a broad range of acute unscheduled medical presentations, including Addison's disease, and specialises in the management of thyroid cancer and other adrenal tumours.","Dr Lyall demonstrates significant leadership and management experience within NHS Lothian, currently serving as the Clinical Director for Diabetes and Endocrinology services, overseeing care for a patient population exceeding eight hundred thousand people. Beyond direct clinical leadership, Dr Lyall actively contributes to the development of regional best practice. They are the lead author of a range of important guidance documents covering key endocrine presentations, including diabetic foot disease, advancements in diabetes therapeutics, and crucial aspects of steroid safety. Further demonstrating their commitment to collaborative care, Dr Lyall leads the regional multidisciplinary team dedicated to the management of thyroid and adrenal cancer, fostering a coordinated approach to complex patient cases.","He is also keenly focussed on several key areas within medicine and endocrinology. These include advancements in diabetes therapeutics, the investigation of thyroid cancer, the optimisation of care within unscheduled general medical presentations, and the evolving role of diabetes technology in patient management.","Dr Lyall has established a strong publication record over the past decade, contributing original research across a diverse range of clinical areas. This includes significant contributions to the understanding and management of metabolic liver disease, diabetes epidemiology, the application of diabetes technology, the challenges of multimorbidity, diabetic foot complications, steroid-induced diabetes, and endocrine cancer.","Dr Lyall is committed to medical education and training, holding the position of Honorary Senior Lecturer at the University of Edinburgh. They regularly contribute to the teaching programmes for trainee endocrinologists, general physicians, and other specialist colleagues. Recognised as an expert in their field, Dr Lyall is frequently invited to present at local, regional, and national meetings, sharing their expertise in diabetes management.",Edinburgh Clinical Academic Training Fellowship; National Research Scotland Clinical Fellowship,"Fellow of the Royal College of Physicians of Edinburgh, FRCP(Edin); Society for Endocrinology",Addison's Disease; Adrenal Nodules; Cushing's Disease; Diabetes; Diabetic Complications; Diabetic Foot; Endocrinology & Diabetes Medicine; Parathyroid Gland Disease; Phaeochromocytoma; Primary Aldosteronism; Thyroid Cancer; Thyroid Disease,https://www.mccollumconsultants.com/wp-content/uploads/2025/09/Marcus_L-CG.jpg,Royal Infirmary of Edinburgh,info@exp-w.com,+44 (0)161 218 0223,https://www.mccollumconsultants.com/expert-witness/marcus-lyall/,Endocrinology,ew-endocrinology-and-diabetes-medicine
Dr Naveed Younis,"BSc, MBChB, MD, FRCP",Dr Younis has been acting as an expert witness for 13 years and has undergone expert witness training. He enjoys a full medico-legal practice instructed by both Claimant and Defendant law firms in personal injury and clinical negligence cases. Dr Younis has given evidence in court.,"Dr Younis has been a Consultant Endocrinologist, Diabetologist, and General (Internal) Physician for over 15 years. He is Clinical Lead for Diabetic Foot Disease at the Wythenshawe Hospital; part of the University of Manchester NHS Foundation Trust.","Dr Younis specialises in all aspects of endocrinology (pituitary, adrenal, thyroid, calcium, reproductive disorders), all aspects of diabetes care (diagnosis, management and complications), general medicine, diabetic foot disease, neuropathy, obesity and dyslipidaemia. He partakes in the acute unselected medical on call rota. He is an accredited teacher for patients.",Training Programme Director in Diabetes and Endocrinology North Western Deanery. Chairman of STSC North Western Deanery in Endocrinology and Diabetes. Editorial Board of the Diabetic Medicine Journal. Member of the Greater Manchester Diabetes Strategy Group.,"Dr Younis has published widely in the field of diabetic retinopathy screening. In fact, his research has led to a change in the guidance on diabetic retinal screening in the UK. He has also developed current research interests in dyslipidaemia and vascular disease and has supervised MD and PhD students. He is currently a Principal Investigator/Sub-Investigator in clinical trials involving lipid disorders, diabetes and therapies for diabetic foot complications.",,Dr Younis has over 20 years of teaching experience; he has developed the North Western Cardiovascular/Diabetes Regional Update Course and the SCE for specialist trainees. He leads the training programme for higher specialist registrars and is a popular teacher. He is a Postgraduate Tutor for the Cardiff Diabetes Diploma Course. Dr Younis is regularly invited to give lectures at national and international meetings on novel therapeutics in diabetes and on complications of diabetes.,"Winner of Susman Prize in Pathology, University of Manchester. Winner of the John Heber Goulbourn Holt Scholarship, University of Manchester.",,Acute Kidney Injury (AKI); Adrenal Gland Disease; Autoimmune Disease; Cushing syndrome; Diabetic Complications; Emergency/Acute Medicine; Endocrinology & Diabetes Medicine; General Internal Medicine; Gestational Diabetes; Insulin Therapy; Metabolic Disturbance; Pancreas Dysfunction; Parathyroid Gland Disease; PCOS; Pituitary Gland Disease; Pre-diabetes; Pyelonephritis; Renal Failure; Thyroid Disease; Type 1 Diabetes; Type 2 Diabetes,https://www.mccollumconsultants.com/wp-content/uploads/2021/10/R5_6538GC.jpg,"Wythenshawe Hospital, University of Manchester NHS Foundation Trust",info@exp-w.com,+44 (0)161 218 0223,https://www.mccollumconsultants.com/expert-witness/naveed-younis/,Endocrinology,ew-endocrinology-and-diabetes-medicine
Dr Andrew Baxter,"MBChB, MRCP",Dr Baxter has undergone Bond Solon medico-legal training and enjoys receiving instructions from both Claimant and Defendant law firms in personal injury and clinical negligence cases.,"Dr Andrew Baxter has been a Consultant Gastroenterologist at Nottingham University Hospitals NHS Trust since 2021, delivering high-quality care within one of the UK's largest tertiary university teaching centres. His clinical focus is on pancreatic disease and hepatobiliary medicine, a subspecialty portfolio built on a rigorous two-year fellowship in advanced endoscopy. As an independent practitioner of complex therapeutic endoscopy, he maintains a high-volume practice in ERCP and performs both diagnostic and therapeutic Endoscopic Ultrasound (EUS) alongside luminal stenting with consistently excellent technical success and safety outcomes. In the outpatient setting, Dr Baxter co-leads the multidisciplinary team clinics for Chronic Pancreatitis and cystic fibrosis-related liver and gastrointestinal disease, serving as a regional referral hub for these intricate conditions. He also provides 24/7 emergency gastroenterology services, adeptly managing acute upper gastrointestinal haemorrhage and performing urgent therapeutic endoscopy. Complementing his subspecialist work, Dr Baxter sustains a robust general gastroenterology workload, overseeing inpatient luminal disorders and a wide array of outpatient GI conditions. This blend of advanced procedural expertise, multidisciplinary leadership, and comprehensive general practice makes Dr Baxter a pivotal asset to the Trust's digestive health service.","Dr Baxter's clinical interests centre on pancreatic and hepatobiliary disease and advanced therapeutic endoscopy. His expertise covers the full spectrum of pancreatic and biliary disease, including pancreatitis, cysts, gallstones, and strictures. He also manages cystic fibrosis-related gastrointestinal and liver disease, functional GI disorders, and bile acid malabsorption. As an advanced endoscopist, he performs ERCP (cannulation, stone extraction, stenting), diagnostic and therapeutic EUS for peripancreatic collections, luminal stenting, and emergency interventions for acute GI bleeding and endoscopic complications. He is adept at managing clinical complexity, delivering expert care for patients with high-risk and multifaceted conditions across his subspecialty spectrum.","Dr Baxter has held senior leadership roles within Nottingham University Hospitals NHS Trust, demonstrating a strong blend of strategic vision and operational expertise. As Deputy Head of Service - Endoscopy (January 2025 to present), he provides oversight for a high-volume tertiary endoscopy unit, ensuring compliance with JAG accreditation, maintaining rigorous quality-assurance standards and safeguarding patient safety across all procedures. From January 2022 to January 2025 he served as Governance Lead for Gastroenterology, directing the department's clinical governance framework, chairing morbidity-and-mortality meetings, investigating serious incidents and complex complaints, and leading the implementation of NICE and BSG guidelines while authoring local protocols on constipation and medication management. During the urgent COVID-19 response in 2020, Dr Baxter established a rapid luminal gastroenterology pathway. Key initiatives included designing triage protocols, upskilling nurse endoscopists, and implementing a new clinic infrastructure adapting the service infrastructure to meet the unprecedented challenges of the pandemic. This track record underscores his capacity to drive service improvement, uphold clinical standards and lead multidisciplinary teams through complex, high-pressure environments.","Dr Baxter maintains an active research interest in the evolution of endoscopic technology. Although his primary responsibilities lie in clinical care and departmental governance, he contributes to the Endoscopy Unit's research portfolio by evaluating novel devices and techniques, ensuring that his practice stays at the forefront of emerging innovations.","Dr Baxter has an active scholarly record that spans peer-reviewed articles, oral and poster presentations, and flash talks at national gastroenterology meetings. He is a co-author of three peer-reviewed papers, including a randomized trial on educational videos to improve bowel-preparation adequacy (Endoscopy International Open), a multicentre trainee-led audit examining time to endoscopy for acute upper gastrointestinal bleeding (United European Gastroenterology Journal), and a review of endoscopic ultrasound utility in hepatopancreatobiliary disease (Manipal Journal of Medical Sciences). He has presented on both training infrastructure and clinical standards, specifically delivering the talk 'Gastroenterology Trainee Research Networks: the Experience So Far' and a pan-Midlands audit of urgent endoscopy timing at the 2018 BSG Annual Meeting. At poster sessions, Dr Baxter has highlighted service-development work such as the implementation of a pre-endoscopy consent clinic to optimise ERCP appropriateness (BSG LIVE 2025), a pilot study of percutaneous transhepatic cholangioscopy for altered anatomy and hilar strictures (BSG LIVE 2025), and innovative multimodal liver assessments using EUS-guided pressure gradients, biopsies and variceal screening (BASL Annual Meeting 2025). Additional posters have addressed the diagnostic impact of biopsies in pancreato-biliary cancers (BSG LIVE 2024), validation of predictive models for inadequate bowel preparation (BSG LIVE 2023), monitoring strategies for chronic pancreatitis (BSG Annual Meeting 2022), and outcomes of urgent endoscopy delays during the COVID-19 lockdown (BSG Annual Meeting 2021). Earlier work includes a presentation on EUS-guided liver biopsy (BASL 2019) and several trainee-led network audits of acute upper GI bleeding (BSG Annual Meetings 2018). A flash presentation at BSG LIVE 2025 showcased his single-centre experience with multimodal liver assessment using EUS-guided techniques. Dr Baxter's publications and presentations are available on request.","Dr Baxter is a fully accredited trainer and educator, holding RCP accreditation (Merit, 2015) and JAG certification as an Endoscopy Trainer (2022). Since 2021 he has served as Clinical and Educational Supervisor for resident doctors and physician associates, overseeing their long-term development and conducting summative assessments. In the advanced endoscopy suite he delivers twice-weekly, high-calibre training for senior fellows, providing real-time feedback on technical performance, clinical decision-making and patient safety during ERCP and other complex therapeutic procedures. He also contributes to the national education programme as a faculty member for tertiary-level endoscopy masterclasses where he presents live cases and leads detailed discussions for consultants and trainees. He serves as faculty for the Endoscopy Emergency Simulation programme at Nottingham, training nursing and medical staff in human-factors and safety principles for acute gastrointestinal emergencies. This combination of formal accreditation, hands-on procedural mentorship, and curriculum leadership underscores Dr Baxter's commitment to developing the next generation of Gastroenterology and Endoscopy professionals.","Improvement Award (Best Staff Experience) quality improvement project - for enhancing working conditions on a ward at NUH, (2025)",United Kingdom & Ireland EUS Society; Pancreatic Society of Great Britain and Ireland; British Association for the Study of the Liver; British Society of Gastroenterology; Royal College of Physicians of London; Medical Defence Union,Alcoholic Liver Disease; Anaemia; Artificial Feeding; Autoimmune Disease; Autoimmune Liver Disease; Barrett's Oesophagus; Colonic Polyps; Colonoscopy; Diverticular Disease and Diverticulitis; Endoscopic Retrograde Cholangio Pancreatography (ERCP); Endoscopy; Gallstones; Gastroenterology; Gastrointestinal (GI) Bleed; Irritable Bowel Syndrome (IBS); Liver Disease; Percutaneous Endoscopic Gastrostomy (PEG); Polypectomy; Stenting,https://www.mccollumconsultants.com/wp-content/uploads/2025/12/Andrew-Baxter_CG.jpg,Nottingham University Hospitals NHS Trust,info@exp-w.com,+44 (0)161 218 0223,https://www.mccollumconsultants.com/expert-witness/andrew-baxter/,Gastroenterology,ew-gastroenterology
Dr Ben Wildblood,MB BS MA(Cantab) MRCP(UK) DTMH PGCert MedEd,"Dr Wildblood regularly work as an independent expert witness in medical negligence and personal injury, providing reports on breach of duty, causation, condition and prognosis. He has experience writing reporting on behalf of both claimants and defendants, including NHS Trusts. As a geriatrician, Dr Wildblood's experience and understanding of frailty and comorbidity allows him to balance expected outcomes with standard medical care against the real-life outcome experienced with the care provided. He is particularly well-placed to address cases involving the hospitalisation and acute care of frail elderly patients. Dr Wildblood has presented at and organised two medico-legal conferences at Bristol Civil and Family Justice Centre and has also arranged and led a multi-professional safeguarding conference in Weston-Super-Mare in 2023. He has presented at and helped organise a webinar with 3PB Barristers addressing the role of the geriatrician in the Court of Protection in 2024.","Since being appointed in May 2020, Dr Wildblood has fully established himself as a substantive Consultant Physician and Geriatrician at the Bristol Royal Infirmary (BRI). Much of his early work involved caring for elderly patients with covid-19. He has also been integral to the reforming and running of the Older Persons' Assessment Unit. Geriatrics: Dr Wildblood's core inpatient work is as a Consultant on the Older Persons' Assessment Unit at BRI, where he lead a multi-disciplinary team providing comprehensive geriatric assessment to patients with frailty. His role includes leading board rounds, working closely with allied health professionals, and providing holistic care. Dr Wildblood's specialist areas include managing acute hospital admissions, cognitive impairment, falls including syncope, polypharmacy, discharge planning, and providing end of life care. He has also had broad training experiences in medicine for the elderly, including posts in movement disorders, orthogeriatrics, stroke, and experiences at community hospitals. General Internal Medicine: Dr Wildblood enjoy working as a Consultant on the medical take. He frequently manages patients with presentations including sepsis, pneumonia, heart failure and other cardiopulmonary diseases. He also has experience in high care settings, including coronary care unit, respiratory high care and a medical high dependency unit. Cardiology Liaison for the Elderly: Since founding the Patient focUsed Liaison Service for the Elderly in cardiology (PULSE) in 2020, Dr Wildblood has provided regular holistic care for elderly and frail patients in the Bristol Heart Institute. His work includes assisting the cardiology team in decision making, managing patients undergoing procedures, advanced care planning and discharge planning. The main clinical benefit of this service is likely to be a significant reduction in bed days by reducing readmissions, as shown in a pilot study. Dr Wildblood enjoy working closely with the Structural Heart Valve Disease Team, where much of my role includes assessing patients' suitability to undergo transcatheter aortic valve implantation (TAVI). He participates in weekly multi-disciplinary team meetings with cardiologists, specialist nurses and cardiac surgeons. He also runs a weekly outpatient clinic, assessing patients' frailty and comorbidities, with a view to making a plan for TAVI or otherwise. Dr Wildblood also reviews a range of patients with other cardiac conditions, including syncope, heart failure, ischaemic heart disease and devices.","Dr Wildblood's clinical interests include acute medical care for the older person, comprehensive geriatric assessment and cardiology for the older person.","Patient-focUsed Liaison Service for the Elderly (PULSE). Dr Wildblood has founded, led and developed this service. This initially involved information gathering, business analysis and liaising with stakeholders, alongside running the service clinically. A pilot study showed the potential to save approximately 700 bed days through reducing readmissions, and this formed the basis for my business case, which was agreed in 2020. Dr Wildblood continues to analyse and develop the service, including providing services to cardiac surgery. He has also developed links with industry representatives, which are helping to further regional expansion and collaboration with other hospitals in South West England. Frailty Service Development. Whilst working at the Weston General Hospital, a consultant colleague and Dr Wildblood aided in the development of a case for an acute frailty service. His roles included collecting data, defining assessment pathways, educating allied health professionals and meeting with senior managers to present the benefits of service development. Their work formed a platform for another colleague to develop the Geriatric Emergency Medicine Service (GEMS), which was the 2019 south west regional winner for Urgent and Emergency Care' in the NHS Parliamentary Awards. Royal College of Physicians College Tutor for Internal Medical Training. This role is described below. It involves significant leadership and management work, including rota coordination, hosting meetings and working with the medical education director.",Dr Wildblood has presented much of his work on aortic valve disease in the elderly at regional and national level conferences. He has presented audit and quality improvement works in care of the elderly medicine at national and international level conferences. He has also presented educational projects at regional and national level conferences.,"2013 - A message to psychiatry trainees: keep your finger on the pulse, The Psychiatrist, Vol 37(2): 244. 2nd author in a letter published in a peer-reviewed online journal.","Dr Wildblood is deeply committed to medical education and regularly teaches undergraduates, trainee doctors, and fellow specialists across various settings. He serves as Royal College Tutor for Internal Medical Training at Bristol Royal Infirmary, overseeing the development and progression of around 40 internal medical and clinical fellow trainees. His responsibilities include managing rotas, reviewing competency progression, providing pastoral care, advising consultant supervisors, coordinating teaching, and liaising with the deanery. From 2020 to 2024, Dr Wildblood was the Fourth Year Tutor in Complex Medicine for the Older Person at the University of Bristol, supporting students during their clerkships through assessment, pastoral care, and participation in case reviews and tutorials. He holds a Postgraduate Certificate in Medical Education with distinction, with one module submission now used as an exemplar. As a qualified educational supervisor, he currently supports five doctors in training and also supervises multiple trainees across different levels. He frequently leads PACES teaching sessions, helping junior colleagues prepare for professional examinations.","S.W. Greig Prize for Natural Sciences 2005 - Christ's College, Cambridge; College Book Prize (twice) 2005-06 - Christ's College, Cambridge; Scholarship (twice) 2005-06 - Christ's College, Cambridge; Staines Read Prize for Medicine (twice) 2006-07 - Christ's College, Cambridge; Bachelor Scholarship 2007 - Christ's College, Cambridge; Year 3 Certificate of Merit 2008 - UCL Medical School; Certificate of Merit, Child & Family Health 2008 - UCL Medical School; Certificate of Merit, Women's Health 2009 - UCL Medical School; Medical Elective Bursary 2009 - Beit Trust, UK; Distinction in Clinical Sciences 2010 - UCL Medical School; World Antimicrobial Awareness Week Nominee 2022 - UHBW NHS Fdn Trust","Royal College of Physicians (Member and College Tutor); British Geriatrics Society, including Cardiology Specialist Interest Group; Medical Protection Society; Bristol Medico-legal Society",Acute Elderly Care; Acute Pain Management; Dementia; Geriatric Medicine; Geriatrics; Heart Failure; Polypharmacy,https://www.mccollumconsultants.com/wp-content/uploads/2025/04/Wildblood-headshot-CG2.jpg,Bristol Royal Infirmary,info@exp-w.com,+44 (0)161 218 0223,https://www.mccollumconsultants.com/expert-witness/ben-wildblood/,Geriatric Medicine,ew-geriatric-medicine
Dr David Ahearn,"MBChB, MSc. MRCP(UK), PGCert (Med Ed), DGM","Dr Ahearn has undergone his expert witness training. He is registered with APIL, AvMA, National Crime Agency (NCA) and the UK Register of Expert Witnesses. Dr Ahearn enjoys a full medico-legal practice representing both Claimant and Defendant law firms in actions relating to personal injury and clinical negligence. Dr Ahearn holds medico-legal clinics in Manchester, but is happy to travel in order to conduct home and prison visits. He can produce reports within 6-8 weeks, sooner if required. In recent years he has completed life expectancy reports and is experienced in complex causation and prognosis reports relating to older and frail people in hospital, care homes or the community, in addition to reports for the National Crime Agency, the Police and HM Coroner.","Dr David Ahearn qualified in 2003 at the University of Manchester and trained in General Medicine and medical subspecialties around the North West of England, before completing a five-year higher specialist training programme in both Geriatric Medicine and General Internal Medicine (GIM) between 2008 and 2013. Dr Ahearn was appointed Consultant Physician & Geriatrician at University Hospital of South Manchester NHS Foundation Trust (now part of Manchester University NHS Foundation Trust) in 2013 where he undertakes a full-time clinical practice in South Manchester.","In addition to general medical on-calls covering all aspects of general and geriatric medicine, Dr Ahearn cares for in-patients at Wythenshawe Hospital and out-patients in Withington. He has specialist interests in Parkinson's disease, falls in older people, dizziness and syncope (fainting), and organises specialist clinics for patients within these areas. Dr Ahearn also performs community visits to care homes and patients' homes for frail and housebound patients.","Dr Ahearn is heavily involved in development of services for Parkinson's conditions, dizziness, fainting and balance disorders, as well as co-leading an acute inpatient ward. He is interested in quality improvement, safe clinical practice and effective use of IT in clinical practice.",Dr Ahearn is actively engaged in research and supervises medical students undertaking research projects. In recent years he has acted as Principal Investigator for trials looking at falls prevention and enhanced speech and therapy input for people with Parkinson's. In addition he has supervised specialist registrars completing their MSc dissertations.,"Dr Ahearn has around 15 publications in per reviewed journals covering Parkinson's, dizziness, frailty and care home residents, end of life care and medical education.","Dr Ahearn is an Honorary Senior Lecturer and Module Leader for the Geriatric Giants' module of the MSc in Geriatric Medicine at the University of Salford. He is actively involved in teaching both undergraduates and postgraduates and is an accredited Educational and Clinical Supervisor. He regularly supervises non-medical prescribers undergoing their training. Until July 2025, he was an Associate Hospital Dean for around 150 Year 4 medical students from the University of Manchester.",Gold and silver awards for undergraduate medical student teaching. University Hospital of South Manchester Postgraduate Supervisor of the Year Award.,"British Geriatrics Society (BGS), British Geriatrics Society Special Interest Groups in Falls and Bone health & Movement Disorders (SIG), Royal College of Physicians (RCP)",Advanced Directive; Alzheimer's Disease; Blood Pressure; Dementia; Falls; Fractures; Geriatric Medicine; Healthcare in the Community; Incontinence; Lasting Power of Attorney; Mental Capacity; Mobility; Non-Accidental Injury; Parkinson's Disease; Polypharmacy; Safeguarding; Swallowing Difficulties; Urinary Tract Infections (UTI),https://www.mccollumconsultants.com/wp-content/uploads/2021/10/R5_6263GC.jpg,Manchester; Wythenshawe Hospital and Withington (clinical practice locations),info@exp-w.com,+44 (0)161 218 0223,https://www.mccollumconsultants.com/expert-witness/david-ahearn-geriatrician/,Geriatric Medicine,ew-geriatric-medicine
Dr Priyanka Sharma,"MBBS, MS (Ophthalmology), MRCPCH (Paediatrics), MRCGP, DFFP (Sexual and Reproductive health)","Dr Sharma is currently undergoing her expert witness training. Dr Sharma is registered with APIL, the National Crime Agency (NCA) and the UK Register of Expert Witnesses. She is happy to be instructed by Claimant and Defendant law firms in both personal injury and clinical negligence cases. Dr Sharma is happy to conduct home visits and can produce reports within 6-8 weeks, sooner if required.","Dr Sharma is the Clinical Lead and full-time General Practitioner (GP) at a large, urban practice in Salford that cares for 6,000 patients. Dr Sharma deals with all clinical issues, coordinates care, and advises other GP's. Dr Sharma also performs minor surgery and runs a Sexual Health Clinic where she provides clinical care for coils and implants. Previously, Dr Sharma graduated with her MBBS in 1997 when she continued to work as a Junior Doctor in ophthalmology. Following this, Dr Sharma completed her MRCPCH in paediatrics before changing to General Practice in 2005. Dr Sharma has been practicing as a GP since 2008.",Dr Sharma's main clinical interests lie within women's and sexual health medicine.,"Dr Sharma is Clinical Governance Lead for her General Practice; she deals with all complaints and has implemented various protocols for the practice. Dr Sharma led her practice through the most recent CQC inspection, which rated the practice as 'excellent'. Dr Sharma is the Safeguarding Lead for children and adults, covering 40 GP practices; within this role, Dr Sharma advises GPs on the management of safeguarding issues.",Dr Sharma has a strong research interest into chronic opioid prescribing in primary care settings for non-cancer pain.,,"Dr Sharma trains medical students, foundation trainees, and registrars.",,"Membership of the Royal College of Paediatrics and Child Health (MRCPCH), 2004; Membership of the Royal College of General Practitioners (MRCGP), 2008; Diploma of the Faculty of Family Planning (DFFP), 2009",Blood Pressure; Contraception; General Practice (GP); Healthcare in the Community; Male Infertility; Sexual Health; Sexually Transmitted Infections (STIs),https://www.mccollumconsultants.com/wp-content/uploads/2024/02/Priyanka_Sharma_grey_crop.jpg,Salford,info@exp-w.com,+44 (0)161 218 0223,https://www.mccollumconsultants.com/expert-witness/priyanka-sharma/,General Practice,ew-general-practice
Dr Rimma Grant,"MBChB, DRCOG, AKT, CSA, DFSRH, FHEA","Dr Grant has completed her expert witness training and is registered with APIL, National Crime Agency (NCA) and the UK Register of Expert Witnesses. She is happy to represent both Claimant and Defendant law firms in both personal injury and clinical negligence actions. Dr Grant can usually turnaround reports within 6-8 weeks, sooner if required.","Dr Rimma Grant started her career at the Royal Oldham Hospital when she qualified as a Doctor in August 2007; here she completed her FY1 and FY2 until she started her training in general practice in August 2009. In June 2015, Dr Grant became a salaried General Practitioner (GP); a position which she enjoyed at the Firsway Health Centre, before becoming a GP Partner in 2019.","Dr Grant has a special interest in family planning, women's health, and medical education.","As a GP Partner, Dr Grant enjoys her role which involves practice management.",,,"Dr Grant has a long history of teaching experience for both undergraduate and postgraduate students. Initially she was a problem-based learning teacher for a group of Year 4 medical students involved in mentoring and facilitating the Family and Children module. Later, from September 2016 to March 2020, Dr Grant took on the role of a Clinical Debrief Tutor at the University of Manchester, where she supervised and organised teaching content for weekly groups of third year medical students and facilitating clinical reasoning and discussions of their clinical cases. Now, Dr Grant enjoys her role as an FY2 trainee supervisor.",,Faculty of Sexual and Reproductive Healthcare (FSRH),Contraception; General Practice (GP); Healthcare in the Community; Pregnancy; Reproductive Health; Vasectomy,https://www.mccollumconsultants.com/wp-content/uploads/2025/05/Rimma_Grant_001-CG.jpg,,info@exp-w.com,+44 (0)161 218 0223,https://www.mccollumconsultants.com/expert-witness/rimma-grant/,General Practice,ew-general-practice
Dr Saira Mian,"MSc, MBChB, MRCGP, RCPathME, AFMCP, CUBS","Dr Mian holds a Master's degree in Medical Law and has completed the Cardiff University Bond Solon (CUBS) Expert Witness Certificate. Dr Mian is registered with the Association of Personal Injury Lawyers (APIL), the National Crime Agency (NCA), and the UK Register of Expert Witnesses. She accepts instructions from both Claimant and Defendant law firms in personal injury and clinical negligence cases.","Dr Mian is a General Practitioner conducting clinical sessions in a salaried role and as a peripatetic locum in regular practices in both the NHS and private sector in Greater Manchester, working across different primary care networks. She is also a Royal College of Pathology accredited Medical Examiner at Manchester Foundation Trust and Clinical Lead for Urgent Care for Greater Manchester Integrative Care Board in Trafford. This portfolio career has afforded her a broad scope of clinical experience delivering general practice in multiple, diverse settings and provides unique expertise into both the primary and secondary and NHS and private care interface.","Research Aid to Professor John Harris Lord, Alliance Professor of Bioethics and Director, Institute for Science, Ethics and Innovation, School of Law, during funded intercalated masters. Consultancy for clinical innovation: involved in the creation of a new dermatology connected care pathway to offer clinical prioritization of the dermatology non admitted (outpatient) waiting list and reviewing the current dermatology service to identify where teledermatology fits in linking that to a review of low priority frameworks and referral guidance.","As the local clinical lead for urgent and emergency care for the integrative care board Dr Mian supports urgent and emergency care programmes across Manchester and Trafford and provides clinical, professional advice and critical overview in relation to the development of and delivery of urgent care priorities.","Research Aid to Professor John Harris Lord, Alliance Professor of Bioethics and Director, Institute for Science, Ethics and Innovation, School of Law, during funded intercalated masters. Consultancy for clinical innovation: involved in the creation of a new dermatology connected care pathway to offer clinical prioritisation of the dermatology non admitted (outpatient) waiting list and reviewing the current dermatology service to identify where teledermatology fits in linking that to a review of low priority frameworks and referral guidance.",,Dr Mian remains an active member of the British Medical Association Trafford Division having served as secretary 2019-2020 and is completing NIHR Research Delivery Training with Manchester Foundation Trust.,,Royal College of General Practitioners; British Medical Association; Primary Care Dermatology Society; Institute of Functional Medicine; Acute Illness Management Instructor (AIMS); (CUBS) Expert Witness (Cert),Alzheimer's Disease; Antibiotics; Arthritis; Asthma; Autism; Back Pain; Behavioural Disorders; Bladder Conditions; Blood Pressure; Bronchitis; Catheterisation; Cessation; Child Development; Chronic obstructive pulmonary disease (COPD); Contraception; Counselling; COVID-19; Dementia; Diabetic Complications; Electrocardiography; Falls; Fibromyalgia; Fungal Infections; General Practice (GP); Haemorrhoids; Headaches; Health Screening; Healthcare in the Community; Hearing Loss; Immunisations; Lasting Power of Attorney; Menopause; Mood Disorders; Muscular Pain; Non-Accidental Injury; Nosebleeds; Notifiable Diseases; Polypharmacy; Pre-diabetes; Pregnancy; Public Health; Reproductive Health; Respiratory Tract Infection; Safeguarding; Skin Conditions; Smoking; Stress; Substance Misuse; Urinary Tract Infections (UTI),https://www.mccollumconsultants.com/wp-content/uploads/2021/10/R5_6609GC.jpg,Greater Manchester,info@exp-w.com,+44 (0)161 218 0223,https://www.mccollumconsultants.com/expert-witness/saira-mian/,General Practice,ew-general-practice
Dr Alex Eaton,MBChB DRCOG DFFP FRCGP MSc,"Dr Eaton is registered with the Association of Personal Injury Lawyers (APIL), the National Crime Agency (NCA), and the UK Register of Expert Witnesses. He is happy to be instructed by both Claimant and Defendant law firms in personal injury and clinical negligence actions. Dr Eaton holds weekly medico-legal clinics in Manchester but is happy to travel in order to conduct home and prison visits. He can usually turnaround reports within 6-8 weeks, sooner if required.","Dr Eaton has been a GP Partner in Greater Manchester since 2007 having undertaken his GP training in Glasgow, which incorporated posts in medicine of the elderly, obstetrics & gynaecology, adult psychiatry, and accident and emergency. As a GP, Dr Eaton frequently diagnoses and manages matters including, but not limited to, infections, injuries, hypertension, ischaemic heart disease, atrial fibrillation, heart failure, cerebrovascular disease, dementia, depression, schizophrenia, drug and alcohol misuse, asthma, and chronic obstructive pulmonary disease (COPD). A substantial part of his daily work involves proactive and preventative care and the holistic management of patients from birth until end-of-life. Dr Eaton undertakes weekly reviews of nursing home residents. Dr Eaton is a COVID-19 Emergency Registered Practitioner, managing first contact with individuals with potential COVID-19 symptoms.","Dr Eaton has a special interest in sexual and reproductive health, including the provision of vasectomies, and subdermal and intrauterine contraceptive procedures. Dr Eaton holds diplomas with the Royal College of Obstetricians & Gynaecologist (RCOG) and the Faculty of Reproductive & Sexual Health.","Dr Eaton was involved in the development of Viaduct Health and Viaduct Care, the Stockport GP Federations. Since then, he has assisted in the development of corporate and financial governance, and has represented the Federation in negotiations with stakeholders, pushing forward the Stockport Together agenda whilst ensuring GP interests were prioritised. He was involved in the development of the seven-day access to routine Primary Care and currently represents his Practice in the local Primary Care Network and is the Clinical Lead for managing the COVID-19 vaccination programme. As a GP Partner, Dr Eaton has daily management duties and is involved in dealing with complaints, workforce issues and practice development. He leads on continuing professional development, team meetings and information technology. He is the appointed Caldicott Guardian and Information Governance Lead.",,,"Dr Eaton has significant experience as a GP Trainer, with an impressive track record particularly in coaching trainees with difficulty. Dr Eaton is an Associate GP Dean for NHS England Workforce, Training & Education - overseeing and developing the GP training programmes, plus supporting innovation and improvement across Northwest England. He acts as a mentor for other clinicians including GP Fellows, Advanced Care Practitioners, Practice Nurses, Pharmacists, Non-medical Practitioners, and Healthcare Assistants. He is the Practice Lead for facilitating undergraduate medical students teaching.",,Royal College of General Practitioners; Association of Surgeons in Primary Care,Alzheimer's Disease; Antibiotics; Arthritis; Asthma; Back Pain; Bladder Conditions; Blood Pressure; Bronchitis; Chronic obstructive pulmonary disease (COPD); Contraception; Counselling; COVID-19; Dementia; Diabetic Complications; Fibromyalgia; Fungal Infections; General Practice (GP); Haemorrhoids; Headaches; Health Screening; Healthcare in the Community; Hearing Loss; Lasting Power of Attorney; Menopause; Mood Disorders; Muscular Pain; Non-Accidental Injury; Polypharmacy; Pre-diabetes; Pregnancy; Reproductive Health; Respiratory Tract Infection; Safeguarding; Sexual Health; Skin Conditions; Smoking Cessation; Substance Misuse; Urinary Tract Infections (UTI); Vasectomy,https://www.mccollumconsultants.com/wp-content/uploads/2023/07/Alex_Eaton__Grey_Crop_001.jpg,Greater Manchester,info@exp-w.com,+44 (0)161 218 0223,https://www.mccollumconsultants.com/expert-witness/alex-eaton-gp/,General Practice,ew-general-practice
Dr Joseph Sharif,"MBChB, MRCP (2012), FRCPath",,"Dr Joseph Sharif is a Consultant Haematologist at Manchester University NHS Foundation Trust and NHS Blood and Transplant, and Honorary Senior Lecturer at The University of Manchester. He is a member of the working expert group for (SHOT) Serious Hazards of Transfusion, the UK haemovigilance scheme, providing specialist haemoglobinopathy expertise in the review of adverse events related to blood transfusion. He is a member of the British Society for Haematology General Haematology Task Force overseeing the publication of national guidelines and evidence-based clinical practice in the UK.","Dr Sharif's clinical interests centre on the comprehensive management of haemoglobinopathies and red-cell disorders, encompassing sickle-cell disease, thalassaemia, inherited anaemias and disorders of iron metabolism. A particular focus is placed on transfusion safety and haemovigilance, with active investigation of adverse transfusion events such as alloimmunisation, haemolytic transfusion reactions, hyperhaemolysis and incompatible transfusions. Dr Sharif also provides clinical leadership in therapeutic apheresis, overseeing complex procedures that include emergency erythrocytapheresis and plasma-exchange therapies. In addition, Dr Sharif is dedicated to developing and implementing robust systems, protocols and patient-safety initiatives, specialising in special transfusion requirements, national safety-reporting frameworks and service pathways for patients with complex transfusion needs.","Dr Sharif designed and led the implementation of The Manchester Sickle Cell Unit, the UK's first 24-hour consultant-led emergency service dedicated to sickle cell management. He also implemented a regional pathway for emergency access to automated red cell exchange across the North West of England. He is the clinical lead for the regional therapeutic apheresis service.",Dr Sharif is actively involved in clinical research as a co-investigator and principal investigator in national and international studies and clinical trials. He is the co-investigator for the TAPS-2 and TAPS-3 studies investigating the role of red cell exchange transfusion in sickle cell pregnancy.,"Dr Sharif's publications span the fields of transfusion medicine, haemoglobinopathies, and maternal haematology. His research focuses on optimising care for patients with sickle cell disease, including advanced apheresis techniques, prophylactic exchange transfusion in pregnancy, and the management of serious transfusion-related complications such as post-transfusion hyperhaemolysis. His work includes international consensus guidance, national cohort analyses, clinical safety, haemovigilance, and health technology assessment, with publications in peer-reviewed journals including Blood Advances, Haematologica, and Transfusion Medicine.","Dr Sharif is an Honorary Senior Lecturer at The University of Manchester, School of Medical Sciences. He regularly contributes to undergraduate and postgraduate education and has provided educational sessions at a national level. He is a committee member of the UK Forum for Haemoglobin Disorder and organises the education programme at national meetings.",,Fellow of the Royal College of Pathologists (FRCPath); Royal College of Physicians (MRCP UK); General Medical Council (GMC); British Society for Haematology (BSH),Adverse Reactions; Anaemia; Blood Disorders; Blood Transfusion; Haematology; Hyperhaemolysis; Plasma Therapy; Sickle Cell Disease; Thalassaemia; Transfusion Complications; Transfusion Reactions; Transfusion-Transmitted Infection,https://www.mccollumconsultants.com/wp-content/uploads/2026/07/Joe_Sharif_04.jpg,Manchester,info@exp-w.com,+44 (0)161 218 0223,https://www.mccollumconsultants.com/expert-witness/joseph-sharif/,Haematology,ew-haematology
Dr Jordan Burgess,"MBChB (Hons), MRCP (UK), FRCPath, M.Math (Hons), M.Phys (Hons), MPhil (Cantab)","Provides independent expert reports in haematology, including breach of duty, causation, and prognosis. Experienced in analysis of complex medical records, clinical chronology reconstruction, and assessment of adherence to national guidelines and standards of care. Dr Burgess undertakes medico-legal work in accordance with CPR Part 35, with an overriding duty to the Court. Currently undertaking formal Expert Witness Certification (Bond Solon / University of Aberdeen).","Dr Jordan Burgess serves as a Consultant Haematologist at a large tertiary NHS teaching hospital, where he delivers specialist care across both malignant and benign haematology. His day-to-day responsibilities span inpatient wards, outpatient clinics and on-call duties, ensuring that patients with a wide spectrum of haematological conditions receive timely and expert management. In his role he routinely leads multidisciplinary discussions, contributes to clinical governance activities and participates in the review of serious adverse events, complaints and incident analyses, thereby influencing service quality and patient safety at a system level. With subspecialty expertise in haemostasis and thrombosis, haemoglobinopathies and complex diagnostic haematology, Dr. Burgess has extensive experience handling high-acuity cases. He has managed patients with acute thrombosis, bleeding disorders, anticoagulation complications and a full range of haematological malignancies-including leukaemia, lymphoma, myeloma, AL amyloidosis, myelodysplastic syndromes and myeloproliferative neoplasms. His clinical acumen is reflected in his ability to integrate laboratory data, imaging and patient history to formulate precise diagnoses and individualized treatment plans, often in the context of urgent or life-threatening presentations.","Dr Burgess's clinical interests are anchored in venous thromboembolism and thrombophilia, with a particular focus on the optimisation of anticoagulation strategies and the management of their complications. He is actively involved in refining protocols for the investigation and treatment of thrombophilic disorders, and he contributes to the development of regional guidelines that standardise testing and reduce diagnostic error. His work in bleeding disorders encompasses both inherited conditions such as haemophilia and acquired coagulopathies, where he applies a nuanced understanding of haemostatic pathways to guide therapeutic decisions. Equally passionate about haemoglobinopathies, Dr Burgess monitors patients with sickle cell disease and thalassaemia, addressing both disease-specific complications and the broader implications for transfusion medicine. He remains engaged with diagnostic haematology, interpreting complex laboratory results and integrating them into clinical pathways for haematological malignancies, myelodysplastic syndromes, myeloproliferative neoplasms and AL amyloidosis. His interests also extend to clinical governance, where he analyses system failures and redesigns diagnostic pathways to enhance patient outcomes.","In a leadership capacity, Dr Burgess chairs the Thrombosis Multidisciplinary Team meeting and the local Thrombosis Committee, overseeing the development and implementation of anticoagulation and thrombosis management pathways. He has driven service improvement initiatives through guideline development, incident review and quality assurance projects, notably authoring a regional thrombophilia testing guideline and a regional thrombotic thrombocytopenic purpura (TTP) management guideline that have become benchmarks for evidence based practice.","His research agenda concentrates on immune mediated haematological disorders, including immune thrombocytopaenic purpura (ITP), autoimmune haemolytic anaemia (AIHA) and thrombotic thrombocytopenic purpura (TTP). Dr. Burgess seeks to elucidate pathogenic mechanisms, improve diagnostic algorithms and evaluate novel therapeutic approaches within these complex disease entities.","Dr Burgess is an author and co-author of peer-reviewed publications in haematology, including work published in the British Journal of Haematology, American Journal of Hematology, and BMJ. Publications cover thrombosis, haemolysis, and haematological malignancy.","Dr Burgess is a dedicated educator, regularly delivering undergraduate and postgraduate teaching sessions. He mentors junior doctors, clinical scientists and multidisciplinary staff, emphasizing diagnostic reasoning, haematology pathways and the principles of clinical governance. His instructional style blends case based learning with practical skills training, fostering a generation of clinicians equipped to manage sophisticated haematological problems.",Lloyd Turton Prize in Surgery; Duke Elder Ophthalmology Prize; Sir Nevill Mott Award in Mathematics and Physics,Fellow of the Royal College of Pathologists (FRCPath); Royal College of Physicians (MRCP UK); General Medical Council - Full Registration with Licence to Practise; International Society on Thrombosis & Haemostasis (ISTH); British Society for Haematology (BSH); British Society for Haemostasis & Thrombosis (BSTH),Adverse Reactions; Amyloidosis; Anaemia; Anaphylaxis; Autoimmune Disease; B12 Deficiency; Blood Disorders; Blood Transfusion; Coagulation Factor Deficiencies; Deep Vein Thrombosis (DVT); Diagnostic Haematology; Haematology; Haemolysis; Haemophilia; Heparin-Induced Thrombocytopenia; Hodgkin Lymphoma; Iron Deficiency; Leukaemia; Lymphoid Leukaemia; Lymphoma; Myelofibrosis; Myeloma; Peri-Operative Bleeding Risk; Platelet Function Disorders; Pulmonary Embolism (PE); Sickle Cell Disease; Transfusion Complications; Transfusion-Associated Circulatory Overload; Transfusion-Transmitted Infection; Venous Thromboembolism (VTE); Von Willebrand Disease,https://www.mccollumconsultants.com/wp-content/uploads/2026/05/Jordan_Burgess_CG.jpg,,info@exp-w.com,+44 (0)161 218 0223,https://www.mccollumconsultants.com/expert-witness/jordan-burgess/,Haematology,ew-haematology
Dr Stephen Boyd,"MBBS, MRCP, FRCPath",Dr Boyd enjoys receiving instructions from both Claimant and Defendant law firms in personal injury and clinical negligence cases.,"Dr Stephen Boyd is a consultant haematologist who currently practices at Manchester Royal Infirmary, where he leads the service for red-cell disorders and provides general haematology care. Prior to this role he divided his clinical commitments between North Middlesex University Hospital, where he served as the lead for red-cell disorders and contributed to transfusion and haemostasis/thrombosis services, and University College London Hospital, where he continued his work in red-cell and general haematology. Earlier, he held a consultant position at Belfast City Hospital, overseeing red-cell disorders as the service lead and managing a broad spectrum of haematological conditions including myelodysplastic syndromes, acute leukaemia, myeloproliferative neoplasms and aplastic anaemia. Dr Boyd specialist training in haematology was undertaken across several institutions, including Belfast City Hospital, the Royal Belfast Hospital for Sick Children, Ulster Hospital, Altnagelvin Hospital and Guy's and St Thomas' Hospital. Prior to specialty training, he completed core medical training in general and intensive-care medicine at Mater Infirmorum Hospital, Altnagelvin Hospital, Ulster Hospital and South West Acute Hospital, and foundation training covering medicine, surgery, orthopaedics, paediatrics and academic medicine at Altnagelvin Hospital, Royal Victoria Hospital, the Royal Belfast Hospital for Sick Children and Queen's University Belfast.","Dr Boyd's clinical focus centres on red-cell haematology, with particular expertise in sickle cell disease, thalassaemia, Diamond-Blackfan anaemia, congenital dyserythropoietic anaemias and inherited red-cell membrane disorders such as hereditary spherocytosis, elliptocytosis, pyropoikilocytosis and stomatocytosis. He also manages red-cell enzyme deficiencies, including G6PD and pyruvate-kinase deficiency, and addresses transfusion-related iron overload. In the broader field of haematology, his interests encompass hereditary haemochromatosis, autoimmune haemolytic anaemia, iron-deficiency states and the diagnostic work-up of diverse haematological abnormalities (anaemia, polycythaemia, thrombocytopaenia, thrombocytosis, neutropenia and neutrophilia). He is actively involved in the evaluation of monoclonal gammopathy of undetermined significance, clonal haematopoiesis of indeterminate potential and other emerging haematological entities.","Dr Boyd leads the specialist haemoglobinopathy multidisciplinary team at Manchester Royal Infirmary and, on an interim basis, coordinates the regional North-West England Sickle Cell Haemoglobinopathy Centre. He previously served as the red-cell lead at North Middlesex University Hospital and at Belfast City Hospital, overseeing service development, pathway optimisation and audit activities within those institutions.","His research agenda is devoted to red-cell haematology, exploring novel therapeutic approaches, disease mechanisms and translational applications relevant to inherited and acquired red-cell disorders.","Dr Boyd's scholarly contributions include a poster on the role of liver biopsy in adult transfusion-dependent thalassaemia undergoing gene therapy or HSCT presented at the 20th Annual Sickle Cell & Thalassaemia Conference, a peer-reviewed article on expanded eligibility for emerging sickle-cell therapies in the British Journal of Haematology, and an e-poster detailing the use of CPX-351 in acute myeloid leukaemia. Additional abstracts have addressed the introduction of sickle-haemoglobin screening in Northern Ireland, an audit of venous-thromboembolism management in thrombocytopenic haematology patients, and a clinical case of massive haemoptysis presented at the British Thoracic Society meeting.","Since 2021, Dr Boyd has been a GMC-registered clinical and educational supervisor in haematology, guiding trainees through both practical and academic aspects of the specialty.",,Fellow of the Royal College of Pathologists (FRCP); Member of the UK Forum for Haemoglobin Disorders (UKFHD); Member of the British Society for Haematology (BSH),Anaemia; Aplastic Anaemia; Blood Disorders; Haematology; Iron Deficiency; Leukaemia; Sickle Cell Disease,https://www.mccollumconsultants.com/wp-content/uploads/2026/03/Stephen-Boyd_CG.jpg,Manchester Royal Infirmary,info@exp-w.com,+44 (0)161 218 0223,https://www.mccollumconsultants.com/expert-witness/stephen-boyd/,Haematology,ew-haematology
Dr Robert Cutting,"BClinSci (Hons), MBChB, MRCP, FRCPath, MD",Dr Cutting is happy to be instructed by Claimant and Defendant law firms in both personal injury and clinical negligence cases.,"Dr Cutting has worked as a Consultant in Haematology since 2010, including overseas experience in New Zealand. He is currently employed at large Teaching Hospital in the North of England providing level 2A care to patients with haematological malignancy. He is currently Laboratory lead for haematology and haematology representative on the hospital VTE committee. Dr Cutting is also a reporter for the South Yorkshire Haemato-Oncology Diagnostic Service (HODS).","Dr Cutting has an interest in haematology malignancy, in particular the management of Myeloma and Lymphoma but also extensive experience in the diagnosis and management of myeloid malignancy (acute myeloid leukaemia and myelodysplasia), myeloproliferative disorders, and general benign haematology including management of difficult venous thromboembolism cases.","Dr Cutting is the Deputy Chair of the Haematology Cancer Delivery Group for South Yorkshire and North Trent (he is due to assume Chair in October 2023). Previously, he was the Deputy Chair and then Chair of the North Trent Network Site Specific Group (NSSG) responsible for improving cancer outcomes across the region. He is current laboratory lead for haematology and is current haematology representative on the hospital VTE committee. During his career he has held roles in chemotherapy governance, hospital VTE committee and as regional deputy chair for the myeloma MDT.","Dr Cutting read for the degree of MD at the Academic Unit of Child Health, University of Sheffield, and was awarded a Doctorate in Medicine (MD) in 2015. He has experience as principal investigator in a number of haematology-oncology trials. Dr Cutting holds a current Good Clinical Practice certification for participation in current clinical trials.",CNL and aCML should be considered as a single entity based on molecular profiles and outcomes. Blood Adv. 2023 May 9;7(9):1672-1681; Obinutuzumab with Bendamustine for Treating Follicular Lymphoma Refractory to Rituximab: An Evidence Review Group Perspective of a NICE Single Technology Appraisal. Pharmacoeconomics. 2018 Oct;36(10):1143-1151,"Dr Cutting has nine years experience of clinical and educational supervision of trainees, has examined at undergraduate level and is involved in teaching and training of registrars in haematology.",Commendation MBChB; Distinction Pharmacology examination 3rd MB examination,Member of the Royal College of Physicians and Surgeons (UK); Fellow of the Royal College of Pathologists (UK); Member of the British Society of Haematology; Member of European Haematology Association; General Medical Council,Anaemia; Blood Disorders; Blood Transfusion; Chemotherapy; Haematology; Leukaemia; Lymphoma; Myeloma; Stem Cell Transplant; Venous Thromboembolism (VTE),,North of England,info@exp-w.com,+44 (0)161 218 0223,https://www.mccollumconsultants.com/expert-witness/robert-cutting/,Haematology,ew-haematology
Dr Eleni Tholouli,"Consultant Haematologist & Haemo-Oncologist, MRCP(UK), FRCPath, MD, PhD",Dr Tholouli is happy to be instructed by both Claimant and Defendant law firms in personal injury and clinical negligence matters.,"Dr Tholouli graduated in Germany and completed her haematology specialist training in Manchester where she also undertook a PhD at Manchester University investigating prognostic molecular markers in acute myeloid leukaemia. She then consolidated her transplant experience as a Transplant Fellow at the Fred Hutchinson Research Cancer Centre in Seattle, USA, one of the world's largest stem cell transplant centres. On her return in 2007, she was appointed as a Consultant Haematologist and the Director of the Adult Stem Cell Transplant unit at Manchester Royal Infirmary. Over the years she has expanded the transplant services by pioneering alternative donor options (Umbilical cord blood and haplo-identical) and novel transplant indications (Multiple sclerosis, sickle cell disease) and set up cellular and gene therapies such as CAR-Ts, making Manchester Royal Infirmary one of the UKs largest centres.","Dr Tholouli's expertise covers a wide range of haemato-oncological malignancies (acute and chronic leukaemia, myeloid/lymphoid leukaemia, myelodysplastic syndrome, myeloproliferative disorder, myelofibrosis, plasmacytoma, multiple myeloma, AL-amyloidosis, all types of lymphoma including Burkitt's, post-transplant lymphoproliferative disorders and Waldenstroem's) and non-malignant disorders (inherited/acquired bone marrow failures, aplastic anaemia, Fanconi's, HLH, primary/secondary immunodeficiencies, mastocytosis), all aspects of stem cell transplantation and post-transplant complications including veno-occlusive disease, microangiopathy, capillary leak syndrome, idiopathic pneumonitis, neutropenic sepsis, neutropenic colitis, unusual infections of the immunocompromised host including aspergillus, candida, CMV/EBV/Adenovirus/COVID reactivations/infections, engraftment failure, graft-versus-host-disease and many others.",Dr Tholouli is the Director of the Adult Stem Cell Transplant and Cellular/Gene Therapy Unit at Manchester Royal Infirmary and was also Director of the Haemato-Oncology Board at Manchester Cancer from 2014 to 2022.,"Dr Tholouli has a special interest in leukaemia, lymphoma, myeloma, stem cell transplantation, and cellular & gene therapies. She is Principal Investigator for multiple complex phase 1-4 clinical trials as well as Chief/Co-Investigator for trials in leukaemia. She is a member of the AML working party and steering group, directly influencing the design of trials investigating new therapies in the UK.","Dr Tholouli has authored and co-authored many publications including original manuscripts, review articles and book chapters, and presented at many national and international scientific congresses. Her publications cover areas of prognostic genes and novel therapies as well as stem cell transplant techniques in acute myeloid leukaemia, the role of transplantation in chronic myeloid leukaemia, management of GATA2 mutation, COVID linking to aplastic anaemia, its effects post CAR-T therapy, outcomes of different lymphoma groups treated with CAR-T, intensive care units and CAR-T therapy, optimising donor selection for stem cell transplantation, outcomes of cord blood transplantation, outcomes of haplo-identical donor transplantation, tumour lysis syndrome, treatment options for myeloma including autologous and allogeneic stem cell transplants, prognostic indicators in myeloma, treatment options for graft-versus-host disease, optimal stem cell collection, management of CMV infections, management of RSV infections, use of mesenchymal stem cells and mastocytosis.",Dr Tholouli is a trained educational and clinical supervisor as well as appraiser. She leads the training program on stem cell transplantation and cellular therapies at Manchester Royal Infirmary and regularly teaches and lectures to students at the University of Manchester.,,Member at EBMT (European Blood and Marrow Transplantation); Exec member of BSBMTCT (British Society of Blood and Marrow Transplantation and Cellular Therapy),Haematology; Immunodeficiencies; Leukaemia; Lymphoid Leukaemia; Lymphoma; Myelodysplasia; Myelofibrosis; Stem Cell Transplant,https://www.mccollumconsultants.com/wp-content/uploads/2023/08/Eleni_Tholouli__Grey-Crop.jpg,Manchester Royal Infirmary,info@exp-w.com,+44 (0)161 218 0223,https://www.mccollumconsultants.com/expert-witness/eleni-tholouli-consultant-haematologist-haemo-oncologist/,Haematology,ew-haematology
Dr Martin Scott,"BSc (Hons), MBChB, MRCP (UK), FRCPath, MD","Dr Scott is currently undergoing his expert witness training. Dr Scott is registered with APIL, the National Crime Agency (NCA) and the UK Register of Expert Witnesses. He is happy to be instructed by Claimant and Defendant law firms in both personal injury and clinical negligence cases. Dr Scott can produce reports within 6-8 weeks, sooner if required.","Dr Scott graduated in 2001 with a BSc (Hons) in Pharmacology from the University of Liverpool and proceeded to graduate with an MBChB in Medicine at the University of Manchester in 2007. In 2010 Dr Scott became a member of the Royal College of Physicians and shortly after, in 2015, he gained fellowship of the Royal College of Pathologists. Most recently, in 2021, Dr Scott gained his Doctorate of Medicine at the University of Manchester. Currently, Dr Scott is a Consultant Haematologist with a special interest in haemostasis and thrombosis, based at the Manchester Royal Infirmary.","Dr Scott has a particular interest in haemophilia and clotting disorders, including acquired coagulopathies. Dr Scott's expertise spans both inherited and acquired bleeding disorders, obstetric haemostasis and thrombosis, venous thrombosis, thrombophilia, and anticoagulation.",Dr Scott is the Centre Director at the Manchester Haemophilia Comprehensive Care Centre and he is also the Junior Doctor Lead for the Department of Haematology at the Manchester Royal Infirmary. Dr Scott holds the position of Chair of Haemtrack Users Update Group at the UK Haemophilia Centre Doctor's Organisation.,"Real World treatment practice and outcomes in Haemophilia. Electronic reporting systems. Dr Scott has undertaken oral presentations at both national and international levels. Most recently, these include: November 2019: UK Haemophilia Centre Doctors Organisation (UKHCDO) AGM, London. May 2018: World Federation of Haemophilia (WFH), Glasgow. February 2018: European Association of Haematology and Allied Disorders (EAHAD), Madrid. November 2017: UK Haemophilia Centres Doctors Organisation (UKHCDO) AGM, London.",Dr Scott has published 16 articles in well-known journals and has authored on 13 abstracts/presentations.,"Since 2014, Dr Scott has been a Lecturer for the Manchester Coagulation Course and has been an invited Speaker at various national and international professional and pharma sponsored seminars.",Bayer Haemophilia Award 2016-2018,Fellow of Royal College of Pathologists; Member UK Haemophilia Centre Doctors Organisation; Member British Society of Haematology,Anaemia; Blood Disorders; Blood Transfusion; Chemotherapy; Deep Vein Thrombosis (DVT); Embolisation; Haematology; Haemophilia; Haemorrhage; Haemostasis; Leukaemia; Lymphoma; Myelodysplasia; Myeloma; Neutropenic Sepsis; Pulmonary Embolism (PE); Sepsis; Stem Cell Transplant; Thiamine Deficiency; Thrombophilia; Thrombosis; Venous Thromboembolism (VTE),,Manchester Royal Infirmary,info@exp-w.com,+44 (0)161 218 0223,https://www.mccollumconsultants.com/expert-witness/martin-scott-consultant-haematologist/,Haematology,ew-haematology
Dr Simon Watt,"MBChB, MRCP, FRCPath","Dr Watt has undergone his medico-legal training. He has undergone his expert witness training. He enjoys a full medico-legal practice representing both Claimants and Defendant law firms in personal injury and clinical negligence actions. Dr Watt holds weekly medico-legal clinics in Manchester but is happy to travel in order to conduct home and prison visits. His Claimant/Defendant ratio split is approximately 80/20 and he can usually turnaround reports within 6-8 weeks, sooner if required.","Dr Watt has practised as a Consultant Haematologist at the Wythenshawe Hospital, part of the Manchester University, since 2009. Since 2010, he has been the Haematology Department Lead and has managed a large increase in patient workload. He also works in the Regional Haemo-Oncology Diagnostic Service.","He has a broad haematology clinical practice including haemato-oncology, haemostasis & thrombosis and general haematological conditions.","Since 2010, he has been the Haematology Department Lead and has managed a large increase in patient workload.","Dr Watt has taken part in clinical trials in myeloproliferative, lymphoproliferative disorders, myeloma and thrombotic disorders. He has been a Principal Investigator at Wythenshawe Hospital for more than 10 studies and National Chief Investigator on AGB002 - a biosimilar antibody study.",,"Since 2009, Dr Watt has been a Lecturer on the Manchester Blood Coagulation Course and is an Educational Supervisor for CT1 trainees.",,Associate Director of Medical Education; Medicines Optimisation Committee; Chemotherapy Action Group member; Haemato-oncology Pathway Board Research Lead; Educational Supervisor CT1; Lecturer on Manchester Coagulation Course; Guardian of Safe Working; Foundation Programme Director; Thrombosis and Thromboprophylaxis Committee Member,Anaemia; Blood Disorders; Blood Transfusion; Chemotherapy; Deep Vein Thrombosis (DVT); Haematology; Haemorrhage; Leukaemia; Lymphoma; Myelodysplasia; Myeloma; Neutropenic Sepsis; Pulmonary Embolism (PE); Sepsis; Stem Cell Transplant; Thiamine Deficiency; Vascular Embolisation; Venous Thromboembolism (VTE),https://www.mccollumconsultants.com/wp-content/uploads/2021/10/R5_7052GC.jpg,Manchester,info@exp-w.com,+44 (0)161 218 0223,https://www.mccollumconsultants.com/expert-witness/simon-watt/,Haematology,ew-haematology
Dr Rachel Louise Brown,"MBChB, MRCP, FRCPath, PGCE (Med Edu)","Dr Brown has been providing medico-legal advice for a number of years. She has undergone her expert witness training. She is registered with APIL, AvMA, the National Crime Agency (NCA) and the UK Register of Expert Witnesses. Dr Brown enjoys a full medico-legal practice representing both Claimant and Defendant law firms in actions relating to personal injury and clinical negligence. Her Claimant/Defendant ratio split is approximately 80/20 and she can usually turnaround reports within 6-8 weeks, sooner if required.","Dr Brown has worked as a Consultant Haematologist at the Manchester University NHS Foundation Trust since 2016 following her specialist training in haematology in the North West. Since 2017, she has been the General Haematology Lead and the Pre-Operative Anaemia Service Lead. Dr Brown has an active role in laboratory haematology and was Clinical Lead from 2017. Since April 2020, Dr Brown has been the Clinical Director of Laboratory Haematology. Dr Brown is a member of the Reporting Team for the regional haemato-oncology cancer diagnostics partnership for Manchester.","Dr Brown has a broad haematology clinical practice, managing patients with haematological malignancy such as myeloma, chronic myeloid leukaemia, myeloproliferative neoplasms (MPN) and myelodysplastic syndromes. She is the Trust Lead for MPN patients and has a specialist interest in this area. She also manages general haematology patients including those with venous thromboembolism (DVT/PE), iron deficiency anaemia and chronic blood abnormalities such as neutropenia, thrombocytopenia and anaemia.",,"Dr Brown is the Principal Investigator at the Manchester University NHS Foundation Trust for studies in myeloproliferative disorders. She has also taken part in clinical trials in lymphoproliferative, myeloma and thrombotic disorders. She has published on haemostasis and thrombosis.",,Dr Brown is the Training Programme Director in Haematology for Health Education North West and has a passion for educating doctors and other health care professionals; she has mentioned two advanced nurse practitioners through their master's degrees and several nurses through their non-medical prescribing course.,,Fellow of the Royal College of Pathologists; Member of the Royal College of Physicians,Anaemia; Blood Disorders; Blood Transfusion; Chemotherapy; Chronic Myeloid Leukaemia; Deep Vein Thrombosis (DVT); Haematology; Haemorrhage; Myelodysplasia; Myeloma; Neutropenic Sepsis; Pulmonary Embolism (PE); Sepsis; Vascular Embolisation; Venous Thromboembolism (VTE),https://www.mccollumconsultants.com/wp-content/uploads/2021/10/R5_5917GC.jpg,"Manchester University NHS Foundation Trust, Manchester, North West (England)",info@exp-w.com,+44 (0)161 218 0223,https://www.mccollumconsultants.com/expert-witness/rachel-brown-haematologist/,Haematology,ew-haematology
Dr Belinda Smith,"MD, MBBS (Hons), FRACP",Dr Smith has a vast medico-legal experience; producing medico-legal reports since 2009. Dr Smith is happy to be instructed by both Claimant and Defendant law firms in personal injury and clinical negligence cases.,"Dr Smith obtained her MBBS in 1988 from the University of Melbourne; she later went on to qualify as a Doctor of Medicine in 1998, her research focusing on factors determining the outcome of hepatitis C virus infection. Currently, Dr Smith is a Consultant Hepatologist and General Physician at St. Mary's Hospital, London. Alongside this, Dr Smith is also an Honorary Senior Lecturer at Imperial College London, Consultant Hepatologist at the Royal Free Hospital, Lead for the West London Primary Billary Cirrhosis ODN, and a Medical Assessor for the England Infected Blood Support Scheme. Dr Smith conducts six outpatient clinics a week, and attends multidisciplinary meetings reviewing liver histology, liver radiology, viral hepatitis management and obstetric medicine. She coordinates the haemochromatois service at St Mary's hospital","Dr Smith has interests in general hepatology, viral hepatitis, alcoholic liver disease, pregnancy and liver disease, autoimmune liver disease, liver transplant assessment, haemochromatois and abnormal liver function tests. She conducts specialist clinics in pregnancy related liver disease (with the Queen Charlotte's Hospital), autoimmune liver disease, and liver transplant follow up. She also looks after inpatient liver patients at St Mary's Hospital.",Dr Smith has undertaken appraiser training and was previously responsible for all consultant/staff grade appraisals within the Gastroenterology CMG at the Barnet and Chase Farm Hospital Trust.,"Dr Smith is involved in clinical trials for alcoholic hepatitis, hepatitis B and autoimmune liver disease.","Dr Smith has published widely, sharing her research and expert opinion in over 30 publications. These cover a range of hepatology topics including autoimmune liver disease, viral hepatitis, haemochromatois, pregnancy related liver disease and drug induced liver disease.","Dr Smith was the Module Leader BSC in Gastroenterology and Hepatology at the Imperial College (2009-2015), and a Clinical Tutor Year 3 MBBS Imperial College (2011-2015). She continues to lecture regularly on both undergraduate and postgraduate teaching programmes.","1993: Sandoz Prize for research; St Vincent's hospital, Melbourne",British Viral Hepatitis Group; British Association for Study of Liver disease; European Association for Study of Liver disease,Alcoholic Liver Disease; Autoimmune Disease; Autoimmune Liver Disease; Hepatitis; Hepatology; Liver Disease; Liver Transplant; Viral Hepatitis,https://www.mccollumconsultants.com/wp-content/uploads/2024/02/Belinda-Smith_Grey_crop_.jpg,"St. Mary's Hospital, London",info@exp-w.com,+44 (0)161 218 0223,https://www.mccollumconsultants.com/expert-witness/belinda-smith/,Hepatology,ew-hepatology
Dr Nick Talbot,"BMedSci (Hons), MBChB, FRCA, FFICM",Dr Talbot enjoys receiving instructions from both Claimant and Defendant law firms in personal injury and clinical negligence cases.,"Dr Nick Talbot was appointed as a Consultant at University Hospitals Birmingham in August 2020. He provides anaesthesia and sedation for both elective and emergency neurosurgeries, including cranial, spinal, and interventional neuroradiological procedures. His clinical practice encompasses neurosurgical theatres, the interventional neuroradiology suite, the neuro-intensive care unit, and general, trauma, and burns intensive care settings. He cares for the full spectrum of critically ill patients, including those with complex neurological conditions, polytrauma, burns, sepsis, ARDS, acute renal failure and poisoning.","Dr Talbot is an experienced Total Intravenous Anaesthesia (TIVA) practitioner, utilising target-controlled infusions (TCI) and processed electroencephalography (pEEG) to optimise operating conditions for cranial and spinal neurosurgery. This approach supports high-quality multimodal intra-operative monitoring while reducing the risk of postoperative delirium. His clinical interests centre on the management of patients with traumatic brain injury and subarachnoid haemorrhage, with a strong focus on understanding the natural history of these conditions and mitigating associated complications.","Dr Talbot serves as the Neuro-Intensive Care Lead for University Hospitals Birmingham, overseeing a multidisciplinary team comprising 10 intensive care consultants, 93 nurses, 11 clinical support workers, and a range of allied healthcare professionals. During his tenure, he has enhanced the capabilities of the neuro-intensive care unit by procuring a portable CT scanner and introducing advanced monitoring modalities, including probes for measuring brain parenchymal oxygen tension.","Dr Talbot's research interests encompass traumatic brain injury, subarachnoid haemorrhage, and the transition of adolescents from paediatric to adult intensive care.",Dr Talbot has contributed to national guidelines on the intensive-care management of status epilepticus and has presented at the North American Brain Injury Society on neuroinflammatory pathways in moderate to severe traumatic brain injury. He has also authored articles on poor-grade subarachnoid haemorrhage and on surge management of critical-care resources during the COVID-19 pandemic.,"Dr Talbot is frequently invited to deliver teaching to colleagues and resident doctors on a range of neuro-critical-care topics, including brain monitoring, traumatic brain injury, subarachnoid haemorrhage, neuroimaging interpretation, and the neurological criteria for death determination. He regularly contributes to Faculty of Intensive Care Medicine (FICM) examination preparation courses and to simulation-based training in emergency airway management.",Awarded the Midlands Neuroscience Teaching and Research Fund (£10k) for studying inflammation and epigenomics in traumatic brain injury and beta-adrenergic blockade. Received the Midlands Society of Anaesthetists Silver Medal for peri-operative fluid resuscitation work at SWFT. Granted £4k by the Jean Shanks Foundation for research on genetics and epigenetics in malignant glioma treatment.,Fellow of Royal College of Anaesthetists (FRCA); Fellow of Faculty of Intensive Care Medicine (FFICM); Neuroanaesthesia and Critical Care Society (NACS); Society for Intravenous Anaesthesia (SIVA),Acute Internal Medicine; Airway Management; Aneurysm; Brain Injury; Critical Care Medicine; Intensive Care Medicine; Intubation; Meningitis; Pneumonia; Polytrauma; Scalp Block; Sedation; Sepsis; Spinal Cord Injury; Subarachnoid Haemorrhage; Trauma Informed Care; Traumatic Brain Injury,,University Hospitals Birmingham,info@exp-w.com,+44 (0)161 218 0223,https://www.mccollumconsultants.com/expert-witness/nick-talbot/,Intensive Care,ew-intensive-care-medicine
Dr David Cain,MD(res) FFICM EDIC FRCA MRCP MB ChB BSc,Dr Cain has undergone his medico-legal training and enjoys receiving instructions from both Claimant and Defendant law firms in personal injury and clinical negligence cases.,"Dr David Cain is a consultant in Critical Care Medicine, Anaesthesia and is a Transfer Consultant for the Retrieve Critical Care transfer service. He is the Deputy Director and Peninsula Lead for the South West Critical Care Network (SWCCN), chairs the SWCCN transfer group and is a Subject Matter Expert for Electronic Patient Record implementation. Prior to this he was a Critical Care and Anaesthesia consultant at Guy's and St Thomas' Hospital, London. He is actively involved with Clinical Research and Teaching. He has previously been Clinical Governance Lead, Paediatric Critical Care Lead, Organ Donation Lead and Morbidity plus Mortality Leads. He attended the University of Edinburgh Medical School between 1998-2003 and later the University College London where he completed his MD(res) in 2017. His postgraduate medical training was with the North Central plus Imperial schools of anaesthesia and Pan-London critical care training.","David's clinical interests include Anaesthesia and Intensive Care Medicine (Adult & Paediatric) with broad expertise across critical care, perioperative medicine, and anaesthesia for a wide range of surgical procedures. His clinical practice includes the management of critically ill adults and children, with a focus on sepsis, ARDS, the deteriorating patient, and advanced resuscitation. He is skilled in procedures such as bronchoscopy, tracheostomy insertion, central and arterial access, and focused intensive care echocardiography (FICE). Dr Cain also has specialist experience in transfer medicine and paediatric critical care, ensuring safe patient transfers between hospitals. Alongside his clinical work, Dr Cain is committed to improving quality of care through active roles in infection control, clinical governance, and morbidity and mortality review. He has a strong interest in end-of-life care, organ donation, and perioperative optimisation, as well as acute pain management. His work in digital medicine and clinical informatics supports the effective use of electronic patient records and innovation in care delivery. He is also involved in clinical research, education and service development across both adult and paediatric intensive care.","Dr David Cain is a subject matter expert for the implementation of Royal Cornwall Hospital's new Electronic Patient Record and has held roles of Clinical Lead for both Clinical Governance Infection Control and Morbidity plus Mortality. His governance roles have involved handling complaints on behalf of the Critical Care department. He has been a facilitator for After Action Review Courses and contributed to Patient Safety Incidence Review Framework investigations. He also enjoys his role as Clinical Supervisor to medical trainees and as Chief Investigator for clinical studies. He has attended several management training courses, including the Care Redesign Management Training Course at St Thomas' hospital and The Royal Marsden Management training course.",Dr Cain is currently a lead investigator for the PEACH service evaluation of critical care bed utilisation within South West England. He is currently the Chief Investigator for a studies concerning paediatric bronchitis and COVID-19 and difficult airway management within Critical Care. He reviews articles for the UK Journal of Intensive Care Society and the British Journal of Anaesthesia.,Dr Cain is the lead author for five peer-reviewed publications and is the co-author for seven more. He has presented at eight international meetings and multiple national meetings.,"Dr Cain is involved with teaching medical student, junior doctors, critical care practitioners, pharmacists and critical care nurses. He has a formal qualification in teaching from the Academy of Medical Educators. He has overseen the development of a critical care transfer course for the South West Critical Care Network and was previously a faculty member plus facilitator for an end of life communication course at University College Hospital. He is a mentor for echocardiography teaching (FICE). He has written modules for the UCL Perioperative Medicine MSc.","Learning from Excellence awards, Royal Cornwall Hospital; Taking Pride in What We Do, St Thomas' Hospital; Distinction in Care of the Elderly Medicine, Edinburgh University",Fellow of the Faculty of Intensive Care Medicine; Fellow of the Royal College of Anaesthetists; Member of the Royal College of Physicians; Member of the Difficult Airway Society,Acute Management; Adult Resuscitation; Advanced Life Support (ALS); Bronchoscopy; Critical Care; Critical Care Medicine; Echocardiography; End of Life Care; Infection Control; Intensive Care Medicine; Intubation; Paediatric; Paediatric Anaesthesia; Paediatric Critical Care; Perioperative Medicine; Regional Anaesthesia; Sepsis; Tracheostomy,https://www.mccollumconsultants.com/wp-content/uploads/2023/12/David_Cain_Grey_Crop.jpg,"Royal Cornwall Hospital; Guy's and St Thomas' Hospital, London; University of Edinburgh Medical School; University College London; University College Hospital",info@exp-w.com,+44 (0)161 218 0223,https://www.mccollumconsultants.com/expert-witness/david-cain-critical-care-medicine-anaesthesia/,Intensive Care; Paediatric; Paediatric Anaesthesia; Paediatric Critical Care,ew-intensive-care-medicine; ew-paediatric; ew-paediatric-anaesthesia; ew-paediatric-critical-care
Dr Alan Ashworth,"MBChB, FRCA, FFICM",Dr Ashworth has been acting as an expert witness for a number of years. He has undergone expert witness training and has completed the Cardiff University Bond Solon Civil Expert certificate. Dr Ashworth enjoys receiving instructions from both Claimant and Defendant law firms in personal injury and clinical negligence cases.,Dr Ashworth has been a substantive Consultant in Cardiothoracic Anaesthesia & Intensive Care Medicine since 2012. He is the Clinical Director for Cardiothoracic Anaesthesia and Critical Care at Manchester University NHS Foundation Trust (MFT) since April 2025. Dr Ashworth leads one of the largest Cardiothoracic Anaesthesia and Critical Care Units in the country with 31 critical care beds. MFT is one of 5 nationally commissioned Heart and Lung transplant centres and one of 6 nationally commissioned respiratory Extracorporeal Membrane Oxygenation (ECMO) centres specialising in all forms of mechanical circulatory support for acute severe heart and respiratory failure. Dr Ashworth was Deputy Clinical Director and Quality and Patient Safety lead for the Cardiothoracic Critical Care at Manchester University NHS Foundation Trust from February 2023 to April 2025. He was Deputy ECMO Director from 2016 to 2022 and has led the development and implementation of an Extracorporeal CPR Programme from 2017 to 2021.,"Dr Ashworth has a special interest in cardiothoracic anaesthesia, anaesthesia for heart and lung transplantation, general and regional anaesthesia, and intensive care medicine. He has a particular clinical interest in extracorporeal membrane oxygenation (ECMO), mechanical circulatory support (MCS) and transoesophageal echocardiography (TOE).","Dr Ashworth is the Consultant Clinical Advisor in the Interventional Procedures Programme for National Institute for Health and Care Excellence (NICE) promoting safe innovation within the NHS. He also has experience as a Consultant Clinical Advisor for the Maternity and Newborn Safety Investigations Programme. In addition, Dr Ashworth is the Clinical Director of Cardiothoracic Anaesthesia and Critical Care.","Dr Ashworth has over 50 peer-reviewed publications on topics including extracorporeal membrane oxygenation (ECMO), mechanical circulatory support (MCS), and transoesophageal echocardiography (TOE).",,Dr Ashworth is frequently invited to give national and international lectures on extracorporeal membrane oxygenation (ECMO) and mechanical circulatory support (MCS). Dr Ashworth has also delivered lectures on the safe introduction of surgical innovation into the NHS.,1st Prize: Manchester Medical Society Section of Anaesthesia Trainees Prize; 1st prize: North West School of Anaesthesia audit day; 1st prize: Association of Cardiothoracic Anaesthetists (ACTA) Spring meeting; 2nd prize: West of Scotland annual research meeting; 3rd prize: Association of Cardiothoracic Anaesthetists (ACTA) Autumn meeting,Royal College of Anaesthetists; Association of Anaesthetists for Great Britain and Ireland; Faculty of Intensive Care Medicine,Acute Kidney Injury (AKI); Acute Pain Management; Acute Respiratory Distress (ARDS); Advanced Directive; Artificial Feeding; Blood Transfusion; Brain Damage; Cannulation; Cardiothoracic Anaesthesia; Catheterisation; Central Line; COVID-19; CPR; Direct Current (DC) Cardioversion; Echocardiography; ECMO - Extra corporeal membrane oxygenation; Electrocardiography; Epidural; Intensive Care Medicine; Lasting Power of Attorney; Regional Anaesthesia; Respiration; Sedation; Sepsis; Tracheostomy; Ventilation,https://www.mccollumconsultants.com/wp-content/uploads/2022/01/Alan-Ashworth-grey-joe-edit-1-e1676381943733.jpg,"Manchester University NHS Foundation Trust, Manchester, United Kingdom",info@exp-w.com,+44 (0)161 218 0223,https://www.mccollumconsultants.com/expert-witness/alan-ashworth-anaesthetics-and-intensive-care/,Intensive Care,ew-intensive-care-medicine
Mrs Julie Morris,"BA (Hons), MSc",,"Ms Morris began her career in statistics as a lecturer at Southampton University, and then worked as a statistician in the MRC Environmental Epidemiology Unit. In 1987 she joined the NHS as a medical statistician at the Withington Hospital in Manchester. From there, Ms Morris moved to the Education Research Centre (ERC) at Wythenshawe Hospital in 1999, where she was Head of Medical Statistics for some 20 years. Currently, Ms Morris was an Honorary Reader in Medical Statistics at the University of Manchester until January 2024. Ms Morris is Statistical Advisor to the Journal of the Royal Society of Medicine.",,"As Head of Medical Statistics at Wythenshawe Hospital, Ms Morris managed a small team of statisticians, organised and delivered a general statistical support service, and developed and ran a statistics education programme.","Ms Morris's expertise is broad and extensive, spanning across all stages of trial processes, from study design, data management and choosing an appropriate statistical approach, through to analysis, interpreting data and preparing final reports.","Ms Morris has written chapters in four published books and is the author of over 200 papers in peer-reviewed journals. Her research covers a variety of subject matters, including clinical trials, laboratory data and epidemiological studies.","Ms Morris has been central to delivering a wide range of teaching programmes in statistical methodology and critical appraisal for clinical and health-related researchers, and has been involved in teaching undergraduate and MSc students. She has also acted as a supervisor for a number of postgraduate students. In addition, Ms Morris has served as an examiner for the Royal College of Radiologists.",,Fellow of the Royal Statistical Society,Life Expectancy; Medical Statistics; Public Health,https://www.mccollumconsultants.com/wp-content/uploads/2022/01/Julie-Morris-adjusted-grey-1-e1650617411675.jpg,,info@exp-w.com,+44 (0)161 218 0223,https://www.mccollumconsultants.com/expert-witness/julie-morris/,Medical Statistics,ew-medical-statistics
Dr Anirudh Rao,"MBBS, MRCP, MRCP Nephrology, PhD, FRCP",Dr Rao enjoys receiving instructions from both claimant and defendant law firms in personal injury and clinical negligence cases. He can produce clear evidence based reports within his field of nephrology and has previously contributed on several coroner investigations.,"Dr Anirudh Rao has served as a consultant nephrologist first at Manchester Royal Infirmary and subsequently at the Royal Liverpool University Hospital, where he has been on the clinical roster since 4 June 2018. In his current role within the Liverpool University Hospital NHS Trust he provides comprehensive specialist care across the full spectrum of kidney disease, operating in outpatient clinics, inpatient wards and on call rotas of a large tertiary renal centre. His day to day workload includes the unscheduled admission of patients with acute kidney injury, the management of chronic kidney disease complications, the diagnosis and treatment of glomerulonephritis, vasculitis and other multi-system autoimmune disorders, and the care of patients with transplant related problems or renal infections, often in the context of profound immunosuppression. Beyond general nephrology, Dr Rao leads the transplant service. He runs dedicated renal transplant clinics that deliver long term follow up for kidney transplant recipients, overseeing immunosuppressive regimens, graft function monitoring and the prevention of cardiovascular and infectious complications. He also provides acute post transplant care, working closely with transplant surgeons and a multidisciplinary team to manage delayed graft function, early rejection episodes and complex inpatient issues. When transplant recipients are admitted for infection, rejection, surgical complications or systemic disease, Dr Rao coordinates their inpatient care, ensuring seamless integration of nephrology expertise with surgical and critical care input.","A core component of Dr Rao's practice is the management of patients receiving renal replacement therapy. In the haemodialysis clinic he oversees in centre dialysis patients, addressing volume control, vascular access problems, mineral bone disorders, anaemia and heightened cardiovascular risk. He routinely adjusts dialysis prescriptions, intervenes in acute complications and collaborates with dietitians, pharmacists and social care teams to optimise each patient's quality of life. His interest also extends to peritoneal dialysis and home based therapies, where he provides education, monitoring and troubleshooting to empower patients to manage their own treatment safely. Dr Rao's clinical curiosity is matched by a dedication to translational research that can be applied directly at the bedside. He is particularly interested in the intersection of nephrology with cardiovascular disease, immunology and genomics, seeking biomarkers and risk prediction tools that personalise care for patients with chronic kidney disease, dialysis dependence or a kidney transplant. This focus drives his involvement in multi omics studies, machine learning risk score development and large scale vaccine response investigations in the renal population.","Dr. Rao has held senior leadership roles in renal medicine across the Northwest. Since March 2023 he has been the Research Delivery Network Northwest Speciality Lead (Nephrology), managing the renal research-nurse workforce, overseeing commercial and non-commercial research, providing regional strategic direction, and contributing to Renal National Speciality Group meetings and the UK Kidney Research Consortium cardio-renal study group. From July 2022 to February 2023 he led the Northwest Kidney Network Transplant strategy, coordinating patient representatives, the NW KQUIP lead, co-chairs, managers and QI leads to improve care for end-stage kidney disease patients and deliver regional QI training. As Speciality Audit and Improvement Lead at Royal Liverpool Hospital (July 2021-present) he runs six-monthly audit/QI forums, mentors trainees and multidisciplinary staff, and translates audit data into actionable improvements. He previously headed the Kidney Quality Improvement Partnership transplant-first initiative in Liverpool (May 2018-August 2021), using a collaborative model to raise pre-emptive listing and transplantation rates. Earlier, as a Chief Registrar in the Royal College of Physicians programme at Manchester Royal Infirmary (August 2017-May 2018), he attended senior management meetings and led projects on anticoagulation monitoring, electronic referral systems, and patient-safety alerts. Across all positions Dr. Rao has consistently championed patient safety and quality improvement, making renal care safer, more effective, patient-centred, timely, efficient and equitable.","Dr Rao's research agenda is anchored in improving outcomes for patients with chronic kidney disease, dialysis dependence and kidney transplants. His PhD (University of Bristol, July 2019) investigated the generalisability and recruitment challenges of cohort studies in advanced CKD among the elderly, employing mixed methods, quantitative analysis, qualitative interviews and systematic review. He has obtained a £90,000 materials only grant from Roche for the SENIOR study, which evaluates SARS-CoV-2 vaccine induced immunity in dialysis and transplant recipients, and a £95,555 TRAP award for the LIPID Glom project, a lipidomic exploration of glomerulonephritis. Further funding includes a £20,000 grant from the Dowager Countess Eleanor Peel Trust for the CBKD study on novel cardiovascular biomarkers, and a £76,862 award to develop machine learning risk scores for major adverse cardiovascular events in haemodialysis patients. Dr Rao also organises the biennial Cheshire and Mersey Academic Nephrology & Transplant Showcase, securing industry sponsorship to promote regional research collaboration.",,"Dr Rao delivers teaching across undergraduate, postgraduate and multidisciplinary platforms. He supervises research students, co-supervising Dr Chukwuma Chukwu (PhD, University of Manchester, 2024) on epidemiological outcomes of renal transplantation, and Dr Elin Davies (PhD, University of Liverpool, 2023) on lipidomic and proteomic biomarkers in glomerulonephritis and dialysis related cardiovascular risk. He is the lead supervisor for Dr Emma Aspinall (MPhil, 2025), guiding a machine learning project to create cardiovascular and mortality risk scores for haemodialysis patients. His teaching portfolio also includes curriculum development, bedside teaching, audit supervision and the mentorship of junior doctors in nephrology and transplant medicine.","Best Young-Author Abstract - ERA-EDTA Travel Grant (Euro500) plus complimentary registration to the 52nd ERA-EDTA Congress, London, (2015); Top Oral Abstracts by Trainees: ASN Kidney Week 2014, Philadelphia, USA (2014)",UK kidney Association (UKKA); European Renal Association (ERA),Acute Post-Transplant Care; Advanced CKD management; Ambulatory Renal Care; Anaemia; Dialysis; Glomerulonephritis (GN); Haemodialysis; Immunosuppression Management; Kidney Transplant; Nephrologist; Nephrology; Post Operative Care; Post Operative Complications; Renal Infections; Renal Transplantation; Transplant Patients; Vasculitis,https://www.mccollumconsultants.com/wp-content/uploads/2026/05/Ani_Rao_002_CG.jpg,"Royal Liverpool University Hospital, Liverpool, UK",info@exp-w.com,+44 (0)161 218 0223,https://www.mccollumconsultants.com/expert-witness/anirudh-rao/,Nephrology,ew-nephrology
Dr Richard Ibitoye,"DipHE, BA, MB, BChir, MA, PhD, MRCP (Neurology)",,"Dr Richard Ibitoye is a substantive NHS Consultant neurologist and stroke physician based in Bristol, holding concurrent appointments in both the public and private sectors. At Southmead Hospital's regional neuroscience centre he leads outpatient clinics and inpatient services, where he evaluates, investigates and manages a broad spectrum of neurological disorders, including epilepsy, migraine, Parkinson's disease and peripheral neuropathy. His day to day practice integrates detailed clinical assessment with advanced neuro imaging and electrophysiology, ensuring that each patient receives a diagnosis grounded in the latest evidence. Within the same institution Dr Ibitoye also functions as a consultant on the comprehensive stroke service that serves a catchment of more than 1.5 million people. He is routinely involved in the hyper acute pathway, performing front door assessments for thrombolysis and mechanical thrombectomy, coordinating care in the transient ischaemic attack clinic, and supervising the hyperacute stroke ward. His dual expertise in neurology and stroke medicine enables him to bridge the gap between acute vascular management and longer term neuro rehabilitation, offering seamless continuity of care from the emergency department to community follow up.","A subspecialist in vestibular neurology, Dr Ibitoye completed a clinical research fellowship at Imperial College London, during which he directed complex dizziness and balance clinics at two national centres of excellence-Imperial College Healthcare NHS Trust and University College Hospitals NHS Trust. This experience cemented his commitment to the evaluation and treatment of patients with vestibular disorders, a field in which he continues to see patients with chronic dizziness, vestibular hypofunction and persistent postural perceptual dizziness. Beyond vestibular medicine, Dr Ibitoye has cultivated a deep interest in cerebral small vessel disease, recognising it as a leading cause of both stroke and cognitive decline. He has incorporated this focus into his stroke practice, routinely investigating the microvascular contributions to ischaemic events and integrating neuro imaging biomarkers into therapeutic decision making. His combined interests in balance physiology and small vessel pathology position him uniquely to address the intersecting challenges of falls, gait instability and cerebrovascular risk in older adults.","Dr Ibitoye's leadership extends to national and local health service governance. He chaired the Severn British Medical Association Regional Junior Doctors Committee, representing roughly 3,500 doctors, and served on the national Junior Doctors Committee during the pivotal 2015-2016 negotiations with the UK Government. More recently he co-founded the vestibular neurology Special Interest Group of the Association of British Neurologists, organising educational sessions such as the May 2026 ABN SIG meeting and creating an online portal to disseminate resources and training opportunities nationwide. Locally, he leads the physician associate programme within the stroke department, establishing a formal scope of practice policy and a structured competency assessment pathway that has markedly enhanced supervision and professional development for these clinicians.","An academic clinician, Dr Ibitoye's research trajectory was shaped by a NIHR Academic Clinical Fellowship in Bristol followed by a Clinical Research Fellowship and PhD at Imperial College London. His doctoral work applied computational neuroscience techniques to older patients with chronic dizziness, leveraging the Neuro-otology Unit at Charing Cross Hospital and the Computational, Cognitive and Clinical Neuroimaging Laboratory at Hammersmith Hospital. Building on this foundation, he secured a Guarantors of Brain post-doctoral fellowship to investigate how cerebral small vessel disease impairs human balance, completing the project at University College London in 2023. His investigations blend advanced neuro imaging, machine learning analyses and rigorous clinical phenotyping, contributing novel insights into the pathophysiology of vestibular dysfunction and vascular cognitive impairment.","Dr Richard Ibitoye's publications reflect a distinguished and cohesive research portfolio spanning vestibular neuroscience, cerebrovascular disease, and translational clinical neurology. His work has advanced understanding of the neurophysiological mechanisms underlying dizziness and balance dysfunction, including influential studies in NeuroImage: Clinical and Cerebral Cortex that explored vestibular cortical connectivity, sensory-motor integration, and the impact of cerebral small-vessel disease on vestibular function. Alongside his original investigations, he has authored authoritative clinical reviews on neurosarcoidosis and oxidative-stress biomarkers in multiple sclerosis, providing practical guidance for diagnosis and disease monitoring. His clinical scholarship also includes notable case reports and case series describing rare neurovascular presentations and innovative interventional approaches, including vaccine-induced cerebral venous sinus thrombosis. Collectively, these publications establish Dr Ibitoye as a leading contributor to neuro-otology, stroke medicine, and translational neuroscience research.","Dr Ibitoye is a dedicated educator, delivering lectures and practical workshops on vestibular medicine at local, regional, national and international forums. In Bristol he teaches neurology registrars, stroke specialists and advanced clinical practitioners about acute vertigo, while also providing general neurology instruction to nursing staff and internal medicine registrars. Nationally he has been invited to teach on the prestigious Queen Square Dizziness Course and the Audiovestibular Medicine Trainee Calman Day. Internationally his work on chronic dizziness has earned speaking engagements at the Neuro-otology Society of Australia (2022), the remote Dr. Zee Lecture Series in the United States (2022, 2026), and a keynote slot at the 9th Apeldoorn Dizziness Centre Symposium in the Netherlands (2024).","Post-CCT Postdoctoral Fellowship, Guarantors of Brain UK (2022); Hallpike Prize, British Association of Audiovestibular Physicians (2022); Best Poster Prize, Meniere's Society / British Society of Neuro-Otology (2021); 2nd & 3rd place research posters, Oxford Clinical Practice Conference (2011); NIHR Academic Clinical Fellowship in Neurology (2014); Cambridge College Exhibition Award, Queens' College (2004); Anatomy Prize, Queens' College Cambridge (2004); Outstanding Achievement in A-level Chemistry, Maths & Further Maths (2004); Top 5 nationally in A-level Chemistry & Further Maths (AQA) (2003); Gold Medal, British Mathematics Olympiad (2002); Bishop Foley Trophy for Academic Achievement (2001)",Association of British Neurologists (ABN); British Medical Association (BMA),Balance Disorders; Cognitive Decline; Epilepsy; Falls; Headaches; Neurological Disorders; Neurology; Parkinson's Disease; Peripheral Neuropathy; Progressive Neurological Disorders; Stroke; Stroke Medicine; Transient Ischaemic Attack (TIA); Vestibular Neurology,https://www.mccollumconsultants.com/wp-content/uploads/2026/06/IBITOYE-Richard_CG.jpg,Bristol,info@exp-w.com,+44 (0)161 218 0223,https://www.mccollumconsultants.com/expert-witness/richard-ibitoye/,Neurology; Stroke Medicine,ew-neurology; ew-stroke-medicine
Professor Suresh Chhetri,"MBBS, MD, MRCP (Neurology), PGCert Medical Education FRCP (Edin), FRCP (Glas), FHEA","Professor Chhetri is currently undergoing his expert witness training and is registered with APIL, National Crime Agency (NCA) and the UK Register of Expert Witnesses. He is happy to represent both Claimant and Defendant law firms in both personal injury and clinical negligence actions. Professor Chhetri can usually turnaround reports within 6-8 weeks, sooner if required.","Professor Suresh Chhetri was appointed Consultant Neurologist at the regional Neurosciences Centre at Lancashire Teaching Hospitals NHS Foundation Trust in 2014. He undertook general medical training at Yorkshire and Manchester and completed neurology training from the Greater Manchester Neurosciences Centre and Lancashire Teaching Hospitals NHS Foundation Trust. He served as the Clinical Governance lead for Neurology as well as the College Tutor of the Royal College of Physicians at Royal Preston Hospital from 2017 to 2020. In 2018, he was appointed Honorary Clinical Professor at the University of Central Lancashire. Professor Chhetri has led significant improvements in delivery of patient care by working in collaboration with local and national partners/institutions through innovation, education and research within a culture of compassion, teamwork, integrity and empowerment.","As clinical Director for Neurology, Professor Chhetri ensures the improvement of neurological outcomes and reduced significant events by leading the neurology service and facilitating the development of effective governance. He also undertakes mortality reviews, as well as responding to clinical incidents and complaints within the department to reduce the repeat of such instances. He manages a wide variety of neurological conditions including headache, epilepsy, Parkinson's disease, multiple sclerosis, and nerve and muscle disease. He has a specialist interest in motor neurone disease.","As clinical Director for Neurology, Professor Chhetri ensures the improvement of neurological outcomes and reduced significant events by leading the neurology service and facilitating the development of effective governance. He also undertakes mortality reviews, as well as responding to clinical incidents and complaints within the department to reduce the repeat of such instances.","As Consultant research fellow at Lancashire Teaching Hospitals, Professor Chhetri has an impressive and extensive background in research, having over 25 publications, is a co-author on a chapter in a book, and is principal investigator in a number of multi-centre and multi-national studies. He is a member of a National Institute for Health (NIHR) committee for Research for Patient Benefit (PfPB) as well as the UK Motor Neurone Disease (MND) clinical studies group. Professor Chhetri is also the Co-Director of Lancashire and South Cumbria MND care and research Centre.","Over 25 publications, co-author on a chapter in a book","Professor Chhetri is a Fellow of the Higher Education Academy and has postgraduate training in medical education. He is an accredited clinical and educational supervisor for postgraduate students, and has worked with universities such as the University of Central Lancashire (UCLan) to develop neurosciences education and research collaborations; he was appointed Honorary Clinical Professor here in 2018. Professor Chhetri has an active role in the delivery and development of education; he has organised educational programmes at LTHTR, led the development of e-learning, delivered a number of invited lectures including at the Royal College of Physicians and UCLan, and has delivered evening teaching sessions on neurology to GP groups.","Clinical excellence award, Lancashire Teaching Hospitals NHS Foundation Trust (LTHTR), 2021, 2020 and 2016; Best Clinical Teaching Award for contribution to undergraduate medical education, University of Manchester and LTHTR, 2019; William Cullen Prize for Excellence in Teaching or Service Innovation, Royal College of Physicians of Edinburgh, 2018; Certificate of partnership for contribution to the care of patients with MND and their families/caregivers, Motor Neurone Disease association, 2018; The David Mitchell Medal for the best grand round presentation in Medicine, Wrightington, Wigan & Leigh NHS Trust 2008; Albert Einstein Scholarship funded by the German Government to study Medicine at Tribhuvan University, Nepal; Late Dr. Siddhimani AA. Di. Gold Medal for securing highest marks in MBBS programme at the Institute of Medicine, Tribhuvan University, Nepal; Nepal Paediatrics Society Gold Medal for securing highest marks in Paediatrics subject of MBBS Programme at Tribhuvan University, Nepal","Fellow of the Royal College of Physicians and Surgeons of Glasgow; Fellow of the Higher Education Academy; Fellow of the Royal College of Physicians, Edinburgh",Alzheimer's Disease; Aphasia; Brain Damage; Brain Haemorrhage; Brain Tumour; Cauda Equina Syndrome; Cerebral Palsy; Cervical Disease; CT Perfusion Scan; Dementia; Epidural; Facial Pain; Head Injury; Headaches; Intracranial Pressure; Meningitis; Motor Neurone Disease; Movement Disorders; Multiple Sclerosis; Neuroblastoma; Neurology; Paralysis; Parkinson's Disease; Pituitary Gland Disease; Post-Concussion Syndrome (PCS); Sciatica; Seizure; Spinal Cord Dysfunction; Spinal Cord Injury; Spinal Disc Disease; Stroke; Thiamine Deficiency; Transcranial Doppler Ultrasound; Vertigo; Visual Field Defects,https://www.mccollumconsultants.com/wp-content/uploads/2021/10/R5_7107GC.jpg,Lancashire Teaching Hospitals NHS Foundation Trust (appointed 2014),info@exp-w.com,+44 (0)161 218 0223,https://www.mccollumconsultants.com/expert-witness/suresh-chhetri/,Neurology,ew-neurology
Dr Raef Dahab,"MBBS, MRCSEd, PGCert, MSc, CCT (UK); Consultant in Spinal Cord Injury & Rehabilitation Medicine",Dr Dahab is happy to accept instructions from both Claimant and Defendant law firms.,"Since 2018 Dr Raef Dahab has practiced as a Consultant in Rehabilitation Medicine at the Manchester Centre for Clinical Neurosciences, Salford Royal Hospital, a regional Major Trauma centre and Neuroscience centre. Dr Dahab's clinical work focuses on Spinal Cord Injury Medicine and Major Trauma Rehabilitation, and he's currently lead at the regional Spinal Cord Injury service, providing comprehensive inpatient and outpatient care to individuals with spinal cord injury (SCI), including those with cauda equina syndrome (CES). Demonstrating a commitment to service development, Dr Dahab has established two new outpatient specialist MDT clinics specifically for SCI and CES patients. After qualifying in Sudan 2002, Dr Dahab undertook medical training in the UK from 2005, completing Foundation, Core, and Specialty training. Specialty training in Rehabilitation Medicine was completed in the North West region, encompassing rotations in Neurorehabilitation, Hyper-Acute Rehabilitation, Major Trauma Rehabilitation, and Musculoskeletal Rehabilitation, followed by extended training focused on Spinal Cord Injuries.","Dr Dahab's interest's are in Spinal Cord Injury medicine including providing inpatient and outpatient management to individuals with spinal cord injury's (SCI) and cauda equina syndrome (CES). Dr Dahab's clinical interests focus on the rehabilitation of patients following major trauma. He has specialised expertise in the complex management of spasticity, notably through the use of intrathecal Baclofen treatment. Beyond direct patient care, Dr Dahab is dedicated to development within his field, actively contributing to the creation and implementation of new services to improve patient outcomes and advance the quality of care.","Dr Dahab has had prominent management experience and leadership roles in specialised healthcare services. Notably, Dr Dahab serves as Lead for regional Spinal Cord Injury (SCI) services and he also leads the regional Intrathecal Baclofen service, delivering specialist care to patients experiencing complex spasticity. Dr Dahab held the position of Director of the NCA LED Programme, indicating a proven ability to direct and oversee large-scale initiatives.",,"Dr. Dahab has contributed to a range of clinical research projects, resulting in several publications in peer-reviewed journals covering topics such as neurosurgery, trauma rehabilitation, orthopaedic complications, infection control, and decompression sickness. His published work includes case reports, national surveys, and observational studies, with notable articles such as a case of dysbaric osteonecrosis in Spinal Cord Series and Cases (2021), a study on trauma rehabilitation referrals in Clinical Rehabilitation (2017), and a national survey on venous thromboembolism prophylaxis in Foot and Ankle Surgery (2012). He has also explored rare clinical presentations, including spinal tuberculosis in the British Journal of Neurosurgery (2012) and anterior thigh compartment syndrome for European Spine Journal (2012). In addition, Dr. Dahab has investigated the involvement of junior doctors in randomised controlled trials and assessed infection control practices in orthopaedic surgery.","Dr Dahab brings a strong foundation in medical education, honed through experience as a Senior Lecturer in Postgraduate Medical Education at Edge Hill University Medical School from 2022 to 2024. This academic role was complemented by significant involvement within a hospital Trust's postgraduate medical education department, where they progressed through various positions, currently serving as the Director of the LED Programme.",,General Medical Council (GMC); Medical Defence Union; Royal College of Surgeons of Edinburgh; Associate member of the Royal College of Physicians of Edinburgh; British Society of Physical and Rehabilitation Medicine; International Spinal Cord Society,Care Management; Cauda Equina Syndrome; Degenerative Spine; Neurorehabilitation; Paralysis; Paraplegia; Pressure Sores; Rehabilitation; Spasticity Management; Spinal Cord Injury; Spinal Injury; Spinal Trauma,https://www.mccollumconsultants.com/wp-content/uploads/2025/05/Raef_Dahab_001-CG.jpg,"Manchester Centre for Clinical Neurosciences, Salford Royal Hospital",info@exp-w.com,+44 (0)161 218 0223,https://www.mccollumconsultants.com/expert-witness/raef-dahab/,Neurorehabilitation; Rehabilitation,ew-neurorehabilitation; ew-rehabilitation
Dr Lalith Seneviratne,"MBBS, DCH, MD (Oncology), MRCP, MRCP SCE in Medical Oncology, ESMO Certification, FRCP","Dr Lalith Seneviratne accepts instructions from Claimant and Defendant legal teams, insurers and insurance companies in clinical negligence and personal injury cases. His practice encompasses cancer diagnosis and management, treatment delays, systemic therapy, complications, causation, prognosis, and life expectancy assessment. In criminal proceedings, he serves both Prosecution and Defence; in coronial matters, he advises Coroners and Interested Persons. His overriding duty as an expert witness is to the Court, and his opinions remain independent and impartial irrespective of the party instructing him.","Dr Lalith Seneviratne has served as a Consultant Medical Oncologist within the National Health Service for the past ten years. He holds ESMO certification reflecting commitment to clinical competence. His current caseload includes gynaecological malignancies, upper gastrointestinal cancers, breast cancers, and germ cell tumours. He leads multidisciplinary team (MDT) discussions, coordinates complex treatment plans, and ensures that patients receive personalized, evidence-based therapies. His responsibilities include supervising trainee doctors and participating in governance reviews.","Dr Seneviratne's clinical interests are centred on malignancies that pose significant therapeutic challenges, namely early and advanced breast cancer, gynaecological cancers, oesophageal and stomach cancers, and germ-cell tumours. He emphasizes integrating novel systemic therapies and advanced surgical techniques, with particular focus on precision-medicine strategies for survivorship and quality of life enhancement. He actively participates in numerous international clinical trials as Principal Investigator and Co-Investigator.",Dr Seneviratne demonstrated leadership by establishing Carcinoma of Unknown Primary Site Multidisciplinary Team Meetings at Southwest Birmingham Hospital NHS Trust. He chaired the Teenage and Young Adults Cancer MDT and led the Germ-Cell Tumour MDT at University Hospitals of Derby and Burton NHS Trust. His involvement in clinical governance and M&M reviews underscores commitment to coordinated cancer care.,"A prolific investigator, Dr Seneviratne is currently the Principal Investigator for several high-impact trials, including TROFUSE-032, CAMBRIA-2, ASPEN-09 (breast cancer), RODEO, DESTNY Ovarian-01, and the Bluestar endometrial trial. He also serves as Co-Investigator on Dynasty-02, TROFUSE-010/011, and THREE PILLARS trial. Earlier research includes leadership of SARONG, CAReS Study, and Domenica trial.","Dr Seneviratne's scholarly output reflects a focus on real-world outcomes and surgical innovations in oncology. Notable works include a UK multicentre review of nivolumab in mismatch-repair-deficient endometrial cancer (ScienceDirect), carcinosarcoma surgical paradigm analysis (Journal of Obstetrics and Gynaecology), PARP-inhibitor maintenance therapy study in tubo-ovarian cancers (MDPI), and FLOT versus ECX regimen comparisons.","Dr Seneviratne regularly teaches medical students, residents, clinical fellows and registrars, acting as both Clinical and Educational Supervisor. He mentors trainees in oncology practice, research methods, and trial participation while providing chemotherapy delivery training for nursing staff.",,Fellow of Royal College of Surgeons and Physicians of Glasgow (FRCPGlasg); Member of the Royal College of Physicians UK (RCP); Member of European Society of Medical Oncology (ESMO); Member of the British Medical Association (BMA),Breast Cancer; Carcinoma; Cervical Cancer; Chemotherapy; Endometrial Cancer; Germ Cell Tumours; Gynaecological Oncology; Life Expectancy; Lung Cancer; Oesophageal Cancer; Oesophageal Disorders; Oncology; Ovarian Cancer; Stomach Cancer,https://www.mccollumconsultants.com/wp-content/uploads/2026/05/Lilaith-Seneviratne_CG.jpg,,info@exp-w.com,+44 (0)161 218 0223,https://www.mccollumconsultants.com/expert-witness/lalith-seneviratne/,Oncology,ew-oncology
Miss Eva Myriokefalitaki,"MD, MSc, PgD, ESGO/RCOG accreditation in Gynae Onc","Ms Myriokefalitaki is a GMC medical expert since 2019. She has undergone patient safety incident investigation (PSII) training, managing and investigating incidences, complaints and overall patients' care. She is happy to be instructed by both Claimant and Defendant law firms in both personal injury and clinical negligence cases.","Miss Myriokefalitaki completed Obstetrics and Gynaecology training in 2011 and accredited gynaecological subspecialty fellowship at University Hospitals of Leicester in December 2015. Since February 2016, she has practised as a Consultant in Gynaecological Oncology surgery at The Christie NHS Foundation Trust where her clinical duties include the management of patients with all forms of gynaecological cancer and pre-cancer conditions, weekly cancer Clinic and advice for patients undergoing surgery and oncological treatments, participating and chairing oncology MDTs.","Miss Myriokefalitaki is a consultant in gynaecology with subspecialty in Gynaecological Oncology. Her clinical expertise covering a wide range of surgical and non-surgical management of gynaecological conditions related to cancer and pre-cancer conditions. She is experienced in open / abdominal surgery and minimal access / laparoscopic surgery. She is a proctor, training and mentoring surgeons in robotic surgery.","Miss Myriokefalitaki is the Clinical Director of Surgery at The Christie NHS FT since 2021, having had previously led the Gynaecological Oncology services. She is the chair of the Gynaecological Oncology MDT and she has a wide experience in managing patients, gynaecological and surgical services. Miss Myriokefalitaki is a medical appraiser since 2018.","Miss Myriokefalitaki attained her MSc in endometrial cancer research in 2012 from the University of Athens and her post grad Diploma in Minimal Access surgery by the CICE in Clermont-Ferrand in 2014. Her active research interests include all aspects of gynaecological cancer including post operative enhanced recovery, complications, mortality and morbidity, prognosis, outcomes and survival.","Miss Myriokefalitaki has more than 20 publications and more than 450 citations in peer-reviewed journals in the field of gynaecological oncology. She has participated and presented in multiple national and international conferences and meetings over the years. She has been active with publications in gynaecological, surgical oncology, colposcopy, enhanced recovery and Cochrane review in Hormone replacement therapy for ovarian cancer patients.","Miss Myriokefalitaki demonstrates a comprehensive and multifaceted commitment to education and training within the field of Obstetrics and Gynaecology. Beyond actively teaching both undergraduate and postgraduate students, she holds key positions contributing to national standards and skill development. This includes roles as a board member of the ESGO exam committee, senior editor for Macmillan UK, and current North-West representative (and former member) of the BGCS training committee. She further contributes as an Honorary Lecturer at Edge Hill University and a Proctor in Gynaecological Robotic surgery. Her dedication extends to direct supervision of medical student projects and formal programme oversight as an RCOG Gynae Onc subspec educational/training programme supervisor, alongside participation in national training recruitment, annual assessment of training progress, and subspecialty accreditation.",,European Society of Gynaecological Oncology (ESGO); The British Society for Colposcopy and Cervical Pathology (BSCCP); The British Gynecological Cancer Society (BGCS); European Society of Surgical Oncology (ESSO); British and Irish Association of Robotic Surgery (BIARGS); Society of European Robotic Surgery (SERGS),Cervical Disease; Chemotherapy; Gynaecological Oncology; Gynaecology; Hysterectomy; Immunotherapy; Laparotomy; Lymphadenectomy; Oncology; Ovarian Cysts; Surgical Risk Prediction; Targeted Drug Therapy; Vulval Problems,https://www.mccollumconsultants.com/wp-content/uploads/2025/09/Eva_Myriokefalitaki_001_CG.jpg,"The Christie NHS Foundation Trust, Manchester, UK",info@exp-w.com,+44 (0)161 218 0223,https://www.mccollumconsultants.com/expert-witness/eva-myriokefalitaki-gynaecological-oncology-surgeon/,Oncology,ew-oncology
Professor Adel Samson,"BSc (Genetics), MBChB, MRCP, PhD, AFHEA",Professor Samson is happy to receive instructions from Claimant and Defendant law firms.,"Professor Samson is a clinician-scientist specializing in medical oncology, immunotherapies, and liver cancers. He studied medicine at the University of Leeds with a genetics intercalation, graduating 2006. His training included an Academic Oncology Foundation Programme, Core Medical Training in Yorkshire, and an Academic Clinical Fellowship in Medical Oncology. He completed a Cancer Research UK-funded PhD in 2015 on 'Causative and Therapeutic Viruses in Liver Cancer,' followed by three years as an NIHR Academic Clinical Lecturer. Since 2018, he has served as University Academic Fellow and Honorary Consultant Medical Oncologist, specializing in hepatocellular carcinoma and early-phase clinical trials.",Hepatocellular carcinoma; immunotherapy; oncolytic viruses; oncogenic viruses; immunology; pre-clinical cancer research and translational clinical trials.,"Professor Samson has supervised laboratory and clinical trial staff, mentored PhD students and postgraduate researchers, and mentors academic oncology trainees.",Oncolytic virus-based immunotherapy clinical trials; rationally designed oncolytic virus immunotherapies for hepatocellular carcinoma; vaccination strategies for hepatocellular carcinoma treatment; personalized anti-viral immunotherapies for hepatitis B and C virus-associated hepatocellular carcinoma; drug-radiotherapy combinations for hepatocellular carcinoma.,Professor Samson has published in widely reviewed peer journals.,"Professor Samson supervises several PhD students and also teaches MSc students in immunology, cancer biology and translational medicine.",,The Royal College of Physicians; European Association for the Study of the Liver; The American Society of Clinical Oncology,Cancer Aetiology; Chemotherapy; Cholangiocarcinoma; Hepatocellular Carcinoma (HCC); Immunodeficiencies; Immunotherapy; Liver Cancer; Oncology,,,info@exp-w.com,+44 (0)161 218 0223,https://www.mccollumconsultants.com/expert-witness/adel-samson/,Oncology,ew-oncology
Dr Smruta Shanbhag,"MBBS, MD, FRCOG","Dr Shanbhag has been an expert witness in gynaecology for a number of years and has undergone expert witness training. She represents both claimants and defendants in sexual offences, breach of duty, causation, and clinical negligence matters, accepting instructions from police, prosecution services, and defendant law firms.","Qualified in 1995 from Goa University with MBBS; completed postgraduate Masters in Obstetrics and Gynaecology, plus subspecialty training in Gynaecological Oncology. Since 2009, practiced as Consultant Gynaecologist and Gynaecological Oncologist in UK; accredited Colposcopist with BSCCP.","Royal College of Obstetricians and Gynaecologists (RCOG) approved sub-specialist in Gynaecological Oncological surgery with dual accreditation in Obstetrics and Gynaecology. Expertise encompasses diagnosis, investigations, and surgical management of female genital tract cancers, plus general gynaecological conditions and minimal access surgical approaches. Trained in sexual offences examination/management.","Clinical Services Lead for Gynaecology and Gynaecological Oncology; lead for Faster Diagnosis for cancer in West Midlands Cancer Alliance; extensive NHS experience managing risk, Datixes, complaints, and claims.","Published in precancerous cervical disease, cervical cancer, and ovarian cancer; specialist interests in postoperative morbidity audit and quality improvement.",,"Deputy training program supervisor for Gynaecological Oncology subspecialty at University Hospitals Coventry and Warwickshire; former main program supervisor in West of Scotland Deanery; RCOG preceptor; BSCCP and MRCOG examiner; faculty for webinars, simulation, and cadaveric dissection training.",,General Medical Council (GMC); Royal College of Obstetricians and Gynaecologists (RCOG); British Society of Colposcopy and Cervical Cytology (BSCCP); British Gynaecological Cancer Society (BGCS); British Society of Gynaecological Endoscopy (BSGE); British Menopause Society (BMS); British Society of vulvovaginal diseases (BSVVD); British Association of Sexual Health and HIV (BASHH); European Society of Gynaecological Oncology,Endometriosis; Gynaecologist; Gynaecology; Hysterectomy; Laparoscopy; Lymphadenectomy; Obstetrics; Omentectomy; Oncology; Ovarian Cysts; Reproductive Health; Sexual Assault; Sexual Health; Vulval Problems,https://www.mccollumconsultants.com/wp-content/uploads/2024/08/Smruta_S_CG.jpg,"West Midlands, UK",info@exp-w.com,+44 (0)161 218 0223,https://www.mccollumconsultants.com/expert-witness/smruta-shanbhag/,Oncology,ew-oncology
Dr Stephen Lowis,"MA (Hons), BM, BCh, PhD, MRCP (UK), FRCPCH","Dr Lowis has been preparing medico-legal reports since 2015, focusing exclusively on paediatric practice. He maintains a full medico-legal practice, accepting instructions from both claimant and defendant law firms in personal injury and clinical negligence cases.","Dr Lowis studied at Oxford University Medical School (qualifications 1979, 1982) and earned his PhD from Newcastle upon Tyne (1996). He became a Fellow of the Royal College of Paediatrics and Child Health in 2007. He served as Consultant Paediatric and Adolescent Oncologist at Bristol Royal Hospital for Children from 1998-2022, including 7 years as Lead Clinician and direction of neuro-oncology services (1998-2017). Prior roles included Senior Registrar in Paediatric Oncology at Bristol Royal Hospital for Children, Clinical Lecturer at University of Bristol, Fellow positions at Newcastle's Royal Victoria Infirmary, and rotation at Royal Children's Hospital, Melbourne.","Special clinical interest in solid tumours, neuro-oncology, and pharmacology. He has undertaken research and clinical trials that have focused on the development of new drugs to treat tumours in children and adolescents.",,Dr Lowis served as Principal Investigator for nine National Cancer Research Institute clinical trials and Chief Investigator for two international clinical trials addressing pediatric tumor treatment. He participated in writing and trial steering committees for the first multinational randomized controlled trial treating children with Atypical Teratoid/Rhabdoid Tumours.,"He has over 50 peer-reviewed publications, a textbook of neuro-oncology and numerous chapters featured within books. His work includes novel research, management reviews, and pediatric cancer case studies. He held an Honorary Senior Clinical Lecturer position at University of Bristol.",,,"National Cancer Research Institute Children's Cancer and Leukaemia Clinical Studies Group: 2011-2014; Children's Cancer and Leukaemia Group: 1996-Present; Children's Cancer and Leukaemia Group Executive Member: 2012-2018; Children's Cancer and Leukaemia Group Specialist Interest Group for Neuro-Oncology: 2010-Present; Royal College of Paediatrics and Child Health Oncology Specialty Advisory Committee: 2009-2020; SIOP-Europe Brain Tumour Committee: 2006-2022; SIOP-Europe brain tumour group, Chair of Education and Training committee: 2015-2018",Neuro-Oncology; Oncology; Paediatric Ependymoma; Paediatric Glioma; Paediatric Oncology; Pharmacology of Chemotherapy,https://www.mccollumconsultants.com/wp-content/uploads/2023/11/Stephen_Lowis_Grey_Crop.jpg,Bristol Royal Hospital for Children,info@exp-w.com,+44 (0)161 218 0223,https://www.mccollumconsultants.com/expert-witness/stephen-lowis-consultant-paediatric-and-adolescent-oncology/,Oncology,ew-oncology
Dr Richard Clayton,"MB ChB, MRCOG, MD","Dr Clayton has been providing medico-legal advice for a number of years. He has undergone his expert witness training. He is registered with APIL, AvMA, National Crime Agency (NCA) and the UK Register of Expert Witnesses. He maintains weekly clinics in Manchester and serves both claimant and defendant firms. His case split is approximately 70% claimant/30% defendant, with typical report turnaround of 6-8 weeks.","Dr Clayton qualified in medicine at Leeds University Medical School in 1990. Since 2003, he has practiced as a Consultant Gynaecologist and Gynaecological Oncologist at St Mary's Hospital and Christie Hospital, Manchester. He founded the endometriosis centre at St Mary's and currently serves as Clinical Lead for Gynaecological Oncology at Manchester University Hospitals NHS Foundation Trust and Lead for Gynaecological Cancer on the National Clinical Reference Group.","Subspecialty focus on ovarian, endometrial, cervical and vulvar cancer (subspecialty accredited) plus laparoscopic surgery, endometriosis, colposcopy (BSCCP accredited), menstrual disorders, and prophylactic familial cancer surgery.",,"Dr Clayton studied potential novel treatments for endometriosis as his research degree (MD). During this time, he was trained to an advanced level in laparoscopic (keyhole) surgery.","He has authored multiple research publications and book chapters, including several in the field of gynaecological oncology, endometriosis and laparoscopic surgery.","Completed fellowship training in Australia for laparoscopic surgery and gynaecological oncology, earned subspecialty accreditation through Barts and Royal Marsden programmes, currently supervises Manchester's gynaecological oncology training.",,British Society for Gynaecological Endoscopy (BSGE); British Gynaecological Cancer Society (BGCS); British Society for Colposcopy and Cervical Pathology (BSCCP),Cervical Disease; Contraception; Endometriosis; Episiotomy; Female Genital Mutilation (FGM); Gynaecological Oncology; Gynaecology; Hysterectomy; Incontinence; Menopause; Miscarriage; Oncology; PCOS; Pelvic Floor; Reproductive Health; Uterine Problems; Vaginal Problems,https://www.mccollumconsultants.com/wp-content/uploads/2025/10/Richard-Clayton-Photo-CG.jpg,Manchester (St Mary's Hospital and Christie Hospital),info@exp-w.com,+44 (0)161 218 0223,https://www.mccollumconsultants.com/expert-witness/richard-clayton-gynaecologist/,Oncology,ew-oncology
Mr David Nunns,"MBChB, MD, FRCOG","Mr Nunns has been providing medico-legal advice for a number of years and has undergone his expert witness training. He is registered with APIL, AvMA, the National Crime Agency (NCA) and the UK Register of Expert Witnesses. His practice split is approximately 70% Claimant and 30% Defendant work, with typical report turnaround of 6-8 weeks.","Mr Nunns qualified in medicine at the University of Manchester in 1991. He went on to complete subspecialist gynaecology training in Manchester, Derby and Leicester before completing subspecialist training in gynaecological oncology in Adelaide and Leicester. Since 2002, he has practiced as a Consultant Gynaecologist at Nottingham University Hospitals and holds BSCCP accreditation as a colposcopist.","Focus areas include ovarian cysts, colposcopy for abnormal smears, vulvar problems/disease, menstrual problems, hysteroscopy, general and emergency gynaecology, post-menopausal bleeding, prophylactic surgery for familial ovarian/endometrial cancer and matters relating to delayed diagnosis of cancer.",Mr Nunns is lead for gynaecology governance and gynaecological oncology at Nottingham University Hospitals NHS Trust and the Chair of the British Society for the Study of Vulval Disease.,Mr Nunns completed a higher research degree (MD) in vulval disease in 1995. This focused on women with vulval pain from vulvodynia.,Mr Nunns is an author of 23 peer-reviewed medical journal publications and has written seven book chapters in core medical textbooks. He was formerly on the editorial board of the Journal of Clinical Oncology (JCO).,,,Royal College of Obstetrician and Gynaecologists; British Gynaecological Cancer Society; British Society for the Study of Colposcopy and Cervical Pathology,Cervical Disease; Colposcopy; Female Genital Mutilation (FGM); Gynaecological Oncology; Gynaecology; Hysterectomy; Hysteroscopy; Menopause; Menstrual Problems; Oncology; PCOS; Uterine Problems; Vaginal Problems; Vulval Problems,https://www.mccollumconsultants.com/wp-content/uploads/2021/10/03-CLIENT-BW-G-cropped.jpg,Nottingham University Hospitals NHS Trust,info@exp-w.com,+44 (0)161 218 0223,https://www.mccollumconsultants.com/expert-witness/david-nunns-gynaecologist/,Oncology,ew-oncology
Dr Carles Escriu,"MB ChB, FRCP, PgCert, PhD","Dr Escriu is registered with the Association of Personal Injury Lawyers (APIL), the National Crime Agency (NCA), and the UK Register of Expert Witnesses. Dr Escriu enjoys a full medico-legal practice instructed by both Claimant and Defendant law firms in personal injury and clinical negligence cases. Dr Escriu holds weekly medico-legal clinics in Manchester, but is happy to travel in order to conduct home and prison visits. He can produce reports within 10-12 weeks, sooner if required.","Dr Escriu attained his PhD in cancer biology from the University of Cambridge. Since 2016, he has practised as a Consultant Medical Oncologist, with a subspecialty in thoracic oncology at the Clatterbridge Cancer Centre NHS Foundation Trust where he also leads the largest mutation-driven lung cancer clinic in the UK. In addition to his NHS responsibilities, he is a North West Clinical Cancer Research Network & Thoracic Oncology Lead and the Clinical Research Lead for Thoracic Oncology at the Clatterbridge Cancer Centre.","Dr Escriu serves a centralised mutation-driven lung cancer clinic, as well as a centralised clinic of patients with thymic malignancies and mesothelioma. He also contributes to the care of patients with neuroendocrine tumours of the lung. 50% of his clinical activity is dedicated to the care of patients with wild type lung cancer (with a special interest in immunotherapy) and supporting the Acute Oncology Service delivery at the Aintree University Hospitals NHS Foundation Trust.",,"Dr Escriu has a special interest in clinical and translational research. His biological interest lies in the identification of predictive biomarkers in response to therapy within blood circulating extracellular vesicles. He is a regular reviewer for several publications. He has set up two dedicated biobanks and has led the setting-up of three investigator-led clinical trials. He is the Chief Investigator in a multitude of interventional and observational clinical trials, and member of the steering committee of a global study.","Dr Escriu is co-author in several cancer biology peer-reviewed publications on stem-cell biology, prostate cancer and immunotherapy in Nature Cell Biology, Oncotarget, Oncogene - Nature and the Journal of National Cancer Institute (JNCI). His clinical peer-reviewed publications have focused on mutation-driven lung cancer and small cell lung cancer, with a recent review in novel therapies in early-stage lung cancer. His invited contributions include an editorial on a cancer biology paper on a novel epithelial growth factor receptor (EGFR) inhibitor.","Dr Escriu is actively involved in the teaching of registrars and associate physicians at the Clatterbridge Cancer Centre and is regularly invited to lecture at regional and national oncology meetings. In addition, Dr Escriu currently leads the Thoracic Oncology Seminar Teaching Programme for the North West.","Wesleyan RSM Young Trainee of the Year, Royal Society of Medicine; Second Prize (2013); NCRI Conference, National Cancer Research Institute; Poster prize (2013); Sylvia Lawler Prize, Royal Society of Medicine; Best non-clinical paper Oncology Section (2013)",Fellow of the Royal College of Physicians; National Cancer Research Institute (NCRI) advanced disease subgroup; European Thoracic Oncology Platform (ETOP); European Organisation for Research and Treatment of Cancer (EORTC); European Society of Medical Oncology (ESMO),Biological Therapy; Cancer Aetiology; Cancer Staging; Chemotherapy; Immunotherapy; Lung Cancer; Mesothelioma; Oncology; Remission; Targeted Drug Therapy; Thoracic Oncology; Thymic Tumour,https://www.mccollumconsultants.com/wp-content/uploads/2022/01/Carles-adjusted-grey-1-e1650617591557.jpg,Manchester; Clatterbridge Cancer Centre NHS Foundation Trust,info@exp-w.com,+44 (0)161 218 0223,https://www.mccollumconsultants.com/expert-witness/carles-escriu-medical-oncologist/,Oncology,ew-oncology
Professor Robert George,"MB BCHIR, MA, MRCP, MD, FRCP, FRCGP Hon FRCPathME",Professor George has vast medico-legal experience. He has provided expert evidence for various landmark cases that have progressed to Court in England and abroad.,Professor George initially trained in Respiratory and General Medicine in 1986. His MD on end-stage obstructive pulmonary disease and experience with adult cystic fibrosis served him to become a pioneer of palliative medicine.,"Professor George is experienced and expert in palliative care for all diagnostic groups, including pioneering work on HIV & AIDS, non-cancer palliative care and frailty.","Professor George has held many management and leadership roles, including Medical Director at the St Christopher's Hospice, Clinical Lead for Palliative & End of Life Care for NHS London, President of the Association for Palliative Medicine.",,"Professor George has published over 150 commissioned and peer-reviewed papers, articles and chapters. His H-Index is 23.","Professor George became a Professor of Palliative Care at King's College London in 2011. Currently, he chairs the Specialty Certificate Examination Board for Palliative Medicine as part of the Royal College of Physicians.",,,Chronic obstructive pulmonary disease (COPD); Cystic Fibrosis; HIV; Palliative Care / End of Life Medicine; Palliative Medicine; Targeted Drug Therapy,,"Guy's and St Thomas' NHS Foundation Trust, London",info@exp-w.com,+44 (0)161 218 0223,https://www.mccollumconsultants.com/expert-witness/robert-george/,Palliative Care,ew-palliative-care-end-of-life-medicine
Dr Katie Hobson,"BA, BM BCh, MA, MRCP",Dr Hobson is happy to represent both Claimant and Defendant law firms in both personal injury and clinical negligence actions.,"Dr Hobson earned her Medical Sciences Tripos from Cambridge (1997), followed by postgraduate degrees from Oxford (2000) and Cambridge (2001). She obtained MRCP membership in 2004 and fellowship in 2020. Since 2012, she has served as Consultant in Palliative Medicine at Salford Royal and St Ann's Hospice, concentrating on delivering patient-centred holistic care.","Specialist interests in palliative medicine in non malignant conditions including renal failure, hepatic failure, cardiac failure, neurodegenerative conditions and trauma, as well as cancer care. She focuses on early identification of palliative care needs and facilitating and managing patients' care needs across care settings.",Clinical Lead for Specialist Palliative Care; Chair of Northern Care Alliance Specialist Palliative Care Strategic Group; Co-Chair of Salford Royal End of Life Care Steering Group; Member of Greater Manchester Strategic Clinical Network for Palliative and End of Life Care; Associate Foundation Training Programme Director. Led Macmillan-funded project for enhanced 7-day palliative services across Salford.,"Projects examining palliative medicine for renal patients, workforce models for hospital palliative care teams, and markers for early identification of patients requiring palliative care.",Contributions include studies on enhanced 7-day specialist palliative care services; end-of-life care in COVID-19; specialist palliative care for end-stage renal disease; pathways for patients dying with chronic kidney disease; and Foundation doctor wellbeing programs.,"Very active involvement in the teaching/training of junior staff, medical students, specialist nurses, allied health professionals and colleagues in other specialities. Delivers undergraduate and postgraduate teaching in palliative medicine and communication skills. Associate Foundation Programme Director for over 10 years; currently teaches Compassionate Leadership regionally. Supervises enhanced clinical skills training and non-medical prescribing.",,Clinical Network (GMEC SCN); Royal College of Physicians (RCP); British Medical Association (BMA); Medical Protection Society (MPS),Acute Pain Management; End of Life Care; Heart Failure; Metastatic Cancer; Neurodegenerative Conditions; Palliative Care/End of Life Medicine; Palliative Medicine; Renal Failure; Trauma,https://www.mccollumconsultants.com/wp-content/uploads/2023/10/Katie-Hobson_009_Grey_crop.jpg,"Salford Royal and St Ann's Hospice, Salford, UK",info@exp-w.com,+44 (0)161 218 0223,https://www.mccollumconsultants.com/expert-witness/katie-hobson-consultant-in-palliative-edicine/,Palliative Care,ew-palliative-care-end-of-life-medicine
Dr Andrew Medford,"MBChB, BSc(Hons), DM, FRCP, FRCPE, FRSM, FCCP, FAPSR, FEFIM, FHEA, PgDip(EBUS), Dip(Clin Risk Mgt), FFEW, AEWI, Cert(Bond Solon)","Dr Medford's medico legal portfolio includes his ongoing appointment as Specialist Adviser to the Parliamentary & Health Service Ombudsman, where he provides expert guidance on complaints and systemic safety issues. He also acts as a Clinical Negligence Assessor for NHS Resolution, evaluating claims and contributing to risk mitigation strategies, and participates in the The Medico-Legal Experts Practice (TMLEP) programme.","Dr Andrew Medford brings more than three decades of NHS service to adult respiratory and general medicine, of which eighteen years have been at consultant/specialist level (2008-present). His inpatient responsibilities encompass the respiratory wards, a dedicated High Dependency Unit, and a specialist referral service, and he is proficient in advanced diagnostic bronchoscopy techniques, including EBUS and autofluorescence bronchoscopy.","Dr Medford's clinical curiosity spans the entire spectrum of adult respiratory disease, with particular focus on lung cancer (including EBUS-guided staging, conventional bronchoscopy and autofluorescence bronchoscopy), complex lung infections (aspergillosis, opportunistic pathogens and severe pneumonia), and non-cystic fibrosis bronchiectasis.",At a national level Dr Medford serves as Specialist Adviser to the Parliamentary & Health Service Ombudsman (2021-present) and as a Clinical Negligence Assessor for NHS Resolution. He sits on the editorial boards of Respiration and Thoracic Cancer (2011-present).,"An Honorary Senior Lecturer at the University of Bristol, Dr Medford earned an MD from the University of Edinburgh in 2007 for his work on vascular endothelial growth factor (VEGF) in ARDS. His research agenda centres on EBUS and mediastinal disease, advanced bronchoscopy, pleural pathology, lung cancer, interstitial lung disease.","Dr Medford is a prolific author in the field of adult respiratory medicine, with 262 peer-reviewed publications spanning clinical research, translational studies, and educational scholarship. His work has been cited 4,915 times. He currently holds an h-index of 35.","Holding the Royal College of Physicians 'Physician as Educator' accreditation since 2009, Dr Medford is also a Fellow of the Higher Education Academy (FHEA) from 2013. He has shaped national education policy through roles with the RCPE, RCP and editorial boards.","BTS/NIHR CRN 'Respiratory Research Team of the Year' Award (co-member) (2022); BTS Scadding Morriston Davies Fellowship Award (2014); Minerva Pneumologica Top Ten paper (2003-13) (2013); NBT ACCEA Clinical Excellence Awards (Level 7) (2012); NBT NHS Hero Award (2012); Respiration/EABIP Research Article of the Month (2011); Distinction, Diploma in Clinical Risk Management (2009); Distinction, Diploma in EBUS (2009); Distinction, Diploma in NHS Structure (2008); Edinburgh University Neuroscience Class Prize (1993); Nottingham High School Foundation Scholar (1988)","Expert Witness Institute (AEWI); Faculty of Expert Witnesses, Specialist Info (FFEW); International Network for World Health Endoscopy (INWHE); Asian Pacific Society of Respirology (FAPSR); European Respiratory Society (FERS); Higher Education Academy (FHEA); European Association of Bronchology & Interventional Pulmonology (EABIP); European Federation of Internal Medicine (FEFIM); American College of Chest Physicians (FCCP); West Country Chest Society (WCCS); British Thoracic Society (BTS); Royal College of Physicians of London (FRCP); Royal College of Physicians of Edinburgh (FRCPE)",Acute Respiratory Distress (ARDS); Allergic Bronchopulmonary Aspergillosis (ABPA); Aspergillosis; Asthma; Bronchiectasis; Bronchiolitis; Bronchoscopy; Chronic cough; Chronic obstructive pulmonary disease (COPD); Chronic Ventilatory Failure; Endobronchial Ultrasound; Interstitial Lung Disease; Laryngeal Hypersensitivity; Laryngopharyngeal Reflux; Lung Cancer; Lung Infection; Mediastinal Disease; Pleural disease; Pneumonia; Pulmonary Embolism (PE); Pulmonary Hypertension; Respiratory Medicine; Sleep Medicine; Vasculitis,https://www.mccollumconsultants.com/wp-content/uploads/2026/06/Medford_CG.jpg,,info@exp-w.com,+44 (0)161 218 0223,https://www.mccollumconsultants.com/expert-witness/andrew-medford/,Respiratory Medicine,ew-respiratory-medicine
Dr David Lo,"MB ChB, MSc, MD, MRCPCH","Dr Lo attended the Bond Solon 'Excellence in Report Writing' course. Dr Lo is happy to be instructed by both Claimant and Defendant instructions, and can usually turnaround reports within 8 weeks, sooner if required.","Dr David Lo is a Consultant in Paediatric Respiratory Medicine (PRM) at the Leicester Children's Hospital and an Associate Professor with the University of Leicester. He earned his medical degree from the University of Leicester in 2006, completed GMC-accredited specialist training in the East Midlands, and was appointed NHS Consultant in 2018.","Dr Lo has expertise in the management of children with a broad range of respiratory presentations, including: asthma, wheeze, cough, breathlessness, recurrent and acute chest infections, chronic lung diseases including bronchiectasis, congenital lung malformations, and airway abnormalities amongst other complex lung diseases.",,Dr Lo is active in research and was awarded a prestigious National Institute of Health and Care Research (NIHR) Advanced fellowship in 2022 for research into wheeze and asthma in preschool children.,"Dr Lo has published extensively in the field of paediatric respiratory medicine, contributing numerous articles to peer-reviewed journals.","As part of his roles, he contributes to undergraduate and postgraduate training. He supervises three PhD students and one Academic Clinical Lecturer.",,General Medical Council; Royal College of Paediatrics and Child Health; British Paediatric Respiratory Society; European Respiratory Society; British Thoracic Society; Medical Defence Union; British Medical Association,Asthma; Bronchiolitis; Bronchoscopy; Chronic cough; Empyema; Paediatric; Paediatric Respiratory Medicine; Respiration; Respiratory Medicine; Respiratory Tract Infection,https://www.mccollumconsultants.com/wp-content/uploads/2025/05/David-Lo-Pic_1-CG.jpg,Leicester Children's Hospital,info@exp-w.com,+44 (0)161 218 0223,https://www.mccollumconsultants.com/expert-witness/david-lo/,Paediatric; Paediatric Respiratory Medicine; Respiratory Medicine,ew-paediatric; ew-paediatric-respiratory-medicine; ew-respiratory-medicine
Dr Karl Heyes,MBChB (Honours) & MRCP,Dr Heyes enjoys a full medico-legal practice and is instructed by both Claimant and Defendant law firms in personal injury and clinical negligence cases.,"Dr Heyes graduated from University of Birmingham in 2009 with honours. He completed his foundation training in the UK in 2011 before moving to Australia to work in Emergency Medicine. He returned to the UK in 2013 and completed his core medical training and subsequently a Lung Transplant Fellowship at Wythenshawe Hospital in 2017. After commencing Specialist Respiratory Training in the North West he obtained his Certificate of Completion of Training (CCT) from the Royal College of Physicians in 2022. He has been a substantive Respiratory and General Medical Consultant at North Manchester General Hospital since 2022. This role includes general medical on calls, Respiratory in-patient work, pleural and lung cancer clinics. Dr Heyes has procedural expertise including; flexible bronchoscopy, Endobronchial ultrasound, pleural aspirations, chest drain insertion, indwelling pleural catheter and medical thoracoscopy. Dr Heyes is a member of the Great Manchester Lung Cancer committee and diagnostic subgroup aiming to promote early diagnosis whilst standardising care across the region.","Dr Heyes has procedural expertise in flexible bronchoscopy, Endobronchial ultrasound transbronchial needle aspiration, Seldinger chest drain insertion, surgical chest drain insertion, thoracic ultrasound, indwelling pleural catheter insertion and local anesthetic medical thoracoscopy.","Throughout his career Dr Heyes has demonstrated engagement with leadership roles. He was previously part of an IT Infrastructure Development Group at the Stepping Hill Hospital, focusing on stream-lining and modernising systems to optimise efficiency and productivity. During his rotation at the Royal Blackburn Hospital, he was selected by colleagues to represent the Medical Registrar cohort as the Trainee Representative at the Medical Education Board; through this role he was involved in re-organising the medical handover and post take ward rounds to optimise patient care. Within his role as Pleural lead at North Manchester General Hospital he has developed of a Trust wide intrapleural fibrinolytic guideline. As the Deputy Lung Cancer Lead he has helped developed weekly lung cancer improvement group that has seen significant improvements in the diagnostic pathway and patient outcomes. He helped secure funding for an additional fifteen lung cancer CT slots per week with rapid radiology reporting within four hours. This enabled an eight day reduction for patients on the lung cancer pathway. As a member of the Greater Manchester lung cancer committee and diagnostic subgroup member he has been involved in the roll out of a regional single queue system for medical thoracoscopy, the use of artificial intelligence within radiology, Prehab4 cancer and circulating tumor DNA projects.","Dr Heyes is a member of the editorial board for a newly developed peer review journal, Clinical Focus Respiratory Medicine Journal - Rila Publications.","Dr Heyes has prepared multiple articles, posters, and presentations. His publications have focused on the topics of interstitial lung disease, impact of COVID-19, reducing time to treatment, COPD, aspergillosis, lung transplant, lung cancer, endobronchial ultrasound, work-related asthma, and much more.","Dr Heyes is the fifth-year medical student teaching lead in the Respiratory Department at the North Manchester General Hospital since 2023 and has received excellent feedback. He has taught on the regional advanced pleural skills and advanced bronchoscopy skills at the Wythenshawe Hospital. Dr Heyes and the respiratory team at North Manchester General Hospital were awarded the 2nd highest ranking in the national GMC specialty trainee survey, reflecting his dedication and expertise in training.","Runner up at the North West Thoracic Society Meeting Oral Presentation (2017); Local Clinical Excellence Award, Level 1. Manchester Foundation Trust (2024); Silver Award for Medical Student Teaching. Manchester Foundation Trust (2023 & 2024); Winner: Respiratory ward achieved the winner of Working Together - Improvement Award at the NMGH (2023); Golden WOW award - Excellent support provided to trainees by the Respiratory Department",European Respiratory Society; British Thoracic Society; British Thoracic Oncology Group; Greater Manchester Lung Cancer Diagnostic sub-group; Greater Manchester Lung Cancer committee,Acute Internal Medicine; Bronchoscopy; Catheter Ablation; Chest Drain Insertion; Flexible Bronchoscopy; Lung Cancer; Respiration; Respiratory Medicine; Thoracic Ultrasound; Ultrasound Scan,https://www.mccollumconsultants.com/wp-content/uploads/2025/01/Karl_Heyes_001-CG.jpg,"North Manchester General Hospital, Manchester, UK",info@exp-w.com,+44 (0)161 218 0223,https://www.mccollumconsultants.com/expert-witness/karl-heyes/,Respiratory Medicine,ew-respiratory-medicine
Dr Stuart Wilkinson,"MBChB, MRCPCH",Dr Wilkinson is happy to take on both Defendant and Claimant instructions.,"Dr Wilkinson completed his medical degree at Leicester University in 2003, subsequently specializing in pediatrics and respiratory medicine across northern England hospitals including Sheffield Children's. He currently serves as Consultant Respiratory Paediatrician at RMCH, holding additional roles as Clinical Lead for Long Term Ventilation and Clinical Lead for Respiratory Paediatrics.","He is passionate about supporting ventilator dependent children and leads the regional neonatal/respiratory forum, and has special interests in long term ventilation, cystic fibrosis, severe asthma, sleep disordered breathing, and tertiary respiratory paediatric medicine. Previously completed two years as Cystic Fibrosis Clinical Fellow.",Chair and Lead National LTV Advisory Group across the UK (2021); Chair and Lead Regional Neonatal CLD Forum.,MD postgraduate research focused on fungal diseases in cystic fibrosis. Recent investigations: 'Parrot Trail PI: Use of Azithromycin Prophylaxis in Cerebral Palsy' (2022) and 'Pulmonary Function Changes in Mucopolysaccharidoses IV: A Longitudinal Analysis' (2018).,"2021: Problems and perceptions around severe bronchopulmonary dysplasia. Infant journal: 17(5). 2021: 'Pulmonary manifestations of Endocrine and Metabolic Diseases in Children' in Pulmonary Manifestations of Paediatric Diseases, Elsevier. 2020: NCEPOD report into Long Term Ventilation in children and young people: case reviewer. 2020: Characterisation of tracheobronchomalacia in infants with hypophosphatasia in Orphanet Journal of Rare Diseases.","At RMCH, Dr Wilkinson participates in postgraduate supervision and specialist respiratory training, serving on the pediatrics medical education committee.",,"MFT: Ethics committee founding member, 2019; BMJ Journal: Member since January 2016; ERS: Member since 2014; Thorax: Member since 2011; BPRS: Member since 2009; RCPCH: Member since 2006; MPS: Member since 2003",Acute Respiratory Distress (ARDS); Asthma; Cystic Fibrosis; Paediatric; Paediatric Emergency Medicine; Paediatric Respiratory Medicine; Respiration; Respiratory Medicine; Respiratory Tract Infection; Sleep Apnoea; Ventilation,,Royal Manchester Children's Hospital (RMCH),info@exp-w.com,+44 (0)161 218 0223,https://www.mccollumconsultants.com/expert-witness/stuart-wilkinson/,Paediatric; Paediatric Emergency Medicine; Paediatric Respiratory Medicine; Respiratory Medicine,ew-paediatric; ew-paediatric-emergency-medicine; ew-paediatric-respiratory-medicine; ew-respiratory-medicine
Dr Duneesha De Fonseka,"PhD, MRCP, MBChB",Dr de Fonseka is happy to be instructed by both Claimant and Defendant law firms in personal injury and clinical negligence actions.,"Dr de Fonseka graduated from the University of Sheffield with a Bachelor of Medicine and Surgery in 2005. She has since completed her PhD at the University of Bristol in 2019, on asbestos related pleural disease. Dr de Fonseka undertook her foundation and core medical training in the South Yorkshire region. She did her specialist respiratory training in the same deanery from 2010. Since 2018, Dr de Fonseka has been practising as a Consultant Respiratory Physician at the Sheffield Teaching Hospitals Foundation Trust and an Honorary Clinical Lecturer at the University of Sheffield.","Dr de Fonseka has a specialist interest in pleural disease and has sat on the British Thoracic Society national guideline committees for both mesothelioma and pleural disease. Her clinical interests include pleural infection, pleural effusions, mesothelioma, diffuse pleural thickening, pneumothorax, and lung cancer. Due to the nature of the sub-speciality she is heavily involved with pleural intervention such as local anaesthetic thoracoscopy, indwelling pleural catheters, intercostal chest drains, and diagnostic/therapeutic pleural aspirations.",Dr de Fonseka is the Clinical Lead for Pleural Disease at Sheffield Teaching Hospitals. She has helped develop the pleural service at the Trust and is involved with clinical governance matters relating to pleural sub-speciality.,"Dr de Fonseka's research interests lay within pleural disease and mesothelioma, and the diagnosis and management of these conditions. Dr de Fonseka has conducted successful clinical research trials recruiting patients from across the UK. During the years of 2014 to 2018, Dr de Fonseka was a Clinical Research Fellow at the North Bristol NHS Trust undertaking a PhD in asbestos related pleural disease at the University of Bristol. Her work involved exploring the role of alternative diagnostic modalities in mesothelioma such as PET-CT and MRI scanning.","Dr de Fonseka has published over 40 peer reviewed articles including 2 national guidelines, in the field of pleural disease.","Dr de Fonseka is currently an Honorary Senior Clinical Lecturer at the University of Sheffield. She has given multiple oral and poster presentations relating to her research, both at National and International conferences. These include oral presentations at the 2024 British Thoracic Society (BTS) Winter meeting on Thoracoscopy services in the UK, 2019 BTS Winter meeting on the results of the TARGET Trial, 2018 BTS Winter meeting on the role of MRI in characterising equivocal pleural thickening on CT, and poster presentations at the 2014 American Thoracic Society meeting on the incidence and severity of chronic thromboembolic hypertension since the introduction of a pulmonary embolism clinic, 2014 International Mesothelioma Interest Group meeting on the role of dynamic contrast enhanced MRI in mesothelioma, and a poster presentation at the 2013 British Thoracic Oncology group meeting on evaluating the expedited referral pathway for lung cancer. Additionally, Dr de Fonseka has been a thoracic ultrasound trainer at both British Thoracic Society and European Respiratory Society US courses. She facilitated the Thoracic US course at Sheffield Teaching Hospitals in 2020. She has also been a chest drain placement station facilitator at the European Respiratory Society in 2019.",National Institute for Health and Care Research (NIHR) Senior Clinical and Practitioner Research Award (SCRPA) from (2024 - Present); NIHR Research for patient benefit (RfPB) grant for a feasibility trial on zolendronic acid in the management of mesothelioma - co-applicant (2015); NIHR RfPB grant for the TARGET trial - co-applicant (2014); North Bristol Trust's Springboard grant for a trial investigating the role of MRI in mesothelioma - co-applicant 2016,October 2014 - February 2018: Member of the British Thoracic Society (BTS) Mesothelioma guideline group; 2018 - 2022: Member of the British Thoracic Society (BTS) Pleural Disease Guideline group; 2019 - 2022: Member of the BTS Pleural Disease Specialist Advisory Group,Asbestos related pleural disease; Diagnostic/therapeutic pleural aspirations; Intercostal chest drains; Local anaesthetic thoracoscopy; Lung Cancer; Mesothelioma; Pleural disease; Pleural Effusions; Pneumothorax; Respiratory Medicine,https://www.mccollumconsultants.com/wp-content/uploads/2023/09/Duneesha_De_Fon_005_Grey_crop.jpg,"Sheffield Teaching Hospitals Foundation Trust, Sheffield",info@exp-w.com,+44 (0)161 218 0223,https://www.mccollumconsultants.com/expert-witness/dr-duneesha-de-fonseka-consultant-respiratory-physician-expert-witness/,Respiratory Medicine,ew-respiratory-medicine
Dr Sriram Iyer,"MBBS, MRCP, CCT, FRCP","Dr Iyer has been acting as an expert witness for a number of years and has written numerous reports for inquest, particularly in the context of asbestos causation. He maintains registrations with APIL, AVmA, the National Crime Agency (NCA), and the UK Register of Expert Witnesses. He holds weekly medico-legal clinics in Manchester but is happy to travel in order to conduct home and prison visits. His claimant-to-defendant ratio approximates 90/10, with typical report turnaround of 6-8 weeks.","Dr Iyer serves as a senior consultant in Respiratory & Sleep Medicine at Sheffield Teaching Hospitals NHS Foundation Trust, leading the Sleep & Non-Invasive Ventilation department. His clinical responsibilities encompass general respiratory work, specialized sleep and ventilation services, and lung cancer intervention. Prior roles included: Sleep & Ventilation lead, Sheffield Teaching Hospitals (June 2020-current); Clinical Director for Medicine, East Cheshire NHS Trust (September 2014-August 2017); Lead for Lung Cancer, Tuberculosis, Pleural Disease & Sleep, East Cheshire NHS Trust (November 2012-August 2017); Chair, South Manchester Lung Cancer MDT (November 2015-August 2017). Previously, he served as visiting consultant at University of British Columbia Hospital in Vancouver.","Although Dr Iyer's practice is wide-ranging, he has a particular interest in sleep & ventilation, lung cancer intervention, and pleural disease. He leads a private-sector team providing sleep apnoea treatment across the UK and has consulted for the Welsh Rugby Union and British Society of Dental Sleep Medicine.",,"Dr Iyer is currently the Chief and Principal Investigator for several multi-centre research studies. His team received substantial funding for a sleep apnoea investigation. He participated as co-investigator in national and international studies, including the RECOVERY covid-19 trial.","Dr Iyer has published extensively in chronic obstructive pulmonary disease (COPD), pleural disease, lung cancer, sleep medicine, and pneumonia.","He holds positions as Honorary Senior Lecturer at the University of Sheffield, Royal College of Physicians Accredited Clinical and Educational Supervisor, and Royal College of Radiology Accredited Level 1 Trainer in thoracic ultrasound. Currently serving as Training Programme Director for Respiratory Medicine in South Yorkshire, he previously held the equivalent role in Liverpool. He supervises junior doctors, specialist trainees, nurses, and pharmacists, and serves as qualified appraiser and NCAS case investigator.",,European Respiratory Society; British Thoracic Society; British Sleep Society; American Association of Sleep Medicine,Asthma; Chronic obstructive pulmonary disease (COPD); COVID-19; CPR; Emphysema; Fibrotic Lung Disease; Insomnia; Lung Cancer; Mesothelioma; Narcoplexy; Pneumonia; Pneumothorax; Polysomnography; Pulmonary Embolism (PE); Pulmonary Hypertension; Respiratory Medicine; Respiratory Tract Infection; Sleep Apnoea; Sleep Medicine; Spirometry,https://www.mccollumconsultants.com/wp-content/uploads/2022/01/Sriram-Iyer-2022-grey-3-e1672932625836.jpg,"Sheffield Teaching Hospitals NHS Foundation Trust, Sheffield",info@exp-w.com,+44 (0)161 218 0223,https://www.mccollumconsultants.com/expert-witness/sriram-iyer/,Respiratory Medicine,ew-respiratory-medicine
Dr Stephen Bianchi,"BSc(Hons), MBChB, PhD, FRCP, MBA","Dr Bianchi is currently undergoing his expert witness training and is registered with APIL, National Crime Agency (NCA) and the UK Register of Expert Witnesses. He is happy to represent both Claimant and Defendant law firms in both personal injury and clinical negligence actions. Dr Bianchi can usually turnaround reports within 6-8 weeks, sooner if required.","Dr Bianchi is a Consultant & Honorary Senior Clinical Lecturer in Respiratory Medicine currently working within the Sheffield Teaching Hospitals NHS Foundation Trust and the University of Sheffield since July 2007. He is Clinical Respiratory Lead for the management of children and young people focussing on transitional care and a Lead Clinician for both interstitial lung disease and sleep & ventilation. Dr Bianchi leads a diverse general respiratory and internal medical practice and is considered a national expert in transitional care of patients with various neurological/respiratory illnesses, sleep medicine and interstitial lung disease. Dr Bianchi has a private clinical practice at the BMI Thornbury Hospital, Sheffield.","Dr Bianchi has expertise in general respiratory medicine (chronic obstructive pulmonary disease, asthma, breathlessness, cough) with a special interests in sleep disordered breathing (e.g., sleep apnoea, respiratory failure, respiratory complications of neurological disease, ventilation), pulmonary fibrosis (scarring) and bronchiectasis (chronic lung infection).","Dr Bianchi is active in several educational and managerial roles, having an Honorary Senior Clinical Leadership at the University of Sheffield. He is also currently Deputy Head of the School of Medicine (Health Education England) having spent three-years working as Training Programme Director to Respiratory Medicine in South Yorkshire.","Dr Bianchi has a broad clinical and research portfolio with interests in Interstitial lung disease, sleep apnoea, sleep disorders, respiratory complications of motor neurone disease, bronchiectasis and exercise physiology. He is currently working on issues such as use of novel radiological imaging in drug safety and interstitial lung disease, bespoke nasal/facial interface systems used for patients with sleep disordered breathing, obstructive sleep apnoea and respiratory complications of motor neurone disease. He has recently become involved in imaging of respiratory complications of COVID-19 infection using CT and MRI scans.","Dr Bianchi has several current papers in submission and an extensive list of previous research activity, as well as audit experience. Dr Bianchi's key areas of research interest include interstitial lung disease, drug induced lung diseases, imaging biomarkers of lung disease including hyperpolarised gas MRI imaging and non-invasive ventilation in patients with neuromuscular diseases including motor neurone disease.","Dr Bianchi has a broad range of educational roles. He is currently a regular attendee and contributor to educational programmes and acts as a Royal College of Physicians (RCP) Regional Advisor. Dr Bianchi also offers respiratory education to medical students and junior doctors, whilst mentoring physician's associates and advanced nurse practitioners at Sheffield Teaching Hospitals NHS Foundation Trust. He is also working with colleagues developing training programmes contributing to medical workforce development.",,Member of the British Medical Association (BMA); Member of the British Thoracic Society (BTS); Member of the European Respiratory Society (ERS); Member of the British Sleep Society (BSS),Acute Respiratory Distress (ARDS); Aspergillosis; Asthma; Bronchiolitis; Bronchitis; Chronic Obstructive Pulmonary Disease (COPD); COVID-19; CPR; Cystic Fibrosis; Drug-Induced Lung Disease; Emphysema; Fibrotic Lung Disease; Interstitial Lung Disease; Mesothelioma; Pneumothorax; Pulmonary Embolism (PE); Pulmonary Hypertension; Respiration; Respiratory Medicine; Respiratory Tract Infection; Sleep Apnoea; Sleep Medicine; Spirometry; Tracheostomy,https://www.mccollumconsultants.com/wp-content/uploads/2021/10/R5_6948GC.jpg,"Sheffield Teaching Hospitals NHS Foundation Trust; University of Sheffield; BMI Thornbury Hospital, Sheffield",info@exp-w.com,+44 (0)161 218 0223,https://www.mccollumconsultants.com/expert-witness/stephen-bianchi/,Respiratory Medicine,ew-respiratory-medicine
Dr Joanna MacGowan,"MBBS, BSc Physiology (First Class honours), MRCP (UK), FRCP, PGCert (Extreme Medicine), CUBS",Dr MacGowan has completed the Cardiff University Bond Solon Expert Witness Certificate (CUBS). Dr MacGowan enjoys receiving instructions from both Claimant and Defendant law firms in personal injury and clinical negligence cases.,"Dr Joanna MacGowan has amassed 24 years of experience as a Consultant Rheumatologist and holds Fellowship of the Royal College of Physicians. Appointed consultant in 2002, she has overseen complex rheumatological patient care while modernizing department services as Clinical Lead. During specialist registrar training in London North Thames, she gained dual accreditation in acute general medicine and rheumatology at Middlesex University Hospital. She subsequently expanded expertise at the Royal National Orthopaedic Hospital, Stanmore, focusing on metabolic bone disease and osteoporosis.","Dr MacGowan's clinical interests encompass virtually the entire rheumatology spectrum. She maintains particular focus on rheumatoid arthritis, psoriatic arthritis, axial spondyloarthropathy and osteoporosis, plus systemic autoimmune disorders including systemic lupus erythematosus, myositis, systemic sclerosis, Sjogren's syndrome, and undifferentiated connective tissue disease. Expertise extends to vasculitides, metabolic bone disease, fibromyalgia, gout, and soft-tissue rheumatic conditions.","As Clinical Lead for Rheumatology, she maintains departmental standards and oversees quality, safety, and performance metrics. She instituted a monthly multidisciplinary team meeting to review patients with complex disease and created a rapid access temporal artery ultrasound service shortening diagnostic times for giant cell arteritis. She pioneered patient-initiated follow-up pathways for stable inflammatory arthritis and is leading the development of a comprehensive Fracture Liaison and Osteoporosis Service. Earlier partnerships with Clinical Commissioning Groups produced enhanced services for DMARD prescribing and MSK referral pathways.","Dr MacGowan is an active participant in clinical research, recruiting and following patients for several multicentre trials, presently including the LEADER and REMORA 2 studies. She contributes to regional and national audit programs and recruits for the National Early Inflammatory Arthritis (NEIA) audit.","Dr MacGowan's publication record spans original research, scholarly reviews and invited talks. A full list available on request.","A dedicated educator, she delivers undergraduate medical education through theme based seminars and bedside teaching for fourth and fifth year students and serves as final examination examiner. She supervises specialist nurse practitioners and allied health professionals and provides quarterly rheumatology seminars for core medical trainees at Northern Care Alliance. Past responsibilities included MRCP/PACES preparation and faculty membership for Full Immersion Simulation at North Middlesex University Hospital (2006-2012). She completed the Teaching Improvement Programme System (TIPS) course in 2009.",The Bone and Tooth Society: Clinical case presentation and discussion. First Prize June (1999); Merit for Outstanding Achievement Clinical Pharmacology (1991); PGCert (Extreme Medicine) - Summa Cum Laude (2024),British Society of Rheumatology (BSR); Royal College of Physicians (RCP),Axial Spondyloarthropathy; Connective Tissue Disease; Connective Tissue Disorders; Gout; Lupus; Osteomalacia; Osteoporosis; Psoriatic Arthritis; Rheumatoid Arthritis; Rheumatology; Sjogren's Syndrome; Vasculitis,https://www.mccollumconsultants.com/wp-content/uploads/2026/07/Jo_MacGowan_001_CG.jpg,,info@exp-w.com,+44 (0)161 218 0223,https://www.mccollumconsultants.com/expert-witness/joanna-macgowan/,Rheumatology,ew-rheumatology
Dr Ray Armstrong,"BA, BChir, MA MB, MRCP, FRCP",Dr Armstrong has been acting as an expert witness for over 25 years and has undergone expert witness training. Dr Armstrong enjoys a full medico-legal practice instructed by both Claimant and Defendant law firms in personal injury and clinical negligence cases. Dr Armstrong has given evidence in Court on many occasions.,"Dr Armstrong is currently a part-time NHS Consultant at the University Hospital Southampton; appointed full time in 1985. He was the Clinical Lead for Rheumatology from 1998-2014. He has also been providing a monthly visiting rheumatology service to Guernsey since 1997. Previously, Dr Armstrong was a Visiting Professor of Rheumatology at the Al Mouwasat Hospital in Saudi Arabia between 28 January 2000 to 10 February 2000. He graduated from Cambridge University in 1971 and the Guy's Hospital Medical School in 1974.","Dr Armstrong provides a service embracing the full spectrum of rheumatological disorders. His main interests are in inflammatory rheumatic disease; however, his clinical practice embraces all aspects of rheumatology including spinal pain, soft tissue, rheumatism, bone disease, inflammatory arthritis, connective tissue disorders, muscle and bone disorders, fibromyalgia and chronic pain syndromes, and occupation and work-related rheumatic disorders.",Dr Armstrong was the Clinical Lead for rheumatology for over 15 years and was the President of Rosmey branch of arthritis care until 2006.,Dr Armstrong was a committee member for the National Institute for Health and Care Excellence (NICE) for 10 years and worked for NHS Evidence. He has authored and coauthored multiple publications focusing on computer-assisted learning and musculoskeletal diseases.,"Dr Armstrong has authored or co-authored numerous professional publications, mostly peer reviewed. In 1997 he authored and programmed an interactive CD ROM on Rheumatology which was published by Cambridge University Press. Dr Armstrong has also refereed numerous papers for a variety of medical journals.","Dr Armstrong delivers undergraduate teaching in rheumatology for medical students at the Southampton University Medical School and frequently participates in postgraduate medical education for general practitioners, junior hospital doctors in training, and other professional groups allied to medicine.","Sims-Black Travelling Scholarship to Rhodesia, Oct. to Dec. 1972; Winthrop Travelling Award 1981; Finalist in EASA 98 (European Academic Software Awards 1998); Awarded a Certificate of Commendation in the BMA Medical Book Competition in 1998; Bronze NHS Clinical Excellence Award - October 2004 - 2014; NHS Leadership in Health Informatics Award 2004; Hospital Doctor Award for Rheumatology Team of the Year - November 2005; 'Healthcare Champions' Award to Southampton Rheumatology Unit by National Rheumatoid Arthritis Society 2006; BSR Best Practice Rheumatology Award (Outstanding category) to Rheumatology Unit 2014; Southampton designated EULAR Centre of Excellence in Rheumatology - August 2015",British Society for Rheumatology; Royal College of Physicians of London; Royal Society of Medicine,Acute Pain Management; Arthritis; Back Pain; Chronic Pelvic Pain; Connective Tissue Disorders; Lupus; Rheumatoid Arthritis; Rheumatology,,University Hospital Southampton,info@exp-w.com,+44 (0)161 218 0223,https://www.mccollumconsultants.com/expert-witness/ray-armstrong/,Rheumatology,ew-rheumatology
Dr Leena Das,"MBBS, MRCP, MSc","Dr Das is undergoing her expert witness training. She is happy to be instructed by Claimant and Defendant law firms in both personal injury and clinical negligence cases. She is registered with APIL, National Crime Agency (NCA), and the UK Register of Expert Witnesses. She conducts home and prison visits and produces reports within 6-8 weeks.","Dr Das served as a Specialist Registrar in rheumatology from 2006-2012, gaining experience with connective tissue disease, metabolic bone disease, and complex rheumatological conditions. Since 2012, Dr Das has been a Consultant Rheumatologist at the North Manchester General Hospital; a tertiary centre for infectious diseases. She manages the biologics service, oversees infusions at the Pennine Rheumatology Hub, and conducts weekly musculoskeletal ultrasound clinics.","Dr Das has a clinical interest in rheumatoid arthritis, psoriatic arthritis, ankylosing spondylitis, gout, connective tissue diseases (e.g. systemic lupus erythematosus, myositis, scleroderma and Sjogren's syndrome), Vasculitic disorders, some metabolic bone conditions (such as osteoporosis and Paget's disease), fibromyalgia and soft tissue rheumatic conditions.",,"As the Principle investigator (PI) for the Department, Dr Das is in charge of trials namely BRAGGS, OUTPASS and the Prevent RA study. She actively recruits patients and participates in regional and national audits.",,"As the Foundation Programme Director for Pennine West, Northern care Alliance NHS Group, Dr Das is responsible for the delivery of the teaching programme for FY1 and FY2 students. She supervises specialist registrars, teaches nurse practitioners, developed a rheumatology curriculum for GP trainees, and previously taught medical students at UHSM and other institutions.",,British Society of Rheumatology,Antiphospholipid Syndrome; Autoimmune Disease; Connective Tissue Disorders; Fibromyalgia; Gout; Lupus; Rheumatoid Arthritis; Rheumatology; Vasculitis,https://www.mccollumconsultants.com/wp-content/uploads/2021/10/R5_5633GC.jpg,North Manchester General Hospital,info@exp-w.com,+44 (0)161 218 0223,https://www.mccollumconsultants.com/expert-witness/leena-das-rheumatologist/,Rheumatology,ew-rheumatology
Dr Vivek Nadarajan,"MBBS, BSc (Hons), FRCP",Dr Nadarajan started his medico-legal practice in 2019. He has completed a Bond Solon 'Excellence in Report Writing' course in 2018. Dr Nadrajan is happy to be instructed by both Claimant and Defendant law firms in personal injury and clinical negligence actions.,"Dr. Nadarajan is a substantive Consultant Stroke Physician at the Royal Free Hospital, London, a position he has held since 2015. He holds an additional role as Honorary Consultant at the National Hospital for Neurology and Neurosurgery's Hyper-acute Stroke Unit. With a decade of dedicated experience, he manages acute stroke assessment, thrombolysis, thrombectomy, TIA management, and stroke prevention. He directly leads and manages the daily acute neurovascular/TIA clinic at the Royal Free Hospital.","Dr Nadarajan's clinical interests are in diagnosing and managing patients with acute stroke, TIA, and cervical vessel dissection. His other clinical interests include diagnosis of stroke aetiology, in particular Embolic Strokes of Undetermined Source and secondary prevention of stroke/TIA.",Dr Nadarajan was the Clinical Lead for Stroke Medicine at the Royal Free Hospital (2018-2022). Previously Dr Nadarajan also completed a Darzi Fellowship in Leadership and Management (2013-14). During his Darzi Fellowship he also completed a PGCE in Clinical Leadership from University of Leeds (2014).,Dr Nadarajan has strong academic background; he has published articles in peer review scientific journals and presented posters at National Conferences. He has previously been involved in recruiting patients to be involved in clinical stroke trials.,"Eight peer-reviewed publications listed, including: Intra-Extra Cranial Meningioma presenting incidentally (BMJ Case Rep, 2012); Capsular warning syndrome (BMJ Case Rep, 2013); TIA Mimics and Chameleons (Pract Neurol, 2014); Prolonged Benign Episodic Unilateral Mydriasis in Hemiplegic Migraine (J Neuroophthalmology, 2024).","Dr. Nadarajan is an Educational Supervisor at Royal Free Hospital (RFH), dedicated to training the next generation of doctors and regularly teaches and mentors both undergraduate medical students and postgraduate resident doctors. He currently examining for undergraduate medical students at UCL Medical School and previously served as a MRCP Examiner from 2016 to 2019.",Patrick Pawsey Prize: For outstanding academic achievement in the MBBS Finals; Distinction in MBBS Finals (Obstetrics & Gynaecology),Fellow of the Royal College of Physicians; British Medical Association,Acute Internal Medicine; Carotid Dissection; Haemorrhage; Stroke Medicine; Thrombectomy; Transient Ischaemic Attack (TIA); Vertebral Artery Dissection (VAD),,"Royal Free Hospital, London",info@exp-w.com,+44 (0)161 218 0223,https://www.mccollumconsultants.com/expert-witness/vivek-nadarajan/,Stroke Medicine,ew-stroke-medicine
Dr Amit Kishore,"MBBS, FRCP (London), MRCP, MSc, CCT in Stroke, General Internal & Geriatric Medicine, PhD","Dr Kishore has been an expert witness in stroke medicine for a number of years. He is registered with the Association of Personal Injury Lawyers (APIL), and the UK Register of Expert Witnesses. He maintains a full medico-legal practice with both Claimant and Defendant law firms in personal injury and clinical negligence actions. Dr Kishore holds weekly medico-legal clinics in Manchester and is willing to travel for home and prison visits. His case split is approximately 75% Claimant/25% Defendant, with typical report turnaround of 6-8 weeks.","Dr Kishore is a Consultant Stroke Physician at the Salford Royal, Northern Care Alliance. He is involved in the delivery of high quality hyperacute stroke care including thrombolysis and mechanical thrombectomy. He provides acute stroke inpatient care, operates a Transient Ischaemic Attack (TIA) Clinic, delivers neurocritical care advice, and has established a regional Embolic Stroke of Unknown Source Clinic and transcranial Doppler services.","Dr Kishore has an interest in the diagnosis and management of acute cerebrovascular conditions such as acute ischaemic stroke, acute intracerebral haemorrhage, carotid & vertebral artery dissections, and transient ischaemic attacks (TIA). He also focuses on secondary prevention and evaluation of embolic strokes of uncertain source.",,"Dr Kishore's research encompasses atrial fibrillation and pneumonia-related conditions. He has several related publications in high-indexed peer-reviewed journals in stroke and general medicine, and has presented at national and international conferences. He has developed antibiotic guidance on stroke-associated pneumonia and contributes to European consensus documents. His publication on atrial fibrillation detection was referenced in the Royal College of Physicians (RCP) Stroke Guidelines (2016). Currently pursuing a PhD in stroke medicine with a Manchester Academic Health Science (MAHSC) neuroscience fellowship.",,"Dr Kishore is an Honorary Senior Lecturer in the Department of Cardiovascular Sciences at the University of Manchester. He supervises undergraduate and postgraduate students, as well as MSc and PhD candidates. He established the regional stroke study at Salford Royal and lectures nationally and internationally. Currently serves as Training Programme Director in Stroke medicine for the North West.","Clinical Excellence Awards at Salford Royal NHS Foundation Trust (2016, 2018) and multiple grants from the University of Manchester and industry sponsors for atrial fibrillation detection projects.",Royal College of Physicians (Fellowship); General Medical Council,Acute Internal Medicine; Aphasia; Brain Haemorrhage; Carotid Dissection; Cerebral Haemorrhage; CT Perfusion Scan; Dementia; Head Injury; Headaches; Intracranial Pressure; Movement Disorders; Paralysis; Spinal Cord Dysfunction; Spinal Cord Injury; Stroke Medicine; Thiamine Deficiency; Thrombectomy; Transcranial Doppler Ultrasound; Transient Ischaemic Attack (TIA); Vertebral Artery Dissection (VAD); Visual Field Defects,https://www.mccollumconsultants.com/wp-content/uploads/2021/10/R5_6649GC.jpg,"Salford Royal, Northern Care Alliance; Manchester",info@exp-w.com,+44 (0)161 218 0223,https://www.mccollumconsultants.com/expert-witness/amit-kishore-stroke-physician/,Stroke Medicine,ew-stroke-medicine
Dr Bikash Bhojnagarwala,"Consultant Neonatologist; MBBS, DCH, MRCP, FRCPCH, PGCert Med Education (UCL)","Dr Bhojnagarwala provides expert opinions to both Claimant and Defendant law firms with expertise in neonatal intensive care, paediatric cardiology, echocardiography, neonatal hemodynamics, bronchopulmonary dysplasia, and perinatal governance.",Qualified 2000. Over 12 years of consultant-level experience in neonatal medicine. Currently Consultant Neonatologist and Lead for Paediatric & Neonatal Cardiology at Medway NHS Foundation Trust. European-certified in congenital heart disease echocardiography.,"Focus on neonatal intensive care, paediatric and neonatal cardiology, and congenital heart disease echocardiography; strong interest in Point-of-Care Ultrasound (POCUS).",Lead for Neonatal Services and Paediatric & Neonatal Cardiology Services at Medway; NICU Mortality and Morbidity Lead; Clinical Academic Tutor at Kent & Medway Medical School.,"Neonatal hemodynamic assessment and the impact of Patent Ductus Arteriosus (PDA) scoring; lung ultrasound; involved in DEXTA, HAAPI, and RePHyNe trials.","SLURP multicentre observational study forthcoming in European Journal of Paediatrics 2025; ""Causes and management of pulmonary air leaks,"" published in Paediatrics & Child Health 2012.",Examiner for the MRCPCH and RCPCH START examinations; Clinical Academic Tutor at Kent & Medway Medical School; certified NLS Instructor.,"Medway Star Awards (2025) Runner-up, Systems & Partnerships; Research & Innovation Award Nominee (2024); Best Oral Presentation, RCPCH PECSIG (2016).",Fellow FRCPCH; Executive Secretary PECSIG; Treasurer NeoFOCUS-UK; Member BAPM; Executive Committee Lifelong CHD Network.,Consultant Neonatologist; Neonatal Cardiology; Neonatal Haemodynamics; Neonatal Intensive Care; Neonatology; Paediatric Cardiology; Paediatric Critical Care; Point Of Care Ultrasound (POCUS),https://www.mccollumconsultants.com/wp-content/uploads/2025/11/Bikash-Bhojnagarwala-CG.jpg,Medway NHS Foundation Trust,info@exp-w.com,+44 (0)161 218 0223,https://www.mccollumconsultants.com/expert-witness/bikash-bhojnagarwala/,Neonatology; Paediatric Cardiology; Paediatric Critical Care,ew-neonatology; ew-paediatric-cardiology; ew-paediatric-critical-care
Mr Richard Smith,Consultant in Fetal Medicine & Obstetrics; PhD MB ChB MRCOG PGCME,Mr Smith is happy to receive instructions from Claimant and Defendant law firms in personal injury and clinical negligence cases.,"Mr Smith has been a consultant at the Norfolk & Norwich University Hospital for 18 years. His clinical workload is divided approximately 1/3 fetal medicine (ultrasound scanning and invasive procedures), 1/3 labour ward, and 1/3 general antenatal care with a focus on multiple pregnancy. Mr Smith has co-chaired his Local Maternity and Neonatal System Board since June 2018 and is an Independent Clinical Advisor for the Ombudsman.","Mr Smith's areas of clinical interest include fetal medicine, neonatal medicine, maternal medicine, ultrasound scanning and multiple pregnancies.",Mr Smith has been a member of his Hospital management board as well as Chief of Service for the Maternity Directorate.,,Mr Smith has published widely in peer-reviewed journals.,Mr Smith is a trained OSCE assessor. Mr Smith is an Associate Professor at St George's University School of Medicine and the University of East Anglia. Mr Smith lectures and performs clinical teaching for the undergraduate programme at the University of East Anglia. He also regularly has undergraduate students attached to his clinics. Mr Smith has lectured both locally and nationally on many aspects of Obstetrics and fetal medicine. Mr Smith has also taught on the regional MRCOG Part II course and the regional Basic & Intermediate Ultrasound Course.,,"Member of the Pro Bono Doctors Panel, Foreign & Commonwealth Office (2006); Consultant appraiser (2012); Antenatal and Newborn Screening Lead (2008); Hospital Management Board Member (2013-2016); Consultant Leadership course, NNUH (2014-2015); Elected Committee Member, British Maternal & Fetal Medicine Society (2010-2018); Chief of Service, Maternity Directorate (2016-2019); Subspecialty training supervisor for Maternal & Fetal Medicine (2023-Present).",Antenatal Care; Fetal Growth; Fetal Medicine; Fetal Monitoring; Neonatology; Obstetrician; Obstetrics; Pre-Eclampsia; Pregnancy; Ultrasound Scan,https://www.mccollumconsultants.com/wp-content/uploads/2025/01/Richard_Smith_CG.jpg,Norfolk & Norwich University Hospital,info@exp-w.com,+44 (0)161 218 0223,https://www.mccollumconsultants.com/expert-witness/richard-smith/,Neonatology,ew-neonatology
Mr Jonathan Cusack,Consultant Neonatologist; MBChB FRCPCH MMedSci (Clin Ed),"Dr Cusack has an active medico-legal practice and experience of producing court reports and expert neonatal opinion. He has completed over 50 expert reports with a mixture of claimant and defence work, including providing neonatal expertise to Greater Manchester Police and to the Parliamentary and Health Service Ombudsman. Dr Cusack has given evidence in Criminal courts, Coroners Court, and been involved in civil cases and appeals at the Royal Courts of Justice. He is happy to take on both Claimant and Defendant instructions.","Dr Cusack graduated from the University of Leicester Medical School in 1996. Since then, he has gained numerous years of experience in multiple UK hospitals and experience in Australia, specialising in Paediatrics and Neonatology. Dr Cusack boasts 15 years of experience working in a Regional Perinatal Lead Neonatal Intensive care with over 12000 deliveries per annum. Since 2008, Dr Cusack has held the position of Consultant Neonatologist at the University Hospitals of Leicester Neonatal Service.","While Dr Cusack has gained extensive experience working in Neonatology, he has particular clinical interests in neonatal cardiology and resuscitation.","While working at the Leicester Hospitals, Dr Cusack took on the management roles of Head of Service for Leicester Neonatal Service (2013-2020), Deputy Clinical Director for Women and Children's Services (2020-2023) and is now the Clinical Director for Women's and Children's. He is one of seven clinical directors responsible for clinical leadership for the University Hospitals of Leicester NHS Trust.","Dr Cusack has received formal training in qualitative and quantitative research as part of his masters' degree. He has recruited and consented patients for multiple national trials, including the original TOBY trial for neonatal cooling. Dr Cusack was the Leicester PI for the Baby Oscar Study (an RCT looking at early targeted ibuprofen in treatment of patent ductus arteriosus) and current Co-PI of a trial looking at neonatal cooling with the University of Bristol. Dr Cusack is a named author of the national and European wide guidelines on Neonatal Resuscitation and is a core member of the Resuscitation Council UK Newborn Subcommittee.","Dr Cusack is well published. Some of his most recent co-authored and authored work have included: Cusack, J., 2023. 'Keeping the beat': What is the best way to perform neonatal chest compressions? Archives of Disease in Childhood-Fetal and Neonatal Edition. Fawke, J. and Cusack, J., 2022. Does death and disability matter? Resuscitation, 178, pp.38-39. Newborn Life Support (chapter author and named guideline author) Resuscitation Council UK 2021. Advanced Resuscitation of the Newborn Infant Resuscitation Council UK 2021 – Editor and chapter author.","Dr Cusack is dedicated to medical education; he currently leads a well-established Neonatal Education Team. He is the Neonatal Lead for undergraduate education and the Clinical Lead for the Leicester Neonatal Simulation Team – one of the UK's foremost simulation training teams with an international reputation. He is an Honorary Senior Lecturer at the University of Leicester Medical School. Furthermore, he designed, programmed, and implemented a web-based training package for the neonatal trainees in Leicester.",,Medical Defence Union; Royal College of Paediatrics and Child Health 2001; British Association of Perinatal Medicine 2005,Health Screening; Hypoxic Ischaemic Encephalopathy; Ischaemia; Neonatal Brain Injury; Neonatal Growth; Neonatology; Newborn Life Support; Newborn Screening; Premature Birth,,University Hospitals of Leicester Neonatal Service,info@exp-w.com,+44 (0)161 218 0223,https://www.mccollumconsultants.com/expert-witness/jonathan-cusack/,Neonatology,ew-neonatology
Dr Kunal Babla,"Consultant Neonatologist; BSc(Hons), MBBS MSc (Adv Paed), MSc (Health Ed), FRCPCH, MAcadMEd","Dr Babla is registered with the Association of Personal Injury Lawyers (APIL), the National Crime Agency (NCA), and the UK Register of Expert Witnesses. He is happy to be instructed by both Claimant and Defendant law firms in personal injury and clinical negligence actions.","Dr Babla graduated from King's College London School of Medicine in 2009 and completed his foundation training in the South Thames Deanery. He has worked in paediatrics since 2011 and specialised in neonatal medicine since 2016. He completed his subspecialist training in neonatal medicine, in some of the busiest tertiary neonatal units in London, including St Thomas' Hospital, King's College Hospital, St George's Hospital, and University College London Hospital. He completed a fellowship in Paediatric Cardiology at the Royal Brompton Hospital and a fellowship in Paediatric and Cardiac Intensive Care at Evelina Children's Hospital. Dr Babla has completed the European Association of Cardiovascular Imaging (EACVI) Certification in Congenital Heart Disease Echocardiography and continues to work closely with the Paediatric Cardiology team at Great Ormond Street Hospital. Dr Kunal Babla has been practising as a Consultant Neonatologist at the University College London Hospital since 2021. He is an Honorary Consultant in Paediatric Cardiology at Great Ormond Street Hospital, and an Honorary Associate Professor in Neonatology at University College London since 2022.",Dr Babla has a specialist interest in neonatal medicine and neonatal intensive care and neonatal cardiology. He has completed the European Association of Cardiovascular Imaging (EACVI) Certification in Congenital Heart Disease Echocardiography. His clinical interest in cardiology relates to his research in patent ductus arteriosus as part of his MSc in Advanced Paediatrics which he has published in peer-reviewed journals and presented at international meetings.,"Dr Babla has a track record of proactively taking leadership and management roles during his training and has demonstrated the ability to guide large teams to successful outcomes. He is currently RCPCH College Tutor and Training Director at UCLH. Dr Babla is responsible for the oversight of education programmes for junior doctors and advanced nurse practitioners; evaluating performances; developing frameworks and educational activities; and ensuring appropriate supervision and care is provided. Dr Babla led the development of the Neonatal Cardiology Clinic at UCLH, and is Trust Clinical Lead for Newborn Screening.","Dr Babla has research interests in neonatal cardiology and haemodynamics including patent ductus arteriosus and pulmonary hypertension. He also has interests in evaluation of teaching methods in clinical medicine. He received his masters degrees in Advanced Paediatrics and Health Professions Education where he gained formal training in both clinical and education research. Dr Babla conducted clinical research primarily around patent ductus arteriosus, examining clinical assessment methods, and the effect of treatment on growth outcomes on preterm infants. His education research includes evaluating the educational value of simulation-based education and advanced communication skills training in neonatal medicine.","Dr Babla has written numerous peer-reviewed publications, edited books, written chapter contributions, and given international, national, regional, and poster presentations. He has provided a number of articles as invited contributions. His publications focus on neonatology, medical education and equality and diversity work. Dr Babla has completed masters degrees in Health Professions Education (UCL) and Advanced Paediatrics (King's College London).","Dr Babla is a formally accredited educator and has completed an MSc in Health Professions Education at University College London as well as a fellowship in Medical Education at King's College Hospital. Dr Babla has been a Newborn Life Support Instructor since 2014. He innovates and leads multidisciplinary teaching initiatives, such as the ""Difficult Conversations in Neonatal Intensive Care"", the ""Survival Guide to Neonatal Intensive Care"" course at University College London Hospital and the ""Year 5 Transition to F1"" module at Guy's, King's and St Thomas' School of Medicine. He is an undergraduate MBBS Examiner at University College London. Dr Babla continues to develop new educational courses and initiatives as part of his role as the Royal College of Paediatrics and Child Health College Tutor and Training Director on the Neonatal Unit at University College London Hospital. He is Course Director for the ""Difficult Conversations in Neonatal Medicine"" at University College London Hospital.","2020: Best Oral Presentation: Paediatric Educators Special Interest Group (RCPCH Conference). 2018: Outstanding Contribution to Education: King's College Hospital NHS Foundation Trust. 2016: Outstanding Contribution to Teaching: King's College Hospital NHS Foundation Trust. 2016: 2nd Prize, Best Oral Presentation: Paediatric Educators Special Interest Group Conference.",2014-present: Member of the Academy of Medical Educators. 2023: Fellow of the Royal College of Paediatrics and Child Health. Member of the British Association of Perinatal Medicine. Member of the British Association of Physicians of Indian Origin. Member of the British Medical Association. Member of the European Society of Cardiology. Member of the Medical Defence Union.,Congenital Heart Disease; Consultant Neonatologist; Infant Pulmonary Hypertension; Neonatal Cardiology; Neonatal Growth; Neonatal Haemodynamics; Neonatal Infection; Neonatal Resuscitation; Neonatal Sepsis; Neonatology; Newborn Life Support; Newborn Screening; Paediatric Cardiology; Patent Ductus Arteriosus,https://www.mccollumconsultants.com/wp-content/uploads/2023/06/Kunal_Babla_07a_Grey_Crop.jpg,University College London Hospital (UCLH); Great Ormond Street Hospital (Honorary); University College London (Honorary),info@exp-w.com,+44 (0)161 218 0223,https://www.mccollumconsultants.com/expert-witness/kunal-babla/,Neonatology; Paediatric Cardiology,ew-neonatology; ew-paediatric-cardiology
Dr Pramod Nair,"Consultant Paediatrician; MBBS, DCH, FCPS, FRCPCH (UK)","Dr Nair has attended the Bond Solon Excellence in report writing course and the RCPCH expert witness course, he enjoys receiving instructions from both Claimant and Defendant law firms in personal injury and clinical negligence cases.","Dr Pramod Nair is an experienced NHS Consultant Paediatrician with over two decades of clinical practice, delivering comprehensive general paediatric care across the full infancy-to-adolescence age spectrum. Graduating from Mumbai University in 1998, he completed rigorous postgraduate paediatric training in Mumbai, earning his DCH and FCPS degrees, before moving to the UK in 2004. He successfully passed the MRCPCH examination in 2008 following intensive higher specialty training through the Nottingham (East Midlands) Deanery. His foundational training provided broad rotational exposure across neonatal and paediatric intensive care, ECMO, paediatric cardiology, oncology, endocrinology, allergy, anaesthesia, and community paediatrics. This comprehensive clinical foundation now underpins his work as a well-rounded general paediatrician, enabling him to confidently assess, diagnose, and manage the full spectrum of childhood illness – from common acute and chronic conditions to complex multisystem presentations. Dr Nair currently serves as an NHS Consultant Paediatrician at Bedford Hospital and as an Honorary Consultant at Great Ormond Street Hospital. He also maintains a dedicated weekly private practice at the Saxon Clinic in Milton Keynes, where he provides accessible, family-centred paediatric care, coordinated investigations, and seamless multidisciplinary referrals within a supportive, child-friendly environment.","Dr Nair practices general paediatrics, skillfully incorporating subspecialty knowledge to optimise both diagnosis and the enduring health of children. His clinical work encompasses well-baby and child health clinics, alongside proactive growth and developmental surveillance and routine health screenings, providing complete care for common childhood illnesses. He offers expert assessment and management of cardiovascular and autonomic disorders including paediatric cardiology, arrhythmias, and syncope, with a particular focus on evidence-based approaches to Paediatric Orthostatic Tachycardia Syndrome (POTS). Dr Nair also provides comprehensive care for allergy, immunology and respiratory conditions, including paediatric allergies, Cow's Milk Protein Intolerance, asthma, and coeliac disease, utilising structured allergy testing and appropriate paediatric blood investigation pathways. Further to this, he specialises in paediatric growth optimisation, endocrine surveillance, and the management of gastro-oesophageal reflux disease and metabolic screening, alongside medical management of infantile haemangiomas with beta-blocker therapy. Dr Nair expertly interprets a range of investigations – including X-ray, ultrasound and MRI – and coordinates care effectively, benefiting from well-established referral networks to specialist colleagues.","From 2018 to the present, Dr Nair has served as Clinical Lead for the Department of Paediatrics at Bedford Hospital NHS Trust. In this role, he provides strategic and operational leadership across clinical governance, workforce planning, recruitment, and retention, while overseeing complaint resolution, service redesign, and clinical innovation. He actively drives improvements in documentation standards, interdisciplinary collaboration, and patient safety initiatives to ensure high-quality general paediatric care.",,,,Clinical excellence award - Recognised for measurable improvements in clinical care pathways and patient outcomes.,"General Medical Council (GMC), Fellow of the Royal College of Paediatrics and Child Health (RCPCH), Expert Witness Training: RCPCH Expert Witness Course & Bond Solon Excellence in Report Writing",Allergy Testing; Asthma; Child Development; Child's Health; ECMO - Extra corporeal membrane oxygenation; Haemangiomas; Health Screening; Infantile Haemangiomas; Paediatric; Paediatric Allergy; Paediatric Cardiology; Paediatric Syncope,https://www.mccollumconsultants.com/wp-content/uploads/2026/07/Pramod-Nair_CG.jpg,"Bedford Hospital NHS Trust; Great Ormond Street Hospital; Saxon Clinic, Milton Keynes",info@exp-w.com,+44 (0)161 218 0223,https://www.mccollumconsultants.com/expert-witness/pramod-nair/,Paediatric Allergy; Paediatric Cardiology; Paediatric,ew-paediatric; ew-paediatric-allergy; ew-paediatric-cardiology
Ms Joanne Wilson,"Paediatric Critical Care Nurse; DipHE Nursing (Adult), BSc (Hons) (Critical Care), Paediatric Critical Care (PCCSQ)",Joanne is happy to be instructed by both Claimant and Defendant law firms in personal injury and clinical negligence actions.,"Joanne Wilson qualified as a Registered Nurse in 1998 graduating with a Diploma of Higher Education in Nursing and subsequent registration with the Nursing and Midwifery Council. She worked for a short period in Adult Medicine before moving to Adult Intensive Care in 1999. It was during this time that she developed expertise in Critical Care, Critical Care Transport and became a Paediatric and Adult ECMO Specialist. Joanne Wilson also gained a BSc (Hons) in Specialist Nursing Practice (Critical Care) in 2004 and advanced through many roles before obtaining a Matron's post in 2015. In 2016, Joanne Wilson was able to obtain the post of a Paediatric Critical Care Matron for 2 Paediatric Critical Care Units (PCCU), one being a General PCCU and the other a Cardiac PCCU. She worked clinically and operationally supporting the PCCU's and the wider Children's Hospital providing senior leadership and clinical expertise. She also obtained a Paediatric Critical Care Specialist Qualification as well as Advanced Paediatric Life Support certification.",Critical Care is Joanne Wilson's passion having worked in the field for most of her Nursing career with both adults and paediatrics. She also has a clinical interest in cardiac surgery and ECMO as these both featured heavily in her clinical practice throughout her career and continues to do so.,Joanne Wilson is currently responsible for 2 Paediatric Critical Care Units and she provides senior leadership and management of the services and Nursing workforce working closely with the clinical teams ensuring the delivery of a safe and effective service. She also provides operational oversight of the wider Children's Hospital ensuring flow and capacity so children and young people have access to appropriate services and the appropriate level of care as well as supporting the workforce clinically and ensuring safe staffing levels.,,,Joanne Wilson undertook a teaching and assessing module during her BSc in Specialist Nursing Practice and she regularly provides support for the clinical education teams by delivering teaching sessions and clinical supervision as well as supporting her staff in their roles.,Cavell Star Award - 2020,Royal College of Nursing. Paediatric Critical Care Society (PCCS).,Care Management; Critical Care / Intensive Care Nursing; Newborn Life Support; Nursing; Paediatric Critical Care; Paediatric Critical Care Nursing; Paediatric Nursing; Safeguarding; Sexual Abuse,,"Children's Hospital (unnamed, referenced in management experience)",info@exp-w.com,+44 (0)161 218 0223,https://www.mccollumconsultants.com/expert-witness/joanne-wilson/,Critical Care Nursing; Paediatric Critical Care; Paediatric Critical Care Nursing; Paediatric Nursing,ew-critical-care-intensive-care-nursing; ew-paediatric-critical-care; ew-paediatric-critical-care-nursing; ew-paediatric-nursing
Ms Jane Probert,"Advanced Paediatric Nurse Practitioner; RGN/RSCN MSc in Advanced Practice, NMP",Ms Jane Probert is happy to be instructed by both Claimant and Defendant law firms in personal injury and clinical negligence actions.,"Jane Probert qualified as a Registered General Nurse and Registered Sick-Children's Nurse in 1987. She began her career on the paediatric wards of The Royal Manchester Children's Hospital and later the Royal Bolton Hospital, where she cared for acutely ill and surgical children from birth to 16 years of age. Over the past 25 years she has devoted herself to the Accident and Emergency (A&E) Department, specialising in emergency paediatric medicine. In this setting she has progressed from staff nurse to Sister, and ultimately to Advanced Paediatric Nurse Practitioner (APNP) and Non-Medical Prescriber. Her clinical repertoire spans rapid assessment, stabilization, and definitive treatment of seriously ill or injured children, drawing on three decades of hands-on experience across acute, surgical, and emergency environments. In addition to her frontline A&E role, Probert has extended her expertise to out-of-hours primary care, providing advanced nursing support for the Bury and Bolton GP service. This work has broadened her perspective on community-based paediatric emergencies and reinforced her ability to deliver high-quality care across a range of settings. Her academic credentials include an MSc (Hons) Advanced Nurse Practitioner degree from Salford University (2008) and completion of a non-medical prescribing programme at the University of Bolton (2011), qualifications that underpin her autonomous prescribing and advanced clinical decision-making.","Ms Probert's professional passion lies in advancing paediatric practice within emergency medicine. She is particularly committed to the early identification and rapid stabilisation of critically ill children, striving to integrate evidence-based interventions that improve outcomes. Her interest also encompasses the development of robust pathways for paediatric trauma and medical emergencies, ensuring that children receive timely, coordinated care from presentation through discharge. A further area of focus is the optimisation of non-medical prescribing within paediatric emergency settings. By leveraging her prescribing qualification, Probert seeks to streamline medication delivery, reduce treatment delays, and enhance multidisciplinary collaboration. She remains actively engaged with research and quality-improvement initiatives aimed at refining clinical protocols, reducing adverse events, and promoting family-centred care in high-stress environments.","In her current role as senior practitioner within the Children's Emergency Department, Probert oversees the junior paediatric clinicians, offering guidance and advice to support their clinical decision-making. She is responsible for maintaining an appropriate clinical skill mix within the staffing rota, ensuring that the department is consistently equipped to meet fluctuating patient demands. Her leadership combines mentorship with operational oversight, fostering a culture of safety, professionalism, and continuous learning among the team.",,,"Probert is a dedicated educator who regularly conducts in-service training sessions for nursing staff, junior doctors, and allied health professionals. She designs and delivers curricula on paediatric assessment, emergency pharmacology, and non-medical prescribing, drawing on her extensive clinical experience to provide realistic, case-based learning. Additionally, she mentors nursing students and apprentices, supervising their clinical placements and facilitating their progression toward advanced practice qualifications. Her teaching philosophy emphasises critical thinking, reflective practice, and the development of confidence in managing complex paediatric emergencies.",,Royal College of Nursing (RCN); Nursing and Midwifery Council (NMC),Advanced Nurse Practitioners; Critical Illness; Emergency & Urgent Care Nursing; Emergency Care; General Practice Advanced Nurse Practitioner; Non-Medical Prescribing; Nursing; Paediatric Emergency Medicine; Paediatric Emergency Nursing; Paediatric Medicine; Paediatric Nursing; Safeguarding,https://www.mccollumconsultants.com/wp-content/uploads/2026/04/Jane_Probert_001_CG.jpg,Royal Manchester Children's Hospital; Royal Bolton Hospital; Bury and Bolton GP service; Children's Emergency Department,info@exp-w.com,+44 (0)161 218 0223,https://www.mccollumconsultants.com/expert-witness/jane-probert/,Advanced Nurse Practitioners; Emergency Nursing; Paediatric Emergency Medicine; Paediatric Emergency Nursing; Paediatric Nursing,ew-advanced-nurse-practitioners; ew-emergency-and-urgent-care-nursing; ew-paediatric-emergency-medicine; ew-paediatric-emergency-nursing; ew-paediatric-nursing
Dr Lesley Watson,"Consultant in Emergency Medicine & Paediatric Emergency Medicine; MBChB, FRCS (England), RCEM (Subspecialisation in PEM), PGDip Medical Law","Dr Watson has a PGD in Medical Law and has completed Expert Witness courses, most recently in March 2021. Dr Watson is happy to be instructed by Claimant and Defendant law firms for clinical negligence cases and she is quickly building a large portfolio of cases she has opined on. She can produce reports within 6-8 weeks, sooner if required.","Since 2008, Dr Lesley Watson has enjoyed working as a full-time Consultant in Emergency Medicine at the Wythenshawe Hospital where she delivers rapid assessment, treatment and rehabilitation to adults and children with major/life-threatening illnesses/injuries. Dr Watson is particularly special as she has a dual qualification in general and paediatric emergency medicine. She enjoys her role as Safeguarding Lead for adults and children within the Emergency Department, and has a special interest in the management of mental health patients, particularly by the application of the Mental Capacity Act. Dr Watson has expertise in the recognition and management of the acute setting for the conditions listed under her ""Areas of expertise"", and undertakes procedures on adults and children requiring conscious sedation.","In addition to treating adults and children with major/life-threatening illnesses/injuries, Dr Watson spends a significant amount of her time supervising and assisting more junior clinicians with their patients, guiding them with the more challenging diagnostic dilemmas. Dr Watson has a particular clinical interest in rapid assessment so much so she introduced the process of rapid assessment to the Wythenshawe Hospital which ensures that time critical conditions are identified and treatment initiated, as soon as possible, as well as providing early imaging, investigation and analgesia.","Between 2008-2011, Dr Watson was the Paediatric Emergency Medicine Lead. During her time in this post, she collaborated with the inpatient paediatric and safeguarding teams to develop the department. Between 2010-2017, Dr Watson acted as Speciality Lead for Emergency Medicine, which involved Multidisciplinary Team (MDT) cooperation, including the Manchester Trauma Network (2012-2015) and the NHS Improvement (NHSI) to increase patient experience/satisfaction. Most recently, Dr Watson has taken on a variety of roles including Deputy Medical Director for the Division of Medicine, Lead for the Clinical Standards Group for Medicine at the Manchester University NHS Foundation Trust, as well as Clinical Governance and QIP & Audit Lead for the Emergency Department.",,,"Dr Watson currently teaches registrars, in the North West region, on medico-legal dilemmas that often present in emergency medicine. She also takes part in weekly departmental training sessions for junior doctors. Dr Watson has covered subjects ranging from current governance issues, mental capacity, mental health acts and paediatric pitfalls. Further, Dr Watson also provides clinical educator shifts, which are crucial in helping other clinicians with their clinical cases. Dr Watson supervises and mentors a number of trainees, from FY2 through to ST7, and a Physician Associate. She has mentored a number of advanced nurse practitioners through their training and through their non-medical prescribing qualifications.",,Fellow of the Royal College of Surgeons England; Fellow of the Royal College Emergency Medicine.,Conscious Sedation; Emergency/Acute Medicine; Management of Acute Illness; Management of Trauma; Paediatric; Paediatric Emergency Medicine; Recognition of Acute Illness,https://www.mccollumconsultants.com/wp-content/uploads/2021/11/06-CLIENT-BW-G-cropped.jpg,Wythenshawe Hospital; Manchester University NHS Foundation Trust,info@exp-w.com,+44 (0)161 218 0223,https://www.mccollumconsultants.com/expert-witness/lesley-watson-emergency-medicine/,Paediatric Emergency Medicine; Paediatric,ew-paediatric; ew-paediatric-emergency-medicine
Dr Haidar Alwan-Walker,"Consultant GI/GI Interventional and Paediatric Radiologist; BSc (StA), MB ChB, iMRCS, FRCR","Dr Haidar Alwan-Walker has undertaken medico-legal reporting for a number of years, and has undergone his expert witness training. Dr Alwan-Walker has also given evidence in court and is happy to be instructed by Claimant and Defendant law firms in both personal injury and clinical negligence actions.","In August 2008, Dr Haidar Alwan-Walker qualified as a Radiology Specialist Registrar; he remained in this position at the North-West Radiology Training Scheme until August 2014, when he became a Consultant Radiologist at the Manchester University NHS Foundation Trust (MFT). Dr Alwan-Walker was also Clinical Director at the Wythenshawe Hospital Radiology Department between July 2017 and April 2018. Dr Alwan-Walker is currently co-Clinical Director of Adult Radiology at Manchester University Foundation Trust (MFT), primarily based at Wythenshawe Hospital, working in one of the busiest Radiology departments nationally. Dr Alwan-Walker has a keen interest in digital health and informatics, with experience in deployment of major IT systems by working closely with IT/Informatics colleagues. He was involved in the deployment of the Radiology Information System at his trust in May 2014, and in the procurement and deployment of the new Greater Manchester PACS systems in Sept 2021. He was involved as part of a large team with the deployment of the new electronic patient records system at MFT in 2022. Dr Alwan-Walker is currently the deputy Clinical Chief Information Officer for his hospital division (CSS).","Dr Alwan-Walker has special interests in all aspects of Gastrointestinal (GI) and GI Interventional Radiology, as well as General Paediatric radiology.","IT/PACS Clinical Lead For Radiology, MFT (2018 – current); Radiology Clinical Director (July 2017 – April 2018); GM PACS Procurement Board (2015 – 2018); MFT PACS Board (2020 – current); currently Deputy Clinical Chief Information Officer for CSS (Clinical and Scientific Services); currently co-Clinical Director for Adult Radiology at MFT.","Dr Alwan-Walker has been involved in several significant projects, including the deployment of the current research information system (CRIS) and the Cancer Vanguard Project. He was also a board member of the Greater Manchester regional Picture Archiving and Communications System (PACS) procurement between 2014 and 2019 and is currently the Clinical Lead for the same within the Radiology Department, having a heavy involvement in the deployment within the Trust.","Dr Haidar Alwan-Walker was involved in the research into the imaging of blast injuries following the Manchester Arena attack in 2017; ""Bomb blast imaging: bringing order to chaos"", Clinical Radiology Journal, May 2018. He has also contributed to the publications ""Temporary Caecostomy in Large Bowel Obstruction in Neutropenic Colitis"" and ""Extramedullary plasmacytoma of the tongue base: A case report and clinical review of head and neck plasmacytoma"".","Dr Alwan-Walker has vast experience in teaching; he is currently the Education Supervisor, as well as Clinical Supervisor, for trainees in radiology. Since 2015, he has also been an Appraiser for several consultants in the Radiology Department, and now appraises 8 consultants yearly. He has also qualified in the Fellow of the Royal College of Radiologists (FRCR) 2A and 2B in teaching and is an Objective Structured Clinical Examination (OSCE) Examiner. Dr Alwan-Walker provides interventional radiology teaching and has also been involved in the Radiology Specialty Trainee first year (ST1) interviews in London.","Winner of the ""Highly Commended Poster Prize"" at the UK Radiological Society Conference for ""Dermoid Cysts – Benign Ovarian Teratomas; A Radiological Review"" – June 2009. Clinical Excellence Award MFT February 2024.",The British Society of Interventional Radiologists (BIR); The British Society of Paediatric Radiologists (BSPR); The Royal College of Radiologists (RCR); The Radiological Society of North America (RSNA).,Aneurysm; Angiogram; Angioplasty; Central Line; CT Angiography; CT Perfusion Scan; CT Scan; Endoscopic Retrograde Cholangio Pancreatography (ERCP); Gallstones; Gastrointestinal (GI) & Abdominal Radiology; Gastrointestinal (GI) Bleed; General & Interventional Radiology; IVC Filter; MR Cholangiopancreatography (MRCP); Oesophago-gastro-deuodenosopy (OGD); Paediatric Radiology; Shunt; Stenting; Swallowing Difficulties; Vascular Embolisation,https://www.mccollumconsultants.com/wp-content/uploads/2022/01/Haidar-adjusted-grey-1-e1650617254210.jpg,Manchester University NHS Foundation Trust (MFT); Wythenshawe Hospital,info@exp-w.com,+44 (0)161 218 0223,https://www.mccollumconsultants.com/expert-witness/haidar-alwan-walker-gi-interventional-radiologist/,Gastrointestinal & Abdominal Radiology; Interventional Radiology; Paediatric Radiology; Radiology,ew-gastrointestinal-and-abdominal-radiology; ew-general-and-interventional-radiology; ew-interventional-radiology; ew-paediatric-radiology
Dr Amy Hamm,"Paediatrician Obstetrics & Gynaecology; MBChB, DCH, DLM, MRCPCH, FFFLM",Dr Hamm has experience in providing opinions for police investigations and worked alongside other experts to agree joint statements to assist the court. She accepts instructions in civil (claimant and defendant) and criminal (prosecution and defence) cases.,"Dr Hamm is currently Clinical Director for SARC services across Gloucestershire, Wiltshire and Dorset. Dr Hamm is also employed as an adult and paediatric examiner within the Devon and Cornwall Paediatric Centre of Excellence and Adult SARC services. Her current practice consists of managerial clinical governance and quality responsibilities as well as direct clinical care. Prior to this, Dr Hamm has experience working as a speciality doctor in Obstetrics & Gynaecology, as well as in acute general paediatrics (including level 2 neonates); in which she developed an interest in child protection and safeguarding that lead to her specialism in forensic medicine. As well as managing acute paediatric cases, paediatric emergencies and neonates, the role also included undertaking child protection medical examinations. Dr Hamm has extensive experience in completing child protection examinations, including fabricated and induced illness, complex presentations, neglect, physical abuse and sexual abuse. She regularly writes child protection reports and statements for these examinations as well as regularly peer reviews statements written by other healthcare practitioners as part of quality assurance.","Dr Hamm's clinical interests lie within sexual offence forensic medicine, adult and child safeguarding, and paediatrics.","Dr Hamm's initial management role was overseeing sexual offence examiners across the counties of Devon, Cornwall, Avon and Somerset. This role was expanded to include sexual offence examiners attending SARCs within Gloucestershire and Wiltshire. While running the Southwest SOE service, she was the CQC registered manager. The role increased to include the county of Dorset and later to a national role across all G4S Health SARC services. These roles include teaching and training, direct line management of staff, investigating adverse events, clinical governance and quality including regularly undertaking and supervising others undertaking audits. Dr Hamm is also a senior board member of the Faculty of Forensic and Legal Medicine (FFLM). As Treasurer, she is involved in financial and budget management including investments.",Dr Hamm collaborated with the Forensic Capability Network and developed a known outcome competency assessment using UV dyes to train and assess competence for healthcare practitioners that are completing intimate forensic sampling. The paper has been peer reviewed and is awaiting publication. Dr Hamm has also undertaken initial scoping for further research regarding the prevalence of iatrogenic injury during paediatric female genital examination.,Dr Hamm has written research papers in various areas of forensic medicine as well as published a book chapter in the Encyclopaedia of Forensic Medicine 3rd Edition (2024) on custody medicine.,"Dr Hamm designed and delivered FFLM accredited induction programs for sexual offence examiners. She has also delivered presentations at conferences including Sexual Violence and the Night Time Economy, Signs of Abuse in Older Persons and Recognising Signs of Child Sexual abuse. Dr Hamm is also an examiner for the Faculty of Forensic and Legal Medicine membership and licentiate examinations. This has including being involved in designing questions, reviewing questions, Angoffing and OSCE examinations.",,Fellowship of the Faculty of Forensic & Legal Medicine (FFLM); Membership by examination of the Royal College of Paediatrics and Child Health; Membership of the medicolegal society.,Examination; Forensic Examination; Forensic Pathology; Gynaecology; Obstetric Trauma; Obstetrics; Paediatric; Safeguarding; Sexual Abuse; Sexual Assault; Sexually Transmitted Infections (STIs); Trauma Informed Care,https://www.mccollumconsultants.com/wp-content/uploads/2026/03/Amy-Hamm-CG.jpg,Gloucestershire; Wiltshire; Dorset; Devon and Cornwall,info@exp-w.com,+44 (0)161 218 0223,https://www.mccollumconsultants.com/expert-witness/amy-hamm/,Paediatric,ew-paediatric
Dr Sam Byott,"Consultant Interventional Radiologist; MBChB (Hons), FRCR","Dr Byott is happy to be instructed by both Claimant and Defendant law firms in personal injury and clinical negligence actions. Dr Byott can usually turnaround reports within 6-8 weeks, sooner if required.","Dr Byott graduated from the University of Manchester Medical School in 2008. He has subsequently been a Consultant Interventional Radiologist at the Manchester University Hospitals NHS Foundation Trust since 2016. This role includes leading interventional radiology and theatre operating lists; and performing procedures, including vascular intervention, interventional oncology, and paediatric interventions. He is a subspecialist Paediatric Interventional Radiologist and Paediatric IR Service Lead at the Royal Manchester Children's Hospital. Dr Byott plays a lead role in the multidisciplinary management of patients across vascular, renal, and paediatric specialities. He completed Clinical Radiology and Interventional Radiology training at North West School of Radiology in 2016, obtaining a Certificate of Completion of Training (CCT) from the Royal College of Radiologists in radiology and interventional radiology.","Dr Byott has a highly developed interest in interventional radiology. He has subspecialist expertise in vascular interventional radiology including vascular access, paediatric interventional radiology, treatment of arterial disease, venous pathology, and haemorrhage control. In addition, he specialises in independently reporting vascular imaging including cardiac/TAVI CT, general CT, ultrasound, contrast studies, and core MRI examinations.","Dr Byott is currently the Trainee Lead at the Manchester University NHS Foundation Trust, managing over 30 junior doctors. He is also the leading development of the Paediatric Interventional Radiology Service at the Manchester Children's Hospital. In 2016-2017, he was the chair of the British Society of Interventional Radiology Trainees Society (BSIR) where he organised and chaired society meetings, collaborating with the BSIR council, the Royal College of Radiologists, and relevant parties to promote the interests of interventional radiology trainees. Dr Byott was a Trainee rota co-ordinator and an on-call rota co-ordinator throughout 2014-2016. Dr Byott has also attended management courses, including a Medical Leadership in Practice Course, and a Clinical Leadership and Management Course.","Dr Byott has completed several research projects, focusing on treatments, management techniques, and diagnosis methods in procedures and complications such as fistuloplasty, critical limb ischaemia, and hypertension. Dr Byott incorporates the principles of clinical governance into his daily practice, including working as MFT Interventional Radiology Mortality and Morbidity Lead and undertaking regular clinical audits.","Dr Byott has published several articles in peer reviewed journals often focusing on treatment methods, for example, in end of life care, acute abdominal pain, bowel obstruction, aortic aneurysm repair, and much more.","Dr Byott is currently a Trainee Lead at the Manchester University NHS Foundation Trust, organising education for over 30 trainees. He is responsible for managing the educational provision of the radiology department including rostering and organising teaching events. He is on the faculty for national courses including Paediatric IR UK, North West Paediatric Vascular Access course and BSIR paediatric IR group and is responsible for organising and delivering national teaching events. He has arranged and delivered teaching events locally in Manchester regularly including teaching radiology to surgeons, teaching paediatric IR on a paediatric anaesthesia masters programme, and delivering a series of lectures to vascular surgeons and anaesthetists. Dr Byott has trained nurses and radiographers in key concepts of vascular intervention and how to handle equipment effectively. Dr Byott has received positive feedback for his patient and helpful approach.",2008: Honours award in Medical degree. 2012: British Society of Interventional Radiology Case Study Scholarship. 2014: British Society of Interventional Radiology Case Study Scholarship. 2014: Medtronic University Scholarship. 2015: Awarded distinction grade for personal philosophy of teaching (Postgraduate Certificate in Medical Education). 2016: The Royal College of Radiologists Contance-Thornton Fellowship.,Royal College of Radiologists; British Society of Interventional Radiologists; Cardiovascular and Interventional Radiological Society of Europe (CIRSE); Paediatric IR UK Faculty.,Arterial Disease; Contrast Studies; CT Angiography; CT Scan; General & Interventional Radiology; Haemorrhage Control; Interventional Radiology; MRI Scan; Paediatric; Paediatric Interventional Radiology; Radiosurgery; Ultrasound Scan,,Manchester University Hospitals NHS Foundation Trust; Royal Manchester Children's Hospital,info@exp-w.com,+44 (0)161 218 0223,https://www.mccollumconsultants.com/expert-witness/sam-byott-consultant-interventional-radiologist/,Interventional Radiology; Paediatric; Radiology,ew-general-and-interventional-radiology; ew-interventional-radiology; ew-paediatric
Dr M. Krishna Murthy,"Consultant in Emergency Medicine; FRCEM, MBChB, BSc Hons Pharmacology","Dr Murthy has previously provided non-expert medical witness testimony for criminal cases, both in the Sheriff Court and High Courts of Edinburgh. Dr Murthy has provided statements directly to the Procurator Fiscal in person at their request, and has provided pre-cognition to legal teams. Dr Murthy has produced a report for a Coroner's inquest and given evidence in person at a Coroner's inquest. Dr Murthy has completed expert witness training. Dr Murthy is registered with APIL, the National Crime Agency (NCA) and the UK Register of Expert Witnesses. He is happy to be instructed by Claimant and Defendant law firms in both personal injury and clinical negligence cases. Dr Murthy is happy to conduct home visits and can produce reports within 6-8 weeks, sooner if required.","Dr Murthy currently holds a post as a Consultant in Adult Emergency Medicine at the Royal Infirmary Edinburgh; a large urban teaching hospital that receives major trauma and is the only adult Emergency Department in the city. Dr Murthy also dedicates a significant portion to the Emergency Department at the Royal Hospital for Children and Young People in Edinburgh, having completed subspecialty training in paediatric Emergency Medicine. Dr Murthy graduated from the Royal College of Emergency Medicine in 2012, having graduated with MBChB BSc Hons (Pharmacology) from the University of Edinburgh in 2004.","Dr Murthy is interested in the broad range of presentations to adult Emergency Medicine with special interests in aortic dissection, thrombosis, orthopaedic trauma and Emergency anaesthesia and sedation. Dr Murthy also has a special interest in Paediatric Emergency Medicine, dedicating a fifth of his clinical work to the Emergency Department at the Royal Hospital for Children and Young People in Edinburgh.","Dr Murthy leads the development of the orthopaedic and musculoskeletal pathway at the Royal Infirmary, regularly liaising with colleagues in the associated specialties. Dr Murthy has developed the neck of femur fracture pathway for the local hospital, in addition to the virtual fracture clinic system and non-operative fracture pathways. Across the three emergency medicine sites in Lothian, Dr Murthy has been involved with the regional training for chemical, biological, radiological, and nuclear (CBRN) incidents. Further, Dr Murthy is the Emergency Department's Sedation Lead and has created the regional Lothian Sedation Committee with his colleagues.","Dr Murthy sits on the National Hip Fracture Advisory Group for the Scottish Government, participating in the research subcommittee for the National Hip Fracture Database. Dr Murthy is the Principal Investigator in Lothian for a study looking at anticoagulation in lower limb injuries.","In addition to the below publications, Dr Murthy represents Emergency Medicine on the Scottish Hip Fracture National Steering Group and authors on the national report on hip fractures, contributing to the sections relating to performance in the Emergency Department against the national standards. Gillies, M, et al. July 2020 A restrictive versus liberal transfusion strategy to prevent myocardial injury in patients undergoing surgery for fractured neck of femur: a feasibility randomised trial (RESULT-NOF). British Journal of Anaesthesia. July 2020. Rennie, LM., Murthy, K., July 2013 A Rare Case of tachycardia Induced Cardiomyopathy. British Journal of Intensive Care.","Dr Murthy has been an Advanced Trauma Life Support Instructor for eight years and regularly teaches the course locally and nationally. Further, Dr Murthy teaches medical students and is a Honorary Senior Lecturer and Professional Mentor at the Edinburgh University. Dr Murthy teaches and supervises Emergency Medicine trainees from foundation level to senior registrar level, in addition to training specialty doctors and GP trainees in Emergency Medicine. Dr Murthy regularly assesses these skills in workplace-based assessments and attends the Annual Review of Clinical Performances (ARCPs).","Following election in 2019, Dr Murthy represents South East Scotland on the Scottish Board of the Royal College of Emergency Medicine.","Fellow of the Royal College of Emergency Medicine, November 2012; Specialist Registration in Emergency Medicine, July 2013; Sub-specialty Registration in Paediatric Emergency Medicine, July 2013.",Acute Respiratory Distress (ARDS); Anaphylaxis; Aneurysm; Angina; Aortic Dissection; Appendicitis; Blood Transfusion; Brain Haemorrhage; Burns Surgery; Central Line; Corneal Foreign Body; COVID-19; CPR; Critical Illness; Critical Limb Ischaemia (CLI); Crush Injury; Electrocardiography; Embolisation; Emergency/Acute Medicine; Epidural; Facial Trauma; Falls; Fractures; Gastrointestinal (GI) Bleed; Haemorrhage; Hand Trauma; Head Injury; Headaches; Intracranial Pressure; Ischaemia; Meningitis; Metabolic Disturbance; Muscular Pain; Myocardial Infarction; Neutropenic Sepsis; Non-Accidental Injury; Nosebleeds; Osteonecrosis & Osteomyelitis; Paediatric; Perianal Abscess; Pneumothorax; Psychology & Mental Health; Pulmonary Embolism (PE); Retinal Detachment; Safeguarding; Sedation; Seizure; Sepsis; Spinal Cord Injury; Stroke; Sudden Cardiac Arrest; Tracheostomy; Trauma; Twisted Bowel; Ventilation,https://www.mccollumconsultants.com/wp-content/uploads/2022/07/Krishna-Murthy-grey-1-e1656665677208.jpg,"Royal Infirmary Edinburgh; Royal Hospital for Children and Young People, Edinburgh; University of Edinburgh",info@exp-w.com,+44 (0)161 218 0223,https://www.mccollumconsultants.com/expert-witness/krishna-murthy-emergency-medicine/,Paediatric,ew-paediatric
Dr Rajiv Mittal,"Consultant Community Paediatrician; MBBS, DCH, MRCPCH, FRCPCH","Dr Mittal has been undertaking medico-legal work for a number of years, giving evidence in both Crown and Family Courts. He has achieved his certificate in expert witness training. Dr Mittal is happy to be instructed by Claimant and Defendant law firms in all aspects of safeguarding children and child protection cases, including physical abuse, neglect, fabricated and induced illness (FII) and perplexing presentations. He is registered with the UK Register of Expert Witnesses. To formulate his reports, Dr Mittal uses a synthesis of scientific evidence and research, incorporating multiple case specific data sources, both current and historic. Dr Mittal endeavours to provide a competent and impartial opinion, to enable the court to discharge its fundamental duty with regard to the child's welfare that is paramount. Dr Mittal provided 40 reports for the Family Courts and 2 for Criminal Courts between 2022-23. He attended 2 expert meetings and gave evidence 4 times in Family Courts and twice in Criminal Courts.","Dr Mittal has been working in paediatrics for approximately 30-years; during this time he has gained approximately 17 years experience in child protection. Dr Mittal has managed cases in general paediatrics, including children with developmental delays, cerebral palsy, neurodevelopmental problems such as attention deficit hyperactivity disorder (ADHD), autism and also non-accidental injuries. Since 2009, he has worked as the Designated Doctor for Child Protection and Child Deaths. During this time, he has been involved in the reviewing of cases with non-accidental injuries, child deaths, multiagency training for professionals and drawing up local policies and procedures in relation to child protection.","Dr Mittal has an extensive paediatric background, with experience in matters such as child protection, including neglect, fabricated and induced illness (FII), child deaths, behavioural paediatrics and child development & disability.",,,A full summary of research and publications can be provided on request.,"Dr Mittal is involved in teaching medical students, foundation doctors and paediatric trainees in various topics in paediatrics. He also provides multiagency safeguarding training to the police, professionals in health, education, and other agencies. Dr Mittal supervises trainee paediatricians in clinical assessments of children referred for suspected child abuse and neglect. He also attends strategy meetings, case conferences and other multiagency meetings in relation to these cases. As part of his role as the Designated Doctor for Child Deaths, Dr Mittal organises multiagency rapid response meetings following the sudden and unexpected death of a child (SUDIC). He also attends the Pan-Cheshire Child Death Overview Panel (CDOP) meetings and represents his Clinical Commissioning Group (CCG) on the panel.",,Fellow of the Royal College of Paediatrics and Child Health (RCPCH); British Association of Community Child Health (BACCH); Paediatric Research Society (PRS); Member of the Safeguarding Children Partnership (SCP); General Medical Council (GMC).,Autism; Cerebral Palsy; Child Development; Child Protection; Neurodisability; Non-Accidental Injury; Paediatric,https://www.mccollumconsultants.com/wp-content/uploads/2022/01/Rajiv-Mittal-Grey-1-e1662649601661.jpg,,info@exp-w.com,+44 (0)161 218 0223,https://www.mccollumconsultants.com/expert-witness/rajiv-mittal-paediatrician/,Paediatric,ew-paediatric
Dr Sophie Pattison,"BSc(Hons), MBChB, FRCR","Dr Pattison has produced over 100 independent advisory and disclosable reports in claims and complaints processes. She has undergone training with Bond Solon in report writing, courtroom skills and civil law and procedure. She is currently working toward completion of the Cardiff University Bond Solon Expert Witness Certificate. Dr Pattison is happy to be instructed by Claimant and Defendant law firms in clinical negligence cases. Dr Pattison has not currently had to give evidence in court.","Dr Pattison graduated from Bristol University in 1994 with a BSc (Hons) in Pathology and later achieved her medical degree in 1997, where she was awarded an overall year prize in obstetrics and gynaecology. Dr Pattison completed her basic surgical training (including 9 months of breast surgery) and obtained her MRCS in 2002. Dr Pattison lectured in patient safety and human factors prior to commencing her radiology training in 2004. Dr Pattison completed her radiology subspeciality training in breast and gynaecological radiology at the University College London Hospital (UCLH) and the Northwick Park Hospital in 2014. She is a Consultant Breast and General Radiologist at the University College London Hospital since 2014.","Dr Pattison has interests in reporting general and oncological CT scans as well as acute inpatient CT scans and undertaking general abdominal ultrasound scans. In addition to her breast symptomatic work at the UCLH, Dr Pattison undertakes breast screening sessions at the North London Breast Screening Service (NLBSS). Dr Pattison's breast work involves reporting mammograms, performing ultrasounds and core biopsies, stereotactic vacuum biopsies and excisions and MRI guided vacuum biopsies.","Dr Pattison is the joint Quality and Safety Lead in Radiology, which includes performing investigations for internal serious incidents. Dr Pattison is also Joint Clinical Lead for the Breast Radiology Service and the UCLH radiology representative for the Breast Expert Reference Group (ERG) for the North Central Alliance.","Dr Pattison has and continues to take part in several trials. Currently Dr Pattison in involved in the LORIS, BRAID, and the SMALL trial. Dr Pattison reports RECIST scans for several oncological trials.","Dr Pattison has co-written several publications including topics such as reducing human error in urology, imaging abnormalities of the female genital tract, and diagnosis of Mayer-Rokitansky-Kauster-Hauser Syndrome with MR imaging. She has also written book chapters on reducing medical errors in urology and imaging and assessment by MRI of the female pelvis.",Dr Pattison is both an educational and clinical supervisor to general radiology trainees and subspecialty breast radiology trainees.,"1997: Distinction and Green Armytage Prize (Obstetrics and Gynaecology) – Bristol University. Awarded for overall individual performance in Final MBChB examinations.

1997: Pathology Scholarship – Bristol University for BSc (Hons) degree. Awarded for performance in preclinical exams.

2003: London Modernisation Awards Finalist In category 6: improving working lives.

2018: Celebrating excellence award for breast team nomination.","The Royal College of Radiologists (FRCR)

British Society of Breast Radiology (BSBR)",Breast Cancer; Breast Radiology; CT Scan; General & Interventional Radiology; Health Screening; Inherited cancer disorder; Metastatic Cancer; MRI Scan; Ultrasound Scan,,She is a Consultant Breast and General Radiologist at the University College London Hospital since 2014.,info@exp-w.com,+44 (0)161 218 0223,https://www.mccollumconsultants.com/expert-witness/sophie-pattison/,Breast Radiology; Radiology,ew-breast-radiology; ew-general-and-interventional-radiology
Dr Susan Kearney,"BSc, MRCP, DMRD, FRCR",Dr Kearney is happy to take instructions from both the Claimant and Defendant.,"Dr Sue Kearney is an experienced Cardiothoracic Radiologist at Lancashire Teaching Hospital Trust and has been working as a substantive consultant since 1999. She graduated from the Liverpool Medical School in 1987 with an intercalated BSC degree in Anatomy in addition to her medical degree. She started her medical career in general medicine with an interest in respiratory disease moving to radiology training in 1991. She was initially on the Liverpool Radiology Scheme before transferring to Oxford where she focused on Thoracic Radiology spending some time at the Royal Brompton Hospital, London. In addition to her clinical work, Dr. Kearney spends a large proportion of her time dedicated to the training and the supervision of trainee radiologists and reporting radiographers.","As part of her role as Consultant Cardiothoracic Radiologist, Dr Kearney reports plain film and CT scans for all chest related pathology and cardiac disease, and is experienced in CT and US guided procedures for lung and pleural related pathology. She reports body CT for the general inpatient and the major trauma service.

She is a member of the regional interstitial lung disease (ILD) and local MDT meetings providing opinions for thoracic malignancy, ILD, emphysema, benign pleural disease, and cardiac disease. More recently Dr Kearney has become involved in CT post-mortem imaging providing the detailed radiological report including clinical-radiological correlation with suggested cause of death, directly for the Coroner. As part of this service, Dr Kearney works closely with the Senior Coroner, Dr James Adeley and was one of the radiologists presenting cases for the Cause of Death series on Channel 5.",In 2012 Dr Kearney introduced and developed the Cardiac CT Service for Lancashire Teaching Hospitals and continues to manage and lead this service. From 2018-2022 she was the Academy Director for the North West School of Radiology responsible for developing and managing the training placement and education for year 1 radiology trainees in the North West. From 2022-2023 Dr Kearney was Clinical Director for the North West Imaging Academy overseeing and managing radiology education and training for allied health professional and non-radiologist doctors.,"Dr Kearney is author of 11 peer reviewed research papers covering various aspects of chest related disease. She has a particular interest in CXR interpretation and the causes of misinterpretation, error and missed lung cancer. She has developed online self-assessment tools for CXR identification of lung cancer to help improve diagnosis and reduce the likelihood of missed lung cancer. She has presented at many national and international meetings covering a wide range of chest related topics including 'CXR and causes of error', and the role CTPM.
Dr Kearney was the British Society of Thoracic Imaging (BSTI) representative and thoracic lead for RCR Standards Document on the Education, Training and Preceptorship for reporting radiographers in adult chest X-ray CXR published 2023.",,"Dr Kearney dedicates much of her time to radiology education and training. She is an emeritus examiner for the RCR final (2B) FRCR examination, and has been working as an examiner for 10 years. She is a Senior Clinical Teaching Lead for the North West Imaging Academy (NWIA) in which she oversees and manages radiology education and training for allied health professionals, primarily reporting radiographers, and non-radiologist doctors. In her previous role as Academy Director she was responsible for the educational programs and formal assessments for all year 1 radiology trainees in the northwest region. Dr. Kearney is a clinical supervisor for radiology trainees, and mentor for CXR reporting radiographers. She delivers a rotational 5-day course in CXR interpretation to support training of reporting radiographers and radiology trainees. On behalf of NWIA, she organises radiology related CPD events for allied health professional and radiologists; most recently 'Errors in Radiology – a holistic approach' October 2023.","1983. Medical Insurance Agency Prize - awarded on results of pre-clinical performance.

1983. MRC funded scholarship, supporting selected students in an intercalated degree

1985. Medical student elective travel scholarship; Kenya

2000. International travel scholarship; to experience radiology services in Hungary.","Member of the Royal College of Radiologists

Member of the British Society or Thoracic Imaging.",Angiogram; Cardiothoracic Radiology; CT Scan; General & Interventional Radiology; MRI Scan; Thoracic Radiology; Trauma,https://www.mccollumconsultants.com/wp-content/uploads/2024/04/Susan_Kearney__002_GC.jpg,Dr Sue Kearney is an experienced Cardiothoracic Radiologist at Lancashire Teaching Hospital Trust,info@exp-w.com,+44 (0)161 218 0223,https://www.mccollumconsultants.com/expert-witness/susan-kearney/,Cardiothoracic Radiology; Radiology; Thoracic Radiology,ew-cardiothoracic-radiology; ew-general-and-interventional-radiology; ew-thoracic-radiology
Dr Catriona Farrell,"BSc, MBChB, FRCR, PGCert Med Ed","Dr Farrell can provide medical expert opinion in personal injury and clinical negligence cases, offering medico-legal reports in general and gastrointestinal radiology.","After completing Radiology Registrar training in Edinburgh and Merseyside, and a fellowship in Auckland, Dr Farrell took up a Consultant Radiologist post in 2014 at Liverpool University Hospitals NHS Foundation Trust specialising in gastrointestinal (GI) and abdominal radiology. She has particular interests in colorectal, anal, and pancreas cancer. She also reports regularly on inflammatory bowel disease, liver diseases including hepatocellular cancer and cirrhosis, general surgical cases, post-operative abdomens, benign GI disease and emergency radiology. Dr Farrell is radiology lead for colorectal cancer in what is one of the largest colorectal cancer units in the UK. Dr Farrell is involved in national research projects related to colorectal and hepatocellular cancer and has presented at national meetings and published in this area.","Dr Farrell's expertise includes all gastrointestinal imaging, particularly colorectal, pancreas, and anal cancer, as well as splenic disease, and benign gastrointestinal tract pathology, such as inflammatory bowel disease. She has a strong interest in teaching and global health.","Dr Farrell is colorectal radiology MDT lead, previous radiology governance lead, and has led multiple quality improvement projects relating to the colorectal MDT. From 2020-2024 she was co-lead for the Ghana POCUS Project with the charity Worldwide Radiology, which involved organising courses with remote teaching sessions and in person teaching visits to Ho, Ghana. Dr Farrell is currently involved in an AI development project to standardise and streamline the colorectal MDT.","Dr Farrell has published 24 peer reviewed publications, details available on request. Current projects include collaborative national colorectal cancer research (FOXTROT trial, SF-CORNER) and a national liver cirrhosis surveillance study, (AMULET). Recent published work in colorectal cancer relates to evaluation of early rectal cancer and rectal cancer reporting. In liver imaging, publications relate to surveillance for hepatocellular cancer in cirrhosis and imaging prognosis in cirrhosis. In ultrasound, Dr Farrell's most recent paper relates to national practice for teaching POCUS to medical students.","Dr Farrell has established a strong publication record with 24 peer-reviewed articles, demonstrating expertise particularly relevant to radiology. A significant portion of their research focuses on hepatobiliary imaging and hepatocellular carcinoma surveillance, with multiple publications in high-impact journals like Gut and J Hepatol exploring ultrasound recall systems, imaging biomarkers (Elaar, LAAR), and prognostic scoring. They also contribute to the field of colorectal cancer imaging, investigating staging, post-treatment assessment, and polyp risk stratification. Furthermore, Dr. Farrell demonstrates a commitment to radiology governance with research on improving patient safety through effective alerts and has explored emerging technologies such as Point of Care Ultrasound, alongside research into the radiological aspects of COVID-19 diagnosis. This record showcases a dedication to both clinical research and service improvement within the field of radiology. List of publications available on request.",Dr Farrell has a longstanding interest in teaching and has completed the Postgraduate Certificate of Medical Education at Dundee University. She leads undergraduate teaching weekly at University of Liverpool Medical School in ultrasound and chest x-ray interpretation. She also teaches radiology registrars at the Northwest Radiology Academy. Working for the charity Worldwide Radiology she traveled to Ghana to teach ultrasound (POCUS) to clinicians and offers online mentoring and teaching to clinicians and radiology trainees in Ghana and Malawi. She mentors a UK radiology trainee as part of the national BSGAR mentorship programme and supervises a trainee as part of the National Institute for Health and Care (NIHR) Associate Principal Investigator (API) scheme.,,British Society of Gastrointestinal Imaging (BSGAR); Royal College of Radiologists (RCR); British Medical Association (BMA); Medical Protection Society (MPS),Abdominal radiology; Colorectal Cancer; General & Interventional Radiology; Liver Cancer; Rectal Cancer; Ultrasound Scan,,Consultant Radiologist post in 2014 at Liverpool University Hospitals NHS Foundation Trust,info@exp-w.com,+44 (0)161 218 0223,https://www.mccollumconsultants.com/expert-witness/catriona-farrell/,Radiology,ew-general-and-interventional-radiology
Dr Nayyar Saleem,"MBBS, FRCR","Dr Nayyar Saleem is a Consultant Diagnostic and Interventional Neuroradiologist with specialist expertise in the investigation, diagnosis and endovascular treatment of complex neurological and neurovascular conditions.

He accepts medico-legal instructions in cases requiring expert opinion on diagnostic and interventional neuroradiology, including the interpretation of cranial and spinal imaging and the appropriateness, timing and outcome of neurointerventional procedures.

His medico-legal expertise includes acute ischaemic stroke and mechanical thrombectomy; intracranial aneurysms; subarachnoid and other intracranial haemorrhage; cerebral and cervical arterial dissections; carotid and vertebral artery disease; arteriovenous malformations and dural arteriovenous fistulae; embolisation procedures; angioplasty and stenting; and other complex cerebrovascular and neurovascular conditions. His expertise also encompasses spinal angiography and vascular interventions, together with the interpretation of CT, MRI and angiographic imaging.

Dr Saleem has particular clinical and academic experience in the endovascular management of intracranial aneurysms and acute ischaemic stroke. His extensive experience of modern neurointerventional techniques, combined with his research into aneurysm treatment, stroke and advanced neurovascular imaging, enables him to provide expert opinion informed by current specialist practice and the developing evidence base.

His medico-legal opinions may address issues concerning diagnosis and imaging interpretation, the selection and timing of investigations or intervention, technical aspects of neurointerventional treatment, complications and outcomes, and the clinical management of neurological and neurovascular disease where these fall within his area of expertise.","Dr Saleem is a Consultant Interventional Neuroradiologist at Leeds Teaching Hospitals NHS Trust; a position held since September 2017. His clinical practice focuses on minimally invasive, endovascular techniques to treat a range of complex neurovascular conditions.

Dr Saleem is highly experienced in the endovascular treatment of intracranial aneurysms and arterial dissections, utilizing modern devices and techniques. He also performs endovascular procedures for intracranial dural-fistulae and Arteriovenous Malformations (AVMs). Dr Saleem has significant expertise in the mechanical thrombectomy (MT) for acute ischaemic stroke, as well as angioplasty and stenting of the carotid and vertebral arteries, and venous sinus stenting. His practice extends to include embolisation procedures for intracranial tumours, middle meningeal arteries, and external carotid arteries (nasal/facial).

Dr Saleem's skills also encompass spinal interventions, including spinal angiography and endovascular treatment of spinal arteriovenous shunts and CSF venous fistulae, alongside vertebral tumour embolisation. He is proficient in the interpretation of both cranial and spinal imaging studies, including CT, MRI, and angiography.","Dr Saleem's clinical interests lie in the field of neurointerventional radiology, with a particular focus on utilising endovascular techniques for the treatment of complex cerebrovascular conditions. He has a strong interest in applying these minimally invasive approaches to brain aneurysms, striving to optimise patient outcomes and quality of life. He is also dedicated to advancing the treatment of stroke and other neurovascular abnormalities through innovative techniques and collaborative research.","Dr Saleem currently serves as the Clinical Lead for the Neuro-intervention Service at Leeds Teaching Hospitals NHS Trust. In this role, he provides strategic and operational leadership for the multidisciplinary team, ensuring the delivery of high-quality, safe, and efficient neurointerventional care. His responsibilities include service development, resource allocation, training and supervision of junior colleagues, audit and governance.","Dr Saleem's research interests center on improving outcomes in neurointerventional radiology. He is actively involved in research evaluating and optimising endovascular techniques for the treatment of brain aneurysms, with a focus on long-term efficacy and minimising complications. His broader research portfolio encompasses investigations into novel approaches to stroke treatment and the application of advanced imaging techniques to improve neurovascular interventions.","Dr Saleem has a robust publication record demonstrating his commitment to advancing the field of neurointerventional radiology. His research focuses on the endovascular treatment of complex cerebrovascular conditions, particularly intracranial aneurysms. Several publications, including work on the use of devices like the Contour (Islim et al., 2025) and Woven Endobridge (Moughal et al., 2024), detail his experience and contribute to the understanding of optimal treatment strategies for wide-neck aneurysms. He has published extensively on techniques such as stent-assisted coiling (Nejadhamzeeigilani et al., 2023; Islim et al., 2024) and intrasaccular treatment approaches (Islim et al., 2023). Beyond aneurysm management, Dr. Saleem's publications cover a diverse range of neurovascular topics, including dural arteriovenous fistulae (Kular et al., 2022), hypertensive posterior reversible encephalopathy syndrome (Moughal et al., 2023), and traumatic brain injury (Currie et al., 2016). His research extends to imaging modalities in vascular neurosurgery (Bautista et al., 2020) and general diagnostic radiology (Vaidyanathan et al., 2016), showcasing a broad understanding of neurovascular disease and its management. A full list of his publications is available upon request.",Dr Saleem is an Honorary Senior Lecturer at the University of Leeds Medical School and a Teacher/Trainer at the Leeds Radiology Academy. He is dedicated to medical education and the training of future healthcare professionals in radiology and neurointerventional techniques.,,"Fellow, The Royal College of Radiologists, UK
Member, UK Neurointerventional Group (UKNG)
Member, European Society of Neuroradiology (ESNR)
Member, British Society of Head and Neck Imaging (BSHNI)
Member, European Society of Radiology (ESR)",Brain Aneurysms; Brain Haemorrhage; Embolisation; General & Interventional Radiology; Interventional Radiology; Neuroradiology; Spinal Imaging; Stroke & Mechanical Thrombectomy; Thrombectomy,https://www.mccollumconsultants.com/wp-content/uploads/2025/09/Nayyar-Saleem_CG.jpg,Dr Saleem is a Consultant Interventional Neuroradiologist at Leeds Teaching Hospitals NHS Trust,info@exp-w.com,+44 (0)161 218 0223,https://www.mccollumconsultants.com/expert-witness/nayyar-saleem/,Radiology; Interventional Radiology; Neuroradiology,ew-general-and-interventional-radiology; ew-interventional-radiology; ew-neuroradiology
Professor Waqar Bhatti,"MBChB, FRCS (Ed), DMRD, FRCR (Lon)",Professor Bhatti has been acting as an expert witness for 16 years. He enjoys a full medico-legal practice instructed by both Claimant and Defendant law firms in personal injury and clinical negligence cases.,"Professor Waqar Bhatti graduated as a Doctor from the University of Manchester in 1992 and subsequently became a Consultant in Musculoskeletal and Sports Radiology at the University Hospital of South Manchester in September 2001. Professor Bhatti currently practices at The Alexandra Hospital. He has been the personal Radiologist to Manchester premiership football clubs since 2007, and to Lancashire County Cricket Club, and several rugby clubs. Professor Bhatti was the only Radiologist from the region at the 2014 Commonwealth Games in Glasgow and provided support to the 2012 Olympic teams based in Manchester. He continues to provide support to British Cycling, British Athletics Athletes, the national Taekwondo and ladies netball teams, and multiple other sports professionals including boxers and golfers. Professor Bhatti specialises in diagnostic radiology, joint injection therapies, specialised shoulder injection therapies, and biological treatments, including autologous conditioned plasma in treatment of early osteoarthritis, platelet rich plasma therapy, and fat derived stem cell treatment.","Professor Bhatti is interested in radiological diagnosis of muscle and joint related pain. He also takes interest in sports injuries, simple to complex joint and soft tissue injections, and biological treatments including rich platelet rich plasma, autologous plasma treatments, and fat STEM cell treatments. He is an experienced Professor with skills in healthcare management, sports medicine, clinical research, medical education, and medicine.","In his NHS practice at the University Hospital of South Manchester, Professor Bhatti organised and directed the first comprehensive musculoskeletal ultrasound imaging service in Manchester, including the introduction of the first dedicated finger ultrasound service.","Professor Bhatti's current research includes adopting stem cells for clinical use, and new platelet-rich plasma therapies for use in the treatment of osteoarthritis.",,"Professor Bhatti holds an Honorary Professorship at the Salford University Manchester School of Health Sciences, and a Visiting Professorship at the Manchester Metropolitan University Department of Health in recognition for the development and delivery of two successful courses on applied Orthopaedic Radiology and Sports Radiology. He is also an Honorary Clinical Lecturer for the Faculty of Medicine at the University of Manchester, and a Demonstrator in Anatomy at the Victoria University of Manchester. He has delivered more than a thousand postgraduate and undergraduate lectures.","Cum Laude from the Radiological Society of North America (RSNA), Chicago (2008)
First Grand Winner Ribbons RSNA, Chicago (2008)
Third Grand Winner Ribbons RSNA, Chicago (2007)
Second Grand Winner Ribbons RSNA, Chicago (2006)
Second Prize Winner at the International Skeletal Society Meeting, Geneva (2002)
First Prize Winner of the Junior Radiology Image Interpretation Quiz Vienna, ECR (1999)
Stopford Pathology Prize
Kiddle University Entrance Scholarship","British Society of Skeletal Radiologists (BSSR)
European Society of Musculoskeletal Radiology (ESSR)
European Society of Radiology (ESR)
Radiological Society of North America (RSNA)
Medical Advisory Committee
American Roentgen Ray Society",Biological Therapy; General & Interventional Radiology; Health Screening; Medical Assessment; Musculoskeletal Radiology (MSK); Plasma Therapy; Sports Injury; Stem Cell Transplant; Targeted Drug Therapy,https://www.mccollumconsultants.com/wp-content/uploads/2025/02/Waqar-Bhatti-CG.jpg,Professor Bhatti currently practices at The Alexandra Hospital.,info@exp-w.com,+44 (0)161 218 0223,https://www.mccollumconsultants.com/expert-witness/waqar-bhatti/,Radiology; Musculoskeletal Radiology,ew-general-and-interventional-radiology; ew-musculoskeletal-radiology
Dr Stephen Lee,"LRCP, MRCS, MBBS, FRCS(Ed), FRCR",Dr Lee has been reporting on medico-legal cases for over 20 years and is happy to be instructed by both Claimant and Defendant law firms in personal injury and clinical negligence cases. Dr Lee an expert witness for the GMC.,"Dr Lee specialises in gastrointestinal and GI interventional radiology and is experienced in gastrointestinal/hepatobiliary radiology, general cross sectional, general ultrasound, interventional radiology, non-vascular interventional radiology, liver tumour ablation, bariatric imaging, and biliary disease. Although he has recently retired from his NHS practice, he maintains his GMC licence to practice and medical indemnity cover.","Dr Lee takes a specialist interest in cross sectional and abdominal imaging, gastro-intestinal imaging and intervention, and post mortem imaging. He also focuses on biliary disease, and bariatric surgery.",,"Dr Lee's research focuses on various topics such as radiofrequenxy ablation, imaging in colorectal cancer, post-mortem imaging, chronic pancreatititis, oesophageal stenting, and more",,Dr Lee is a mentor and lecturer to Radiology Specialist Registrars on the Fellowship of the Royal College of Radiologists (FRCR) training programme.,,Fellow of the Royal College of Radiologists; Member of the British Society of Gastrointestinal and Abdominal Radiology; Member of the European Society of Gastrointestinal and Abdominal Radiology,CT Scan; General & Interventional Radiology; MRI Scan; Ultrasound Scan,https://www.mccollumconsultants.com/wp-content/uploads/2025/09/Stephen-Lee_CG.jpg,,info@exp-w.com,+44 (0)161 218 0223,https://www.mccollumconsultants.com/expert-witness/stephen-lee/,Radiology,ew-general-and-interventional-radiology
Gillian Martin,"DCR(R),PgD",Gillian Martin has vast experience within the Medico-Legal field. She is happy to be instructed by Claimant and Defendant law firms in personal injury and clinical negligence.,"Gillian Martin graduated from the University of Liverpool in 1992. She went on to achieve her postgraduate certificate and diploma in Medical Ultrasound. For over 30 years, Gillian Martin gained experience within the NHS and the private sector. Starting as a Radiographer in 1993, Gillian Martin has progressed onto the roles of Reporting Sonographer and Lead Sonographer at hospitals across Liverpool and Manchester. Currently, she is the Lead Sonographer at Ultrasound Care and Advanced Practitioner in Ultrasound at Atlas Diagnostics.","Gillian Martin has extensive clinical experience, specialising in radiography and sonography. She is responsible for scanning and reporting on general medical ultrasounds, as well as focusing more specifically on obstetrics and gynaecological ultrasounds.","Gillian Martin was responsible for ultrasound services in a large NHS teaching hospital, managing a multi-disciplinary multi-site service. Responsible for writing protocols and auditing scans. She has gone on to set up an independent Ultrasound company, at which she is the Lead Sonographer. She is a CQC registered manager and Safeguarding Lead. She leads multiple in-house CPD sessions.",,"Gillian Martin has reviewed, published, and co-authored various articles. These have covered subjects such as radiography, postpartum haemorrhages, and the role of ultrasounds in diagnostics.","Gillian Martin has taken on the role of guest lecturer and external examiner on the MSc Ultrasound course at the University of Liverpool. She has also been a guest lecturer at various universities within the Northwest of England, providing lectures on various topics, such as ultrasound safety and techniques.",,Society of Radiographers (SOR); British Medical Ultrasound Society (BMUS),General & Interventional Radiology; Gynaecology Imaging; Sonography; Ultrasound; Ultrasound Scan; Urology Imaging,https://www.mccollumconsultants.com/wp-content/uploads/2023/06/Gill_Martin_Grey_Crop_1.jpg,"Currently, she is the Lead Sonographer at Ultrasound Care and Advanced Practitioner in Ultrasound at Atlas Diagnostics.",info@exp-w.com,+44 (0)161 218 0223,https://www.mccollumconsultants.com/expert-witness/gillian-martin-sonographer/,Radiology; Ultrasound,ew-general-and-interventional-radiology; ew-ultrasound
Dr Alberto Alonso-Dominguez,"LMS (Spain) - (MBBS Equivalent), CCST in Clinical Radiology, FRCR, MRCP (London)","Dr Alonso is delighted to be instructed by both claimant and defendant law firms in personal injury and clinical negligence cases. His extensive experience in thoracic and oncology radiology, combined with his meticulous approach to imaging and diagnosis, makes him a valuable expert witness to any instructing party.","As a Consultant Radiologist with a special interest in thoracic and oncology radiology, Dr Alonso's work focuses on lung and pleural cancer, mediastinal tumours, interstitial lung disease (ILD), Intensive Care Unit (ICU) radiology, and extracorporeal membrane oxygenation (ECMO) radiology. He regularly reports on chronic obstructive pulmonary disease (COPD), ILD, lung nodule follow-up, lung transplant imaging, pulmonary embolism (PE) and thoracic infections. From 2021 to 2023, he led the local Thoracic Radiology Team at the Manchester University NHS Foundation Trust (MFT), overseeing a team of 10 radiologists. During this period, he also served as the Responsible Radiologist for the Lung Cancer Screening Programme in Manchester (TLHC). Throughout his 17-year career as an Interventional Thoracic Radiologist, Dr Alonso has performed approximately 1,000 CT lung biopsies and numerous chest drains and other minimally invasive thoracic interventions. He is part of the Manchester Thoracic Oncology Centre at Wythenshawe, which pioneered the largest lung cancer screening service in the UK, now expanding nationally. The centre conducts 18-20 CT-guided lung biopsies and 2-4 ultrasound-guided neck node biopsies weekly. Dr Alonso collaborates closely with 50 chest physicians, ICU consultants, and surgeons, participating in lung cancer MDTs, lung cancer screening, and ECMO MDTs. Additionally, he supervises radiology registrars, engages in local teaching, and covers the general radiology on-call rota.","Dr Alonso's expertise encompasses lung and pleural cancer, interstitial lung disease (ILD), Intensive Care Unit (ICU) radiology, and extracorporeal membrane oxygenation (ECMO) radiology. He regularly reports on chronic obstructive pulmonary disease (COPD), ILD, lung nodule follow-up, lung transplant imaging, and thoracic infections. Additionally, Dr Alonso is an RCR Contributor for iRefer, promoting evidence-based imaging and facilitating appropriate referrals to the radiology department.","Dr Alonso has held several leadership positions throughout his career, including his current role as the Quality and Safety Lead in Adult Radiology for the Clinical Support Services at the Manchester University NHS Foundation Trust (MFT), the Clinical Lead of Thoracic Radiology from 2021 to 2023, and Responsible Radiologist for the Manchester Targeted Lung Health Check (Lung Cancer Screening Programme) during the same period. He previously served as Lead Thoracic Radiologist and REALM Co-Lead at the Royal Liverpool Hospital from 2015 to 2019 and led the Lung Cancer Group at Hospital Quiron in Palma de Mallorca from 2008 to 2014. Early in his career, he was part of the Plain Film Reporting Group at Wythenshawe Hospital (2004-2005) and contributed to The Society of Radiologists in Training (SRT), UK, as a moderator and MCQ editor (2005-2007). Current role as Quality and Safety Lead in Adult Radiology, Clinical Support Services, Manchester University NHS FT.","Dr Alonso's notable contributions span several aspects of thoracic oncology and diagnostic imaging. His contribution to a recent poster on incidental thymic lesions at the 22nd BTOG Annual Conference earned a runner-up prize, highlighting his research's clinical impact. He has co-authored several influential articles, including studies on the radiological-pathological correlation in DIPNECH and strategies for lung cancer screening in socio-economically deprived areas, published in prestigious journals like Clinical Radiology and Thorax. Dr Alonso's work also extends to personalised lung cancer screening intervals and outcomes for older patients, showcased at prominent conferences such as CRUK and IASLC. Additionally, his involvement in rapid diagnostic units and innovative screening review MDTs underscores his commitment to advancing diagnostic efficiency and patient care in oncology. His earlier contributions include significant articles and chapters on topics like idiopathic pulmonary fibrosis imaging and pulmonary Kaposi sarcoma.",,"Dr Alonso is an experienced educator, serving as a radiology lecturer for North West School of Radiology (NWSR) trainees and a regular trainer for the FRCR 2B exam. He occasionally lectures undergraduate students at Manchester Medical School and is a member of the ARCP panel for Manchester and Merseyside (North West School of Radiology). Additionally, he has held positions as a Clinical and Educational Supervisor for radiology trainees.","Audit award: Clatterbridge Cancer Centre Merit Award In Quality Governance, ""Adequate Contrast Enhancement of CT Pulmonary Angiograms"" 2019.
Poster prize: 22nd BTOG Annual Conference, ""The Prevalence And Clinical Outcomes Of Incidental Thymic Lesion"" 2024.","Royal College of Radiologists (RCR)
British Institute of Radiology (BIR)
British Society of Thoracic Imaging (BSTI)
European Society of Thoracic Imaging (ESTI)
European Society of Radiology (ESR)
British Thoracic Oncology Group (BTOG)",COVID-19; CT Scan; General & Interventional Radiology; Interventional Radiology; Lung Cancer; MRI Scan; Pleural Effusion; Thoracic Radiology,https://www.mccollumconsultants.com/wp-content/uploads/2024/06/Alberto_Alonzo_CG.jpg,Manchester University NHS Foundation Trust (MFT),info@exp-w.com,+44 (0)161 218 0223,https://www.mccollumconsultants.com/expert-witness/alberto-alonso/,Radiology; Interventional Radiology; Thoracic Radiology,ew-general-and-interventional-radiology; ew-interventional-radiology; ew-thoracic-radiology
Dr Jonathan Tuck,"MBChB, FRCS, RCPS (Glasg), FRCR","Dr Tuck is currently undergoing his expert witness training. He is registered with the Association of Personal Injury Lawyers (APIL), Action against Medical Accidents (AvMA), the National Crime Agency (NCA) and the UK Register of Expert Witnesses. Dr Tuck enjoys a full medico-legal practice representing both Claimant and Defendant law firms in actions relating to personal injury and clinical negligence. His Claimant/Defendant ratio split is approximately 90/10 and he can usually turnaround reports within 6-8 weeks, sooner if required.","Dr Tuck has been a Consultant Diagnostic & Interventional Radiologist in general radiology at the Wythenshawe Hospital, part of the Manchester University NHS Foundation Trust, since 2004. Between 1993-2004 he was a Consultant Radiologist in general radiology at the Royal Bolton Hospital specialising in uroradiology, vascular radiology and oncologic radiology.","Dr Tuck has a special interest in uroradiology (kidney, bladder and prostate), gynaecological radiology and interventional radiology, in particular, ultrasound and CT guided biopsies, embolisation of fibroids, embolisation of varicoceles and CT guided cryotherapy of renal tumours, as well as nephrostomy and ureteric stenting. He regularly participates in the Renal Cancer MDT of Manchester University Hospitals NHS FT.","Between 2000 – 2003, Dr Tuck was Clinical Director of Radiology at the Royal Bolton Hospital, before taking on the role of Acting Clinical Director at the University Hospital South Manchester NHS FT in 2005. Between 2005 – 2007, Dr Tuck held the position of Clinical Director at the University Hospital South Manchester NHS FT (2005-2007), and between 2010 – 2013, he was Joint Specialty Lead for Radiology.","Dr Tuck has published in peer-reviewed journals on topics including Uroradiology, gynaecology, general surgery, ophthalmology, paediatric radiology, radiation legislation & safety, interventional radiology treatment of fibroids and uterine arteriovenous malformations (AVMs).",,Dr Tuck has been invited to lecture at regional and national meetings on diagnostic uroradiology and the interventional management of fibroids.,,Member of the British Society Interventional Radiology. Member of the British Society of Uroradiology. Member of the Cardiovascular and Interventional Radiology Society of Europe (CIRSE).,Angiogram; CT Angiography; CT Guided Biopsy; CT Scan; General & Interventional Radiology; Gynaecology Imaging; Interventional Radiology; MRI Scan; Nephrostomy; Stenting; Ultrasound Scan; Urology Imaging; Vascular Embolisation; X-Ray,https://www.mccollumconsultants.com/wp-content/uploads/2021/10/R5_7088GC.jpg,"Dr Tuck has been a Consultant Diagnostic & Interventional Radiologist in general radiology at the Wythenshawe Hospital, part of the Manchester University NHS Foundation Trust, since 2004.",info@exp-w.com,+44 (0)161 218 0223,https://www.mccollumconsultants.com/expert-witness/jonathan-tuck-interventional-radiologist/,Radiology; Interventional Radiology,ew-general-and-interventional-radiology; ew-interventional-radiology
Dr Sachin Mathur,"MBBS, MD, MRCP, FRCR","Dr Mathur is currently undergoing his expert witness training. He is happy to be instructed by Claimant and Defendant law firms in both personal injury and clinical negligence cases. He is registered with APIL, the National Crime Agency (NCA) and the UK Register of Expert Witnesses.","Since 2011, Dr Mathur has been a Consultant Head & Neck and Neuroradiologist at Royal Preston Hospital, Lancashire Teaching Hospitals Foundation Trust; the tertiary Neurosciences Centre for Lancashire and South Cumbria. He is currently the Trust Neuroradiology Lead and has also served as the Associate Clinical Director of Radiology from 2016-2018. In addition, Dr Mathur is an Honorary Senior Lecturer at the University of Cumbria. In 2009, Dr Mathur completed his training in radiology after rotating through various hospitals in the North West as part of the Manchester radiology training scheme and was awarded CCT with subspecialisation in Neuroradiology and Head & Neck imaging. Later, he was appointed as a Consultant Neuroradiologist at the Pennine Acute Hospitals NHS Trust; the regional Infectious Diseases Centre at this Trust provided him with experience in imaging of infectious diseases, especially HIV, in addition to the general neuro imaging.","Dr Mathur reports on all aspects of brain and spine imaging, but has a particular interest in routine and advanced brain tumour imaging. He is a core member of the neuro-oncology, pituitary, skull base and neurology MDT's. He has a subspecialist interest in ENT / head and neck imaging, is a core member of the regional Head & Neck cancer MDT and is also the radiology lead for the NSSG. In addition, Dr Mathur has a keen interest in temporal bone and paranasal sinus imaging.",,"Since 2013, Dr Mathur has been the Radiology Research Lead at Royal Preston Hospital. His most recent research covers the erector spinae muscle atrophy after minimally invasive pedicle screw fixation. Dr Mathur has also introduced advanced neuro-imaging techniques; such as MR perfusion, diffusion tensor imaging and functional MRI in brain tumour imaging at his hospital.",Dr Mathur has over 20 publications. These include peer reviewed online and journal publications related to his subspecialist interest of neuroradiology.,"Dr Mathur is an Honorary Senior Lecturer at the University of Cumbria and has provided education at both under-graduate and post-graduate level; working as a formal lecturer, tutor, clinical supervisor and educational supervisor. He is currently an RCR Examiner for the DDMFR examination at the Royal College of Radiology. He is also the immediate past Prafulla Kumar Ganguli professor (2018-2020); awarded by the Royal College of Radiology to teach and train in India. Dr Mathur has organised teaching courses and has been invited as faculty to national and regional teaching courses and conferences.","Best Workplace Based Teacher, 2013-2014
Magna Cum Laude Award RSNA, 2012
Cum Laude Award RSNA, 2009
Distinction in Consultant Leadership Development Course, 2014.
Stood first in the University in final MBBS Examination, 1997
Three gold medals during MBBS; NTR University of Health Sciences, 1997","Royal College of Radiology
European Society of Radiology
British Society of Neuroradiology
British Society of Head and Neck Imaging
European Society of Head and Neck Radiology",Brain Tumour; CT Angiography; CT Perfusion Scan; CT Scan; General & Interventional Radiology; Head & Neck Radiology; Head Injury; Intracranial Pressure; MRI Scan; Neuroradiology; Nuclear Medicine; Transcranial Doppler Ultrasound; Vascular Embolisation; X-Ray,https://www.mccollumconsultants.com/wp-content/uploads/2021/10/R5_6883GC.jpg,"Since 2011, Dr Mathur has been a Consultant Head & Neck and Neuroradiologist at Royal Preston Hospital, Lancashire Teaching Hospitals Foundation Trust",info@exp-w.com,+44 (0)161 218 0223,https://www.mccollumconsultants.com/expert-witness/sachin-mathur/,Radiology; Head & Neck Radiology; Neuroradiology,ew-general-and-interventional-radiology; ew-head-and-neck-radiology; ew-neuroradiology
Dr Melanie Greaves,"MBBS, MRCP, FRCR","Dr Greaves is undergoing her expert witness training. She is happy to be instructed by Claimant and Defendant law firms in both personal injury and clinical negligence cases. She is registered with APIL, the National Crime Agency (NCA) and the UK Register of Expert Witnesses. Dr Greaves is happy to conduct home and prison visits and can produce reports within 6-8 weeks, sooner if required.","Dr Greaves completed her undergraduate training at Royal Free Hospital, University of London, in 1986. She undertook her postgraduate training in Internal Medicine at University College Hospital and The Middlesex Hospital before completing her radiology training at the University College Hospital London, the Freeman Hospital Newcastle Upon Tyne and the University of California.

Since 1999, Dr Greaves has been a Consultant Cardiothoracic Radiologist at Manchester University NHS Foundation Trust. She has over 25 years' experience as a Cardiothoracic Radiologist in tertiary centres covering all aspects of thoracic radiology, cardiac CT and cardiac MR. She is a regional Lead Radiologist for interstitial and occupational lung disease and supports all other thoracic specialities, including cancer imaging and the lung cancer screening programme. In addition to her NHS responsibilities, Dr Greaves plays an active role in radiology medicine education by providing regular regional, national and international lectures and tutorials.","Dr Greaves has an interest in all aspects of diagnostic thoracic radiology, cardiac CT and cardiac MR. Areas of particular expertise include interstitial and occupational lung disease.",,"Dr Greaves provides radiological support for research in all aspects of thoracic imaging. Wythenshawe Hospital is a tertiary cardiothoracic centre and an active research establishment. Most recently she has been involved in the lung cancer screening pilot, the Salford COPD study and the Tristan Study; an EU multicentre international study for the diagnosis of drug induced lung disease.","Dr Greaves has published over 15 peer-reviewed publications, 10 chapters in textbooks, 7 case reports, abstracts and has been included in scientific exhibits that have received certificates of merit. She is a regular reviewer for British Journal Radiology. As Regional Radiology Lead for interstitial lung disease, Dr Greaves is regularly invited to present at regional, national and international lectures.","Dr Greaves has regularly educated undergraduates and postgraduates over the past 20 years. During the period 1995-1998, Dr Greaves was an Honorary Senior Lecturer at Keele University. At present, she is a Manchester Medical School OSCE examiner and a trained facilitator for Junior Doctors. She provides comprehensive day courses on thoracic radiology to both radiology and respiratory medicine and lectures both nationally and internationally. Since the advent of the COVID-19 pandemic she has continued to give tutorials and lectures online again both nationally and internationally. She is currently working on a national pulmonary fibrosis educational programme for thoracic physicians, an upcoming presentation on pulmonary fibrosis for the European Society of Radiology and will be contributing to an occupational lung disease session for the British Thoracic Society in summer 2021. She is a Royal College of Radiologists final examiner for the Fellowship in Clinical Radiology.","1983: Distinction Biochemistry
1985: Scholarship to Singapore Internal Medicine","Membership of the Royal College of Physicians
Fellow of the Royal College of Radiologists
Senior member of the Society of Thoracic Radiology",Aneurysm; Angiogram; Angioplasty; Central Line; CT Angiography; CT Perfusion Scan; CT Scan; General & Interventional Radiology; IVC Filter; Shunt; Stenting; Vascular Embolisation,https://www.mccollumconsultants.com/wp-content/uploads/2021/10/R5_7172GC.jpg,"Since 1999, Dr Greaves has been a Consultant Cardiothoracic Radiologist at Manchester University NHS Foundation Trust.",info@exp-w.com,+44 (0)161 218 0223,https://www.mccollumconsultants.com/expert-witness/melanie-greaves/,Radiology,ew-general-and-interventional-radiology
Dr Anantha Krishnan,"MBBS, MRCS, FRCR","Dr Krishnan has been providing medico-legal advice for a number of years. He has undergone his expert witness training and is registered with the Association of Personal Injury Lawyers (APIL), the National Crime Agency (NCA) and the UK Register of Expert Witnesses. He is happy to be instructed by both Claimant and Defendant law firms in both personal injury and clinical negligence actions. Dr Krishnan can usually turn around reports with 8-12 weeks, sooner if required.","Dr Krishnan is a Consultant Vascular and Interventional Radiologist at the Manchester Royal Infirmary where he is the Radiology Lead for the treatment of complex thoracic and abdominal aneurysms. His practice entails general radiology and specialist vascular radiology imaging and interventions. He routinely undertakes interventional radiology procedures including embolisation, angioplasty, stent-insertion, and hepatic and transplant interventions.",,,"Dr Krishnan's research interests include uterine and prostatic artery embolisation, imaging and intervention. He is currently involved in trials investigating peripheral vascular disease (PVD), pelvic vein embolisation, and fistula intervention.","Dr Krishnan is an author of several original papers, abstracts, case reports, technical notes, book chapters and reviews published in leading radiology and interventional radiology Journals.",,"Editor's medal for best publication in CVIR 2014 (highest impact factor journal in Interventional Radiology) for research on uterine artery embolisation.

Best Original Paper presentation, British Society of Interventional Radiology (BSIR) 2012.

Medtronic University Scholarship - Competitive endovascular scholarship encompassing a training course consisting of modules which enhance and complement training in endovascular aneurysm repair and thoracic aneurysm repair 2011.",,Aneurysm; Angiogram; Angioplasty; Central Line; CT Angiography; CT Perfusion Scan; General & Interventional Radiology; Interventional Radiology; IVC Filter; Shunt; Stenting; Vascular Embolisation; Vascular Interventional Radiology,https://www.mccollumconsultants.com/wp-content/uploads/2022/01/Anantha-Krishnan-grey-joe-edit-1-scaled-e1676382224743.jpg,Dr Krishnan is a Consultant Vascular and Interventional Radiologist at the Manchester Royal Infirmary,info@exp-w.com,+44 (0)161 218 0223,https://www.mccollumconsultants.com/expert-witness/anantha-krishnan-interventional-radiologist/,Radiology; Interventional Radiology; Vascular & Interventional Radiology,ew-general-and-interventional-radiology; ew-interventional-radiology; ew-vascular-interventional-radiology
Dr Stephen Butterfield,"MBChB, MRCP, FRCR","Dr Butterfield has undergone his expert witness training. He is registered with APIL, AvMA and the UK Register of Expert Witnesses. He enjoys a full medico-legal practice representing both claimants and defendants in actions relating to both personal injury and clinical negligence. His claimant/defendant ratio split is approximately 70/30 and he can usually turnaround reports within 8-10 weeks, sooner if required.","Dr Butterfield is a Consultant Vascular Interventional Radiologist at Manchester University NHS Foundation Trust. He specialises in vascular diagnostic and interventional radiology of both the arterial and venous systems. Dr Butterfield performs procedures involving all aspects of peripheral vascular intervention, including complex below knee procedures and pedal access. In addition, he performs aortic stent grafting, carotid artery stenting, bronchial artery embolization, mesenteric embolization, arterial thrombolysis, venous interventions for acute central DVT, venous filter insertion and retrieval, venous stenting and embolization. Dr Butterfield also deals with peripheral access techniques including PICC lines, Hickman lines and Portacath insertion.",Dr Butterfield has a special interest in drug eluting angioplasty balloons and stents for peripheral vascular disease.,,Dr Butterfield is a named author on over twenty research publications and is a trial participant in National and International scientific papers.,,Dr Butterfield has been invited to lecture at national and international meetings on interventional radiological techniques and technologies.,2000: Cook Interventional Fellowship.,"APIL, AvMA and the UK Register of Expert Witnesses",Aneurysm; Angiogram; Angioplasty; Central Line; CT Angiography; CT Perfusion Scan; CT Scan; General & Interventional Radiology; Interventional Radiology; IVC Filter; Peripheral Artery Disease (PAD); Shunt; Stenting; Vascular Embolisation; Vascular Interventional Radiology,https://www.mccollumconsultants.com/wp-content/uploads/2021/10/R5_6177GC.jpg,Dr Butterfield is a Consultant Vascular Interventional Radiologist at Manchester University NHS Foundation Trust.,info@exp-w.com,+44 (0)161 218 0223,https://www.mccollumconsultants.com/expert-witness/stephen-butterfield/,Radiology; Interventional Radiology; Vascular & Interventional Radiology,ew-general-and-interventional-radiology; ew-interventional-radiology; ew-vascular-interventional-radiology
Paula Dring,"Advanced Practitioner Sonographer, PgDip Medical Ultrasound, PgCert Head & Neck Ultrasound with FNA, BSc (Hons) Diagnostic Radiography",Ms Dring is happy to be instructed by both Claimant and Defendant law firms in personal injury and clinical negligence cases.,"With over twenty years of experience as a sonographer, Paula Dring has established a strong clinical foundation working within several leading teaching hospitals in the Northwest. Throughout her career, she has taken on increasingly responsible roles, including serving as Deputy Lead Sonographer and Clinical Tutor/Ultrasound Practice Educator, demonstrating a commitment to both patient care and the development of colleagues. Ms Dring plays a pivotal role in the implementation of crucial screening programs, notably leading the training and introduction of the Fetal Anomaly Screening Programme as the FASP Lead Screening Supervisor. Ms Dring also a Cardiac Champion, spearheading the training and rollout of the '3VT view' technique, and oversaw the implementation of uterine artery Doppler sampling for high-risk pregnancies. Beyond direct clinical work, Ms Dring has consistently championed quality assurance, overseeing and conducting a comprehensive peer review audit program for both general medical and gynaecological ultrasound examinations.","Ms Dring has broad range of expertise in ultrasound imaging. She specialises in providing comprehensive ultrasound services across several key areas, including detailed assessments in obstetrics and gynaecology. Beyond women's health, Ms Dring is highly proficient in general medical ultrasound and has a particular interest and skill in head and neck imaging, including performing and interpreting fine needle aspirations.","Ms Dring management experience gained in her role as Deputy Lead Sonographer at Royal Bolton Hospital, a role where she demonstrated leadership skills particularly during the challenges of the Covid-19 pandemic. Complementing this, she has expertise in education and training as a Clinical Tutor and Ultrasound Practice Educator, working closely with The University of Cumbria to deliver their MSc Ultrasound programme as an Honorary Lecturer.",,,"Ms Dring is a Clinical Tutor and Ultrasound Practice Educator responsible for overseeing and mentoring a range of healthcare professionals, including Trainee Sonographers enrolled in MSc and PGDip programmes, as well as Midwives, Radiologists, and Obstetrics and Gynaecology Registrars.",,Health and Care Professions Council (HCPC); The Society of Radiographers (SoR); Down's Syndrome Screening Quality Assurance Support Service (DQASS),Gynaecology Imaging; Obstetric Imaging; Pregnancy; Sonography; Ultrasound; Ultrasound Scan,https://www.mccollumconsultants.com/wp-content/uploads/2025/06/Paula_Dring_001-CG.jpg,Royal Bolton Hospital,info@exp-w.com,+44 (0)161 218 0223,https://www.mccollumconsultants.com/expert-witness/paula-dring/,Ultrasound,ew-ultrasound
Mr Richard Pole,"BSc (Hons), SVT","Mr Pole accepts instructions in clinical negligence, personal injury and sports injury matters from Claimant and Defendant legal teams and insurers; in criminal proceedings from the Prosecution and Defence; and in coronial proceedings from Coroners and Interested Persons. His overriding duty as an expert witness is to the Court, and he provides independent, impartial and evidence-based opinion irrespective of the party instructing him. Drawing on his extensive clinical experience and with reference to the evidence available and relevant standards of clinical practice, Mr Pole prepares clear, robust and appropriately reasoned medico-legal reports across civil, criminal and coronial matters, including opinions on breach of duty, causation, condition and prognosis, and other issues relating to vascular injury, disease, treatment and clinical management where they fall within his area of expertise.","Mr Richard Pole is an experienced Clinical Vascular Scientist with more than 27 years' expertise in vascular science, vascular diagnostics and vascular ultrasound. He has worked at Wythenshawe Hospital, part of Manchester University NHS Foundation Trust, since 1995, serving as Vascular Studies Unit Manager between 1998 and 2012 and holding the post of Operations Director from 2002. His extensive clinical practice includes the performance and interpretation of vascular ultrasound investigations, with approximately 1,800 investigations undertaken during 2021–22 alone. Mr Pole also helped develop IVS Ltd, where he has led a team of more than 50 Clinical Vascular Scientists delivering over 80,000 vascular investigations annually across North West England. Under this development, IVS became the first vascular diagnostic service in the UK to achieve UKAS accreditation, reflecting Mr Pole's experience in clinical vascular diagnostics, service leadership, quality standards and the delivery of accredited vascular ultrasound services.","Mr Pole has particular clinical interests in carotid and cardiac surgery, cerebral perfusion and associated cerebral injury, and mycotic aneurysms. His areas of interest encompass carotid and cardiovascular disease, cerebrovascular complications, cerebral blood flow and perfusion, vascular infection and the assessment of infected (mycotic) aneurysms.",served as Vascular Studies Unit Manager between 1998 and 2012 and holding the post of Operations Director from 2002,"Mr Pole has a particular interest in the use of 3D ultrasound for the assessment and diagnosis of vascular disease, alongside cardiovascular disease, vascular health and physical fitness. His academic interests also encompass peripheral arterial disease and aneurysmal disease. In 2007, he presented a paper on the differential diagnosis of infrapopliteal aneurysms at the Society for Vascular Technology (SVT) National Conference.","Mr Pole has authored a number of publications across vascular and cardiovascular medicine, with research covering cerebral perfusion and cerebral injury, carotid endarterectomy, stroke, deep vein thrombosis (DVT) and subclavian vein thrombosis. His published work reflects expertise in cerebrovascular disease, arterial and venous thrombosis, cerebral blood flow and vascular pathology.","1998-2004: Member of the SVT Education Committee
1999-2003: Practical accreditation examiner for SVT
1999-2003: SVT representative of the Consortium for the Accreditation of Sonographic Education (CASE)
2000-2005: CASE course accreditor
2000-2006: Honorary CASE Secretary
Attended and presented at European Society of Vascular Surgery meetings in Lyon (2017), Valencia (2018) and Hamburg (2019) and Rome (2022) as Academic Convenor.","2007: Circulation Foundation Prize
2015: SVT - Anne Donald Vascular Scientist of the Year award","Society of Vascular Technology of GB and Eire (169)
Society of Radiographers (75628)
Academy of Healthcare Science (10846)",Aneurysm; Angiogenesis; Atherosclerosis; Cannulation; Cardiovascular Disease; Carotid Artery; Deep Vein Thrombosis (DVT); Endothelial Dysfunction; Haemostasis; Ischaemia; Microcirculation; Peripheral Arterial Disease (PAD); Pulmonary Embolism (PE); Shunt; Stenting; Stroke; Thrombectomy; Ultrasound; Varicose Veins; Vascular Biomarkers; Vascular Embolisation; Vascular Imaging; Vascular Inflammation; Vascular Regeneration; Vascular Remodelling; Vasculitis; Venous Thromboembolism (VTE),https://www.mccollumconsultants.com/wp-content/uploads/2021/10/R5_5807GC.jpg,"He has worked at Wythenshawe Hospital, part of Manchester University NHS Foundation Trust, since 1995",info@exp-w.com,+44 (0)161 218 0223,https://www.mccollumconsultants.com/expert-witness/richard-pole/,Ultrasound,ew-ultrasound
Mrs Joanna Stirling-Aird,"MSc Adv Nurs Pract, BSc (Hons) Nurs Stud, PGDip Forensic Med Sci",Mrs Stirling-Aird is happy to be instructed by both Claimant and Defendant law firms in personal injury and clinical negligence actions.,"Mrs Joanna Stirling‑Aird qualified as a Registered General Nurse in 2005 and subsequently completed a Postgraduate Diploma in Forensic Medical Science through the University of Glasgow in partnership with the Worshipful Society of Apothecaries. Over the next seventeen years she built an extensive career in large inner‑city Emergency Departments, where she also earned an MSc in Advanced Nursing Practice from Glasgow Caledonian University. In parallel with her emergency work, she served as a forensic nurse specializing in the assessment and care of sexual assault survivors, gaining expertise in trauma‑informed practice and multidisciplinary collaboration. In 2020 Mrs Stirling‑Aird stepped into a senior management role while maintaining a hands‑on clinical presence as Lead Advanced Nurse Practitioner. This position required her to lead remote assessments and tele‑medicine consultations, applying advanced clinical decision‑making across a virtual platform. Two years later she transitioned from secondary to primary care to focus on her Advanced Nurse Practitioner career, and in 2023 she was promoted to Nurse Consultant. In this capacity she continues to deliver direct patient care to both adults and children, while also providing leadership and strategic direction to a large, multidisciplinary team. In addition to her NHS responsibilities, Mrs Stirling‑Aird maintains a private practice as an Aesthetics Nurse Practitioner, performing advanced procedural work and offering comprehensive wellbeing and health consultations.","Mrs Stirling‑Aird's clinical passion centers on advanced practice nursing, with particular expertise in Emergency Nurse Practitioner skills and the delivery of high‑acuity care within both emergency and primary‑care settings. She is dedicated to integrating evidence‑based emergency protocols into community health models, thereby expanding access to urgent care services and reducing unnecessary hospital admissions. Her work in forensic nursing has fostered a sustained interest in trauma‑sensitive care, prompting her to advocate for improved pathways for sexual assault survivors across health services. A further area of enthusiasm is the safety and professionalism of aesthetic medicine. As a member of the British Association of Medical Aesthetic Nurses (BAMAN), Mrs Stirling‑Aird stays abreast of emerging techniques, regulatory standards, and risk‑mitigation strategies, ensuring that her private aesthetic practice adheres to the highest clinical and ethical benchmarks. She routinely contributes to peer discussions and workshops aimed at elevating safety culture within the aesthetic nursing community.","Throughout her career, Mrs Stirling‑Aird has held several senior leadership positions, including senior Charge Nurse in high‑volume Emergency Departments and Lead Advanced Nurse Practitioner. In her current role as Nurse Consultant in primary care, she provides strategic leadership, mentorship, and operational oversight to a diverse multidisciplinary team, fostering a culture of continuous improvement and collaborative practice.",,,"Mrs Stirling‑Aird has consistently integrated education into her professional duties, supervising junior staff, trainees, and advanced practice nurses across all of her roles. She delivers expert consultation and mentorship to teams of Advanced Nurse Practitioners (ANPs) and Advanced Clinical Practitioners (ACPs), designing and facilitating clinical workshops, simulation sessions, and reflective practice forums to enhance competency and confidence among emerging practitioners.",,Royal College of Nursing (RCN); British Association of Medical Aesthetic Nurses (BAMAN),Aesthetic Nursing; Care Management; Clinical Risk; Consultant Nurse; General Practice Advanced Nurse Practitioner; Governance; Healthcare in the Community; Trauma Informed Care; Urgent Care,https://www.mccollumconsultants.com/wp-content/uploads/2026/04/Joanna-S-Aird_original_CG.jpg,,info@exp-w.com,+44 (0)161 218 0223,https://www.mccollumconsultants.com/expert-witness/joanna-stirling-aird/,Aesthetic Nursing,ew-aesthetic-nursing
Ms Sonia Griffin,"Associate Chief Nurse & Medical Aesthetics; DIP (Adult Nursing), BA Hons (Health Studies) MSc Leadership, Non-Medical Prescribing, Advanced Aesthetics training & Management in Healthcare",Ms Griffin enjoys receiving instructions from both Claimant and Defendant law firms in personal injury and clinical negligence cases.,"Ms Sonia Griffin Qualified as a Registered Nurse in 2003 after completing her degree at the University of Salford, she now brings more than two decades of nursing experience to every clinical and managerial setting she enters. Her early career was spent rotating through a variety of acute‑care environments, including Accident & Emergency, Intensive Care, several surgical specialties, and cardiology/cardiac surgery, where she honed a robust foundation in adult nursing. In 2005 she expanded her expertise with a BA (Hons) in Health Studies, gaining a deeper understanding of public health, health promotion, and evidence‑based practice. Building on this academic base, she completed an MSc in Leadership & Management in Healthcare in 2017, developing advanced competencies in clinical leadership, service development, and strategic healthcare management. Recognising the growing importance of prescribing autonomy, she achieved Non‑Medical Prescribing qualification in 2021, securing independent prescribing rights that enhance safe, effective, and patient‑centred care—particularly within her aesthetic practice. Since 2016 she has undertaken extensive hands‑on training in a wide range of advanced aesthetic procedures, from injectable therapies and skin‑rejuvenation techniques to sophisticated facial interventions, and now owns and operates a successful medical aesthetics clinic. Throughout her career, she has consistently demonstrated the ability to blend clinical expertise with strong leadership skills, delivering high‑quality, safe, and innovative patient care across both NHS and private healthcare environments. Her combined experience in frontline nursing, academic study, and aesthetic medicine positions her as a versatile professional capable of driving excellence in any health‑care setting.","As a Senior Nurse Leader and owner‑practitioner of a medical aesthetics clinic, she has cultivated a deep commitment to patient safety, the patient experience and evidence‑based care. Her clinical interests centre on delivering high‑quality aesthetic treatments—injectables, skin‑rejuvenation and advanced facial procedures—while integrating rigorous safety protocols and outcome monitoring. Leveraging her extensive nursing background, she combines superb clinical skill with a data‑driven approach, ensuring every intervention is both safe and aligned with the latest best‑practice standards.","Ms Griffin currently serves as the Associate Chief Nurse for Planned Care at Warrington and Halton NHS Trust. In this role, she works as part of a leadership triumvirate, taking responsibility for the nursing quality and safety portfolio across the entire care group. Her remit spans a wide range of services, including Digestive Diseases, Surgical Specialties, and Women's and Children's Clinical Business Units. Through this position, she provides strategic leadership, ensuring the highest standards of patient care, clinical governance, and service improvement are delivered across complex and diverse specialties.",,,"Ms Griffin completed her Preparation for Mentorship Course in 2005, establishing a strong foundation in teaching and training. She has experience delivering education within the aesthetics industry, having taught in this field in 2021. In addition, she provides ongoing mentorship and supervision to non-medical prescribing students, supporting their development and ensuring safe and effective practice within the aesthetics sector.",,Nursing & Midwifery Council (NMC); Royal College of Nursing (RCN); British Association of Medical Aesthetics Nurses (BAMAN),Aesthetic Nursing; Care Management; General / Adult Nursing; Healthcare in the Community; Non-Medical Prescribing; Nursing; Wound Care & Tissue Viability,,Warrington and Halton NHS Trust,info@exp-w.com,+44 (0)161 218 0223,https://www.mccollumconsultants.com/expert-witness/sonia-griffin/,Aesthetic Nursing; General Adult Nursing; Wound Care & Tissue Viability,ew-aesthetic-nursing; ew-general-adult-nursing; ew-wound-care-and-tissue-viability
Ms Natalie Sutton,"MSc (Advanced Clinical Practice), BSc Nursing Practice (Hons), PGCert Ed.","Natalie accepts instructions from both Claimant and Defendant legal teams, as well as insurers and insurance companies, in clinical negligence and personal injury matters. Drawing on her experience as a Registered General Nurse, Advanced Clinical Practitioner and senior nursing leader, she is able to provide independent opinion on matters concerning general and adult nursing practice, care management, physical healthcare within mental health services, clinical risk and governance, and the management of patients with complex physical health needs. Her expertise encompasses standards of nursing care, clinical assessment and management, care planning, chronic disease management, medication and insulin safety, nutrition and choking risks, pressure ulcer prevention, end-of-life and palliative care, and the recognition and escalation of deteriorating patients. Her extensive involvement in incident review, root cause analysis, complaints and serious incident investigations also informs her consideration of breach of duty and causation where these fall within her nursing and advanced clinical practice expertise. She can additionally address condition and prognosis, treatment, complications and future care where appropriate to her professional remit. Natalie understands that her overriding duty as an expert is to the Court. Her opinions are provided independently, impartially and objectively, on an evidence-based basis, irrespective of the party instructing her.","Natalie qualified as a Registered General Nurse in 2008, following which she enhanced her Diploma qualification to a BSc (Hons) within Nursing Practice in 2014, both of which were studied at the University of Manchester. Natalie worked in general medicine and complex care as a staff nurse, promoted to sister and then acting ward manager at the University hospital of South Manchester between 2008-2013. From here on, Natalie worked as a sister in specialist hematology and transplant within Central Manchester Foundation Trust from 2013-2016. Natalie moved into a Clinical Skills role at 5 Boroughs Partnership in 2016 and in 2017 Natalie obtained a Post Graduate Certificate in Medical Education from the University of Dundee to support her role. Later Natalie was seconded to Clinical Skills Co-Ordinator within the same orgnaisation following its acquisition of services to become North West Boroughs Partnership in 2018, and in 2019 Natalie completed a Level 7 Clinical Examination Skills module. Natalie was then promoted to Operational Manager of community nursing teams in the same year. Natalie then took a 12-month career break in 2020, working in New South Wales and the Sydney Local Health District as a registered nurse at a local hospital and a school nurse for a local private high school. On return to the UK and North West Boroughs Natalie took a secondment to a Quality Matron role in 2021 within the inpatient mental health service line of Mersey Care having acquired North West Boroughs. From here Natalie was successful in obtaining a permanent position as Modern Matron – Physical Health in 2021 for the inpatient mental health care division within the organization, where she now works. Since employment within this role Natalie has completed an MSc in Advanced Clinical Practice and an Apprenticeship in Advanced Clinical practice and obtained her Non-Medical Prescribing qualification, finishing in 2024 from the University of Liverpool, supporting her role within nursing management, clinical leadership, research and education along with offering robust clinical practice.","Natalie has developed a strong professional interest in leadership and management within nursing and multidisciplinary teams. Recognised as an insightful and supportive leader, Natalie demonstrates a deep understanding of service and team needs, consistently providing tailored support to enhance performance and care delivery. With a particular passion for training and education, Natalie is actively involved in the development of both staff and patients, especially in the areas of physical health management and chronic disease care. Acting as a subject matter expert in physical health within mental health settings, Natalie plays a key role in the care management of service users with complex needs. Natalie has a strong interest in incident management, staff support, and change management processes, contributing to continuous improvement and a culture of learning and to support this Natalie has worked in the development of medicolegal cases through private means, recently completing a medicolegal assistant and PA skills course to better understand the processed involved. A significant area of Natalie's practice has been the advancement of physical health care within mental health services—an area historically under-recognised. Their efforts to raise awareness, improve standards, and advocate for integrated care have been both professionally rewarding and instrumental in enhancing patient outcomes. This work has also deepened Natalie's understanding of the mental health needs of individuals with severe physical health conditions, enriching their holistic approach to care.","Natalie is an experienced senior nurse responsible for teams directly and for wider Physical health management across 26 wards within the organisation in which she works. Natalie has a strong background in clinical governance, incident management, and workforce leadership though her current and previous roles. Up to and including Natalies role as an 8a Natalie has led on complaint resolution from ward-level concerns to board-level investigations, ensuring timely, compassionate, and effective responses that drive service improvement. A subject matter expert in physical health within mental health services, Natalie reviews All related incidents across the division, conducts root cause analyses, and contributes to patient safety panels. Their expertise is frequently sought for formal reviews following serious incidents and patient deaths, supporting a just and learning culture. Natalie is actively involved in multiple clinical governance groups, including those focused on nutrition, choking, care planning, NICE guidance, end-of-life care, pressure ulcer prevention, insulin safety, and electronic prescribing. They also contribute to weekly medication safety reviews and support the development of action plans for continuous improvement. In addition to clinical leadership, Natalie has extensive experience in recruitment, sickness and absence management, staff appraisals, and workforce planning. Natalie has successfully led skill mix reviews and workforce assessments to ensure safe and effective staffing across services.",,,"Throughout Natalies career, from Band 6 to Modern Matron, Natalie has led training initiatives across inpatient and community settings, supporting staff in clinical skills, physical health management, and mandatory training compliance. Natalie designed and delivered tailored education programmes, including ward-based sessions and monthly inductions for over 50 new starters, enhancing physical health awareness in mental health services building on her skills within training and utilising her post graduate certificate in medical education. In 2016 as the Clinical Skills Trainer and Care Certificate Lead, Natalie developed and implemented trust-wide training strategies, created job plans, and led needs assessments to improve staff retention and performance. They also played a key role in the rollout of NEWS2 and sepsis training, and later led the implementation of electronic NEWS2 monitoring across inpatient mental health wards. Natalie remains current and continues to drive best practice through participation in task and finish groups, supporting the integration of NICE guidance, end-of-life care, insulin safety, and electronic prescribing into clinical practice.",,Royal College of Nursing; Nursing and Midwifery Council; University of Manchester Alumni; University of Liverpool Alumni; Nursing Practice Membership; Manchester Institute for Collaborative Research on Aging,Advanced Nurse Practitioners; Care Management; Clinical Risk; End of Life Care; General / Adult Nursing; Governance; Nursing; Palliative Care / End of Life Nursing,https://www.mccollumconsultants.com/wp-content/uploads/2025/06/Natalie_Sutton_CG.jpg,University Hospital of South Manchester; Central Manchester Foundation Trust; North West Boroughs Partnership; Mersey Care,info@exp-w.com,+44 (0)161 218 0223,https://www.mccollumconsultants.com/expert-witness/natalie-sutton/,Advanced Nurse Practitioners; General Adult Nursing; Palliative Care & End of Life Nursing,ew-advanced-nurse-practitioners; ew-general-adult-nursing; ew-palliative-care-end-of-life-nursing
Ms Janette Cooper,RGN; BSc (Hons); Consultant Primary Healthcare Nurse,"Janette Cooper can provide expert opinion on standards of nursing and primary healthcare practice, including duty of care, clinical decision-making, patient safety, record keeping and clinical governance. She can also comment on Advanced Nursing Practice, urgent and unscheduled care, and professional conduct.","Janette Cooper is a seasoned Senior Healthcare Leader with over 34 years of clinical experience in Primary Healthcare, spanning the NHS and Military Medical Services. From delivering frontline care as an Advanced Nurse Practitioner to holding strategic command roles—including former Commander in Queen Alexandra's Royal Naval Nursing Service Jannette has led at every level. Ms Cooper's medico-legal and regulatory expertise includes managing complex clinical negligence and professional misconduct investigations, providing expert witness testimony in high-profile military cases, and advising on patient safety, complaints, and regulatory compliance across multidisciplinary teams. As the Royal Navy's Lead Medico-Legal Adviser, Ms Cooper represented the Service in judicial and regulatory forums, authored key clinical and legal policies, and shaped healthcare governance across Defence Medical Services. Their leadership is defined by core professional values: patient safety, integrity, informed discipline, respect, accountability, and an unwavering commitment to care excellence.","Ms Cooper is a deep specialist regarding Military and NHS primary healthcare delivery and operations. Ms Coopers is a role model and advocate of training and development of Primary Healthcare staff, and in particular nurses working towards Advanced Practice roles. She was the lead author of DPHC Nurse Training Development and Competency framework (Band 2 Health Care Assistants through to Band 8c Consultant Nurse); and latterly the Professional Profiles (Knowledge, Skills, Competencies and Behaviours) for all DPHC Nurses and AHPs. With a deep interest in primary prevention of incidents and errors that may compromise patient safety, duty of care and duty of candour, she has a forensic eye for lessons identification, and required strategic organisational learning from such. Ms Cooper is also passionate about Clinical Policy and Guidance and the development or summarisation of same to ensure best functionality for organisational users at all levels.","Ms Cooper is currently working a 80:20 split roles in Senior Healthcare Leadership: Advanced Nurse Practitioner. The former is with Defence Primary Healthcare Headquarters (Military equivalent to NHS Integrated Care Board), undertaking some consultancy work for the gapped Civilian Chief Nurse (Band 8c) priority projects: the latter is self-employed contract under an NHS Out of Hours GP service provider to retain clinical competency and credibility. Other senior leadership role responsibilities Ms Cooper has previously held, have included: Surgeon General's Defence Specialist Advisor in Primary Healthcare (NHS Analogie Band 8c equivalence); Head Royal Navy Medical Services (RNMS) Specialist Nurse Advisor in Primary Healthcare; RNMS Lead for Medical Complaints and Medico-Legal at Navy Command Headquarters (NCHQ); Lead for Medical Records Disclosure for RNMS at NCHQ; Lead for Command and Plans at Headquarters Defence Primary Healthcare (HQ DPHC); Lead for Clinical Governance and Patient Safety for RNMS at NCHQ and DPHC South Regional HQ; Healthcare Assurance and Validation Inspection Team Lead in Primary and Pre-Hospital Care (CQC standards) for RNMS at NCHQ and HQ DPHC; Lead NHS Policy and Regulatory Frameworks (NMC, HCPC, GPhC and NHS Resolutions Maintaining High Professional Standards) for RNMS at NCHQ and DPHC South Regional HQ; Lead Clinician Performance Review Panels (Health, Welfare, Competence and Discipline), Performance Management & Regulatory Professional Conduct referrals/liaison/engagement (NMC, GPhC, HCPC) for RNMS at NCHQ, DPHC South Regional HQ and the Surgeon Generals Department; Lead for Strategic Workforce Requirements and Change Management Processes HQ DPHC; Clinical practice as Advanced Nurse Practitioner in Defence and NHS Primary Care/Urgent and Unscheduled Integrated Care and in remote operational, under-resourced and undermanned environments (NHS/Analogue Band 8a); Nurse Independent Prescriber/Non-Medical Prescribing; Ltd Company Director and Professional Consultancy Portfolio.",,,"Ms Cooper has led teaching and training in military and healthcare settings, focusing on pre-hospital emergency care, prolonged field care, and simulation-based scenario training. Her work supports clinical readiness and autonomous practice in high-pressure environments. Ms Cooper holds qualifications in coaching, mentoring, and clinical education, and has delivered training across UK and overseas deployments. Ms Coopers leadership in professional development has shaped safe, effective practice within multidisciplinary teams in both operational and regulatory contexts.","Honorary Queen's Nurse title by the Queen's Nursing Institute (QNI) (Queens Institute of Community Nursing) for Services to Primary Care - 2016. Endeavour Prize from the Centre for Defence Studies, for professional achievement on the Intermediate Command and Staff Course. Military Medals for Long Service and Good Conduct and Operation Herrick (with clasps and rosette).","Nursing and Midwifery Council since (1987- to date); Royal College of Nursing since (1987 – to date); Honorary Queen's Nurse - Queen's Nursing Institute (QNI) for Services to Primary Care (2016–Present); Queen Alexandra's Royal Naval Nursing Service Commissioner Officer – Commander (Nov 2003 - Nov 2023); Queen's Nurse Executive Nurse Leadership Programme, QNI (2019 Alumni); Armed Forces Veteran – Royal Navy",Advanced Nurse Practitioners; Aesthetic Medicine; Care Management; Clinical Risk; Community & Primary Care Nursing; Consultant Nurse; Emergency & Urgent Care Nursing; Governance; Health Screening; Military Medicine; Nursing; Primary Medical Care; Urgent Integrated Care,https://www.mccollumconsultants.com/wp-content/uploads/2026/02/J-CooperIMG_CGrey.jpg,,info@exp-w.com,+44 (0)161 218 0223,https://www.mccollumconsultants.com/expert-witness/janette-cooper/,Advanced Nurse Practitioners; Community & Primary Care Nursing; Emergency Nursing,ew-advanced-nurse-practitioners; ew-community-and-primary-care-nursing; ew-emergency-and-urgent-care-nursing
Ms Chiamaka Igbokwe,"Clinical Practitioner (Advanced); MSc (Infection Control), MSc (Advance practice), BSc (Nursing & Healthcare)",Ms Igbokwe is happy to be instructed by both Claimant and Defendant law firms in personal injury and clinical negligence actions.,"Ms. Igbokwe is currently an Advanced Clinical Practitioner in advanced vascular care and general nursing. She began her career after graduating from the School of Nursing Umulogho in Nigeria in 2006 and later pursued further education in Nursing and Healthcare at Buckinghamshire New University, High Wycombe. Ms. Igbokwe went on to earn a Master of Science in Infection Control in 2018, followed by a Master's in advanced clinical Practice in 2022. Her Masters degrees have equipped her with advanced clinical skills and a deep understanding of evidence-based practice. She is also currently doing her PGCert in education. Her career has spanned a variety of roles, including Healthcare Assistant at Buckinghamshire Healthcare NHS Trust, Supervised Practice Nurse/Senior Care Assistant at Park Lodge Nursing Home, and Staff Nurse within the Vascular and Head and Neck Units at Manchester University NHS Foundation Trust. Ms. Igbokwe has also held positions, such as Ward Sister in the Vascular Unit and Trainee Advanced Clinical Practitioner, before transitioning into her current role as a vascular Advanced Clinical Practitioner responsible for large case load of patients.","Ms Igbokwe's clinical interests lie within vascular care and education, wound management amongst other aspects of nursing.",Ms Igbokwe has vast experiences of managing and monitoring patients within her day-to-day job. She is currently the lead Vascular Nursing Educator and works to maintain effective working relationships with multidisciplinary teams. She also manages the Vascular Specialist nurses at Manchester university NHS Foundation Trust.,"My research interest centres on enhancing wound care management and promoting the education of nurses and healthcare workers. My goal is to create protocols based on solid research that improve patient outcomes. Additionally, I want to investigate new ways of teaching to ensure healthcare professionals stay informed and skilled in the latest advancements. Through the assessment of the efficacy of different wound care treatments and teaching approaches, my goal is to narrow the divide between research and clinical use.",,"I am currently doing my PGCert in education. As a vascular advanced clinical practitioner, I oversee a team of specialist nurses, coordinate patient care, and promote education in vascular nursing. This includes holding training sessions and seminars to ensure that nurses and healthcare professionals are up to date with the latest research and best practices. By engaging in mentoring and delivering spoken instruction, I am able to effectively incorporate evidence-based approaches into my teaching. The integration of practical care and instruction cultivates a culture of ongoing education and enhancement among the team.",Manchester University NHS Foundation Trust Employee of the month July 2024,Member of Nursing and Midwifery Council Nigeria; Member of the Society of Vascular Nursing; Member committee Society of vascular Nurses 2024; Member of Nursing and Midwifery Council United Kingdom; Member Royal College of Nursing United Kingdom,Advanced Nurse Practitioners; Care Management; Infection Prevention & Control; Nursing; Vascular Nursing; Wound Care & Tissue Viability,https://www.mccollumconsultants.com/wp-content/uploads/2025/01/Chiamaka_Igbokwe_002-CG.jpg,Manchester University NHS Foundation Trust,info@exp-w.com,+44 (0)161 218 0223,https://www.mccollumconsultants.com/expert-witness/chiamaka-igbokwe/,Advanced Nurse Practitioners; Infection Prevention & Control; Wound Care & Tissue Viability,ew-advanced-nurse-practitioners; ew-infection-prevention-and-control; ew-wound-care-and-tissue-viability
Mr Richard Catlin,"BSc (Hons), PGDip; Infection Prevention Specialist Nurse",Mr Catlin is happy to be instructed by both Claimant and Defendant law firms in personal injury and clinical negligence actions.,"Mr Catlin qualified as a Registered General Nurse in 2000 with a Diploma in Professional Studies of Nursing achieving a BSc in Professional Studies of Nursing in 2007 both from the University of Manchester and a Postgraduate Diploma, Practice Development (Health Protection) in 2014 from Manchester Metropolitan University. Mr Catlin worked in general surgery and then critical care at Manchester Royal Infirmary (MRI) between 2000 and 2003 before joining the Trust Infection Prevention and Control (IPC) service covering MRI, St. Mary's Hospital and the Manchester Royal Eye Hospital. Mr Catlin left this post to establish an IPC service for St Ann's Hospice in Greater Manchester covering three sites; as part of this post, he established both a Greater Manchester and then national IPC network for hospices and palliative care providers supported by Hospice UK. Mr Catlin joined Aintree University Hospital in 2009 as IPC Matron providing specialist IPC advice before moving to Bolton Foundation Trust in 2014 first as Assistant Director of Infection Prevention and Control (ADIPC) then as Deputy Director of Infection Prevention and Control (DDIPC). As part of these roles, Mr Catlin is the strategic lead for the delivery of IPC services for the acute trust and community services in Bolton. He is chair of the Trust Water Safety Group and Ventilation Safety Group. In 2021 Mr Catlin also accepted a second role at Bolton FT as Divisional Nurse Director for initially Diagnostics and Support Services Division (covering General Outpatients, Pre-Operative Assessment, Imaging [x-ray, CT scan, MR imaging, ultrasound, breast screening and medical illustration], Laboratory Medicine (including mortuary services), Pharmacy Services and has established a nurse led intravenous line insertion service. In 2025 Mr Catlin also became responsible for Acute Paediatric services and Gynaecology services.","Mr Catlin was key to the operational management of the COVID-19 pandemic for Bolton FT as well as the wider Bolton locality as part of Health Protection Board. He retains a passion for outbreak planning and management working closely with Emergency Preparedness, Resilience, and Response – especially in relation to planning, training and managing suspected and confirmed High-Consequence Infectious Diseases and emerging diseases. As chair of the Water Safety Group and Ventilation Safety Group, Mr Catlin is experienced in infection prevention as part of the built environment.","Mr Catlin has extensive experience of managing clinical services since 2014 as the IPC matron and subsequent roles and is now professionally responsible for over 700 nurses, midwives, healthcare scientists, allied health professionals and pharmacists.",,,"Mr Catlin has extensive teaching and training experience. He has taught on undergraduate and postgraduate courses for the University of Manchester, Manchester Metropolitan University and Edgehill University up to Masters level. In addition to general IPC topics, he has delivered sessions on surgical site infection, prevention and management for theatre practitioners. He has taught and delivered sessions at conferences across the UK.",,Royal College of Nursing (RCN); Infection Prevention Society (IPS),Clinical Governance & Patient Safety; Community & Primary Care Nursing; Infection Control; Infection Prevention & Control; Medical Assessment; Nursing; Outbreak Management; Outbreaks; Palliative Care / End of Life Nursing; Ventilation,,Manchester Royal Infirmary; St. Mary's Hospital; Manchester Royal Eye Hospital; St Ann's Hospice; Aintree University Hospital; Bolton Foundation Trust,info@exp-w.com,+44 (0)161 218 0223,https://www.mccollumconsultants.com/expert-witness/richard-catlin/,Clinical Governance & Patient Safety; Community & Primary Care Nursing; Infection Prevention & Control; Palliative Care & End of Life Nursing,ew-clinical-governance-and-patient-safety; ew-community-and-primary-care-nursing; ew-infection-prevention-and-control; ew-palliative-care-end-of-life-nursing
Ms Lynn Jackson,"BA (Hons), CMgr",Ms Jackson is happy to be instructed by both Claimant and Defendant law firms in personal injury and clinical negligence actions.,"Ms Jackson graduated from Manchester Metropolitan University in 2019 with a First Class BA(Hons) in Business Management Professional (Executive) in Health and Social Care). She also gained a Chartered Manager Qualification in 2019 from the Chartered Management Institute. At present, Ms Jackson is a Governance Lead in the Acute Adult Care Division at a large NHS Foundation Trust. Within this role, she is responsible for all aspects of divisional governance management including divisional risk management, governance arrangements, patient safety, complaints, and the broader aspect of governance including health and safety and information governance. She also provides division wide support and guidance to clinicians and managers in all aspects of governance. Ms Jackson has developed an extensive skill set from her previous experiences as a Support Worker, Behaviour Therapist, A Multi Agency Training Officer and Quality Assurance Officer, whereby she has worked with numerous stakeholders and patients, providing support, undertaking assessments, delivering and designing safeguarding training, and working with agencies to ensure robust safeguarding arrangements are in place.",,"Ms Jackson has extensive management experience within her current role and previous roles as Head of Governance at the Wirral University Teaching Hospital where she was responsible for five direct reports covering governance portfolio; Risk and Assurance Team (responsible for incidents, National Patient Safety Alerts and risks across the Trust), Clinical Effectiveness (responsible for oversight of NICE, Audits, Confidential Enquiries, GIRFT), Complaints, Health and Safety and Legal Team (responsible for clinical / non clinical claims and Coroner's Inquests). Ms Jackson also had oversight and sign off of patient safety investigations. Throughout her role as Quality and Patient Experience Lead at the Tameside and Glossop Clinical Commissioning Group, Ms Jackson provided expert advice on quality, patient safety and governance within a commissioning portfolio. She also had oversight of quality (patient safety, experience and clinical effectiveness) throughout the commissioning cycle, from initial procurement of a new service, to embedding quality into the contracting process and ongoing monitoring arrangements. Commissioned providers included, Acute, Community and Mental Health Services, Primary Care, NWAS, NHS 11, Nursing Homes, range of smaller value contracts such as drug and alcohol services and Local Authority Care and Domiciliary Services.",,,"Previously, between April 2018 and December 2020, Ms Jackson was an Associate Lecturer at the Manchester Metropolitan University. Within this role, she develop and delivered academic and theory based lectures for the Health and Social Care Executive Management Apprenticeship degree.",,,Care Management; Clinical Governance & Patient Safety; Clinical Risk; Compliance; Management of Acute Illness; Risk Management; Safeguarding,https://www.mccollumconsultants.com/wp-content/uploads/2025/02/Lynn_Jackson_001_CG.jpg,Large NHS Foundation Trust (North West); Wirral University Teaching Hospital; Tameside and Glossop Clinical Commissioning Group,info@exp-w.com,+44 (0)161 218 0223,https://www.mccollumconsultants.com/expert-witness/lynn-jackson/,Clinical Governance & Patient Safety,ew-clinical-governance-and-patient-safety
Ms Michaela Toms,"Divisional Nursing Director, RGN, BSc (Hons), PDip, MSc",Ms Toms is happy to be instructed by both Claimant and Defendant law firms.,"Ms Toms has an extensive 30-year career in healthcare, working in acute and community services across the North of England. Currently, she serves as Divisional Nursing Director at Bolton NHS Foundation Trust. In her distinguished career, Ms Toms has held several key positions, including Head of Nursing and Professional Lead in Extensive Care. In the latter role, she implemented a clinical blueprint for a new vanguard model of care, enhancing patient outcomes and streamlining service delivery. She also supported the development of new clinical roles to meet the evolving needs of patients and the healthcare system. As Divisional Nursing Director, Ms Toms leads and oversees the development of high-quality services across the Integrated Care Division, encompassing both hospital and community services. Her leadership is marked by a commitment to excellence in patient care, fostering innovation, and ensuring the highest standards in service delivery. Under her guidance, the Integrated Care Division strives to provide seamless and efficient healthcare, meeting the diverse needs of the community.","Ms Toms is particularly interested in harm free care, pressure ulcer prevention, patient safety, falls prevention, clinical risk assessment, community nursing, admission prevention, residential care, nursing care, quality care, continuing health care (CHC), patient safety, integrated working, safeguarding, intermediate care, and non-medical prescribing.","Ms Toms has a robust background in management and leadership, supported by extensive training and advanced qualifications: Postgraduate Diploma in Management Studies: Provided her with a strong foundation in management principles, strategic planning, financial management, and organisational behaviour, essential for leading healthcare teams effectively. Queen's Nurse Executive Director of Nursing Programme: Enhanced her leadership capabilities, strategic decision-making skills, and ability to drive organisational change, while connecting her with a network of peers and mentors. NHS Leadership Academy Executive Directors Training Scheme: Focused on advanced leadership topics, including system leadership, innovation, and transformational change, helping her navigate the complexities of the NHS. Level 7 Coaching and Mentoring Course: Developed high-level coaching and mentoring skills, which she uses to foster continuous learning and professional growth among her team. These qualifications reflect Ms Toms commitment to excellence and continuous improvement, enabling her to lead with confidence and vision in the healthcare sector.",,"2013: Community matrons' views of readmission, Nursing Times 109(19):24-6",,Queens Nurse,Royal College of Nursing (RCN),Care Management; Clinical Governance & Patient Safety; Clinical Risk; Community & Primary Care Nursing; Falls; Healthcare in the Community; Nursing; Safeguarding,https://www.mccollumconsultants.com/wp-content/uploads/2024/06/Michaela_Toms_CG.jpg,Bolton NHS Foundation Trust; North of England,info@exp-w.com,+44 (0)161 218 0223,https://www.mccollumconsultants.com/expert-witness/michaela-toms/,Clinical Governance & Patient Safety; Community & Primary Care Nursing,ew-clinical-governance-and-patient-safety; ew-community-and-primary-care-nursing
Ms Angela Clough,"Registered General Nurse & Tissue Viability Nurse, MSc, BN (Hons)",Ms Clough is happy to be instructed by both Claimant and Defendant law firms in personal injury and clinical negligence actions.,"Ms Clough qualified as a Registered General Nurse in 1998 and graduated with a Bachelor of Nursing (BN) Honours degree from The University of Liverpool in 1999. Ms Clough has a Specialist Practitioner Qualification in District Nursing and is a Registered Nurse Prescriber (V300). In 2015, Ms Clough completed her MSc in Skin Integrity Skills and Treatment at The University of Hertfordshire. Ms Clough started her nursing career working in Vascular Surgery, developing skills in surgical nursing, vascular conditions and improving her awareness of leg ulceration and the impact of circulation on skin integrity while consolidating her skills in fundamental nursing care. She then moved into the community, taking on the role of District Nurse, progressing to Team Leader. During this time, she developed further skills in wound prevention and management as well as refining skills in prioritisation, leadership and education. In 2004, Ms Clough was appointed into her 1st Tissue Viability Nurse role across a large multi-hospital site NHS Organisation. As the Tissue Viability Nurse within a large hospital Trust, Ms Clough developed pathways for improvement in pressure ulcer prevention and management and general wound management. Throughout this time, Ms Clough was the Trust Tissue Viability expert to support all inquests that required the clinical expertise oversight and was the author of the Trust Wound Care Guidelines, Negative Pressure Wound Therapy Guidelines and Larval Therapy Guidelines and coordinated large programmes of education and training across the organisation. In 2016, Ms Clough moved to become the lead nurse over an integrated hospital and community tissue viability service. Here she led on the strategic and operational aspects of tissue viability and the service, as well as the clinical lead. All relevant documents, including Policies, Guidelines and Standard Operating Procedures were authored by her. All hands on clinical training and education was coordinated and delivered by Ms Clough. Ms Clough has taken an active role in supporting national work including the National Pressure Ulcer Recommendations through the National Wound Care Strategy. In her current role, Ms Clough directly, oversees all aspects of quality of care in relation to pressure ulcers, wound care, falls, complex patients, enhanced care providing direct clinical expertise for the most vulnerable patients, including dementia and safeguarding.","Ms Clough is passionate about quality care, pressure ulcer prevention and appropriate and safe wound management across both the hospital and community settings.","Ms Clough is currently responsible for several services supporting our most vulnerable patients, including tissue viability, falls, enhanced care, dementia and safeguarding. Prior to this role, she worked for 18 months as an Assistant Director of Nursing within the community division, with responsibility for nursing and therapy services across the division to ensure safe and appropriate care was provided for our patients.",,,"Ms Clough has provided education relating to all aspects of tissue viability for over 20 years across many settings and has presented at national and local conferences. She has been published and supported publication of a number of articles and papers across the speciality, including as a tissue viability expert for NHS Resolution and their publication on clinical negligence claims in Emergency Departments in England, specifically relating to hospital acquired pressure ulcers and falls.",,Royal College of Nursing (RCN); The Nursing and Midwifery Council (NMC),Care Management; Community & Primary Care Nursing; Leg Ulcers; Nursing; Pressure Sores; Risk Management; Wound Care & Tissue Viability; Wound Healing,,,info@exp-w.com,+44 (0)161 218 0223,https://www.mccollumconsultants.com/expert-witness/angela-clough/,Community & Primary Care Nursing; Wound Care & Tissue Viability,ew-community-and-primary-care-nursing; ew-wound-care-and-tissue-viability
Miss Claire Stott,"Registered General Nurse, MSc, BSc, DipHE",Miss Stott is happy to be instructed by both Claimant and Defendant law firms in personal injury and clinical negligence actions.,"Miss Stott qualified as registered nurse in September 2003. Since then, she has gone on to further her career and expertise in the field of Cardiology including opening and managing a sector pacing lab and managing and leading teams in Urgent and Emergency care including A&E. Miss Stott achieved her Bachelor's degree in Clinical Nursing Practice (2012) Later, Miss Stott undertook a Masters in Senior Leadership at Lancaster University (2024). Miss Stott has worked across two hospitals, within Greater Manchester in both the acute and community setting. Miss Stott has also managed for several years areas in the Urgent and Emergency care footprint inclusive of the Emergency Department, SDEC (same day emergency care) and Acute Medical Units. She has worked as a Lead Nurse and further obtained promotion to Assistant Director of Nursing and Director of Nursing. Miss Stott currently holds the post of Divisional Director of Nursing in the North West of England – Adult Community Division Jan 2025 – present and previously Division of Medicine March 2023-Jan 2025).","Miss Stott's professional interests lie in the delivery and management of integrated community and urgent care services. In her current role, she oversees a range of services within the Community Urgent and Emergency Care Directorate, including the Urgent Care Response Team, an Intermediate Care Facility, the Discharge Team, District Nursing, and a Community Diagnostic Centre. Her focus is on improving patient flow, supporting safe and timely discharge, and ensuring high-quality, patient-centred care across community settings.","Miss Stott has undertaken many leadership roles. She is currently the Divisional Nurse Director, Adult Community Services, where she is responsible for the quality and safety across the division. She is also responsible for the delivery of nursing care. Throughout her career, Miss Stott has managed and supported many services, including in patient and community teams including patient flow teams. Miss Stott has supported areas to achieve a high level of nursing accreditation awards and CQC success. Miss Stott has also supported teams to obtain a HSJ Award for service transformation.",Many modules within the MSC in Leadership including review and research of the impacts of Covid-19 on the health service.,"Miss Stott has authored serious incident investigation reports and contributed to Divisional Assurance reports addressing quality, clinical effectiveness, finance, and performance. In addition, she has produced formal reports and chaired HR hearing panels.",Miss Stott has undertaken a number of formal and informal teaching sessions related to quality improvement work which was delivered both internally and on a GM level. Miss Stott held an ALS instructor status for over 5 years.,Bolton NHS Leadership award (2019); Chartered Management Institute Distinction,Nursing and Midwifery council (NMC); Royal college of Nursing (RCN),Care Management; Clinical Risk; Community & Primary Care Nursing; Emergency & Urgent Care Nursing; Emergency Care; General / Adult Nursing; Nursing; Urgent Care; Wound Care & Tissue Viability,https://www.mccollumconsultants.com/wp-content/uploads/2025/10/Claire-Stott-Photo-CG.jpg,Greater Manchester; North West of England,info@exp-w.com,+44 (0)161 218 0223,https://www.mccollumconsultants.com/expert-witness/claire-stott/,Community & Primary Care Nursing; Emergency Nursing; General Adult Nursing; Wound Care & Tissue Viability,ew-community-and-primary-care-nursing; ew-emergency-and-urgent-care-nursing; ew-general-adult-nursing; ew-wound-care-and-tissue-viability
Ms Rebecca Alihemate,"RGN, BSc (Hons), MSc, CMgR","Rebecca has had training in advanced report and statement writing. She has led on internal investigations, producing reports and presenting them internally and also at Coroners court on many occasions. Rebecca is happy to accept instructions from both the Claimant and the Defence.","Since qualifying as a Registered General Nurse in 2002, Rebecca has worked at a large NHS Foundation Trust within the medical division and has a keen interest in respiratory nursing. Predominantly her work has been on the respiratory wards but also in the community as a TB nurse. In recent years Rebecca has focused on improving care for the acutely unwell patients by implementing hands on clinical training striving to improve nursing standards and patient outcomes for all patients across the respiratory wards, acute care and complex elderly care wards. During her 23 years as a Registered General Nurse, Rebecca has had experience in change management projects and improvements through 'Lean' processes and QI engagement. Rebecca led and managed the respiratory team through COVID, implementing care under quickly evolving circumstances. Rebecca developed a pleural service which has led to improved patient experience and outcomes whilst meeting / maintaining National standards.",Rebecca's current role is that of matron within the Medical directorate. Rebecca's main interest is that of respiratory care but has a solid nursing base of 23 years' experience. Rebecca has extended her clinical practice and has completed her Non-medical prescribing (V300) – she is registered with the NMC as a nurse prescriber. Alongside this she has also completed her clinical observations course.,"Rebecca has obtained a Master's degree in Management and Leadership from the University of Lancaster alongside an apprenticeship and is now registered with the Chartered Managers Register. Rebecca role is to provide leadership through role modelling for nurses, AHPs and other professionals in the Acute Adult Care Division. Rebecca displays a clear visible leadership style built on compassion and accountability.",,,"Rebecca has always had an interest in the development of staff; developing new staff and enhancing the knowledge of existing staff to maintain standards. Rebecca has close relationships with the University of Greater Manchester and has been a clinical support in the recruitment of nursing students. She has been part of the University's NMC validation, ensuring the university and its students maintain the standards required for the delivery of quality care. Rebecca implemented a new way of teaching of nursing students through coaching and was recognised by receiving the award from North West Learning in Practice. This project was successful and was nominated at the Nursing Times awards – receiving high recognition from the panel. In recent years Rebecca has developed a rolling competency programme for the respiratory team, teaching and empowering nurses to provide a high level of clinical care. Rebecca has developed training packages which have been validated by the University of Salford.",,,Care Management; Chronic obstructive pulmonary disease (COPD); Community & Primary Care Nursing; COVID-19; Non-Medical Prescribing; Nursing; Respiratory Nursing; Wound Care & Tissue Viability,,,info@exp-w.com,+44 (0)161 218 0223,https://www.mccollumconsultants.com/expert-witness/rebecca-alihemate/,Community & Primary Care Nursing; Respiratory Nursing; Wound Care & Tissue Viability,ew-community-and-primary-care-nursing; ew-respiratory-nursing; ew-wound-care-and-tissue-viability
Ms Rachel Watson,"RN Child, SCPHN, BSc (Hons)",Ms Watson is happy to be instructed by both Claimant and Defendant law firms in personal injury and clinical negligence actions.,"Ms Watson qualified as a Registered Children's Nurse in 1996, and she has worked in both the Hospital and Community settings. In 2018, she completed the Assessing the ill/injured child course at Coventry University. In 2022, Ms Watson graduated from Birmingham City University with a BSc (Hons) Nurse Specialist Public Health Nursing (Health Visiting) degree and a Community Practitioner Nurse Prescriber Qualification. Ms Watson has worked on a general medical and surgical children's ward as a Staff Nurse and as a Community Children's Nurse, School Health Nurse, and Health Visitor. Ms Watson has worked within various establishments gaining valuable experience within her Nursing roles. She has been involved in delivering the national school based vaccination programme including influenza, HPV, Men ACWY and teenage booster, as an immunisation Nurse and undertaking developmental and health assessments of babies and children, following the Healthy Child Programme as a School Health Nurse and a Health Visitor. She specialises in carrying a caseload of babies and children with significant safeguarding concerns, in her current position as a Strengthening Families Health Visitor and working in partnership with children and families, the multidisciplinary team, Social Care and Education Staff.","Ms Watson is passionate about safeguarding and working with the most complex of families in both the Community and Hospital setting and has gained clinical skills from her role as a Staff Nurse and a Community Children's Nurse, in particular with administering medication and nursing procedures. She is competent in Oxygen therapy, Nasogastric and Gastrostomy tube, central venous line and tracheostomy care, suctioning, catheterisation, end of life care, aseptic techniques, wound care, and medicine administration. She is competent in writing Child Protection and court reports and has an extensive knowledge of Children's medical conditions and child development.","Ms Watson has mentored and assessed Children's Nurses and been their Preceptor, throughout her career, passing on her knowledge and skills. She presently carries out caseload supervision with Public Health Nurses and Health Visitors.",,,"Ms Watson is a mentor and assessor and supervises and manages staff in her present role. As a School Health Nurse, she ran awareness sessions for education staff on anaphylaxis and EpiPens, epilepsy and asthma and has trained and supported parents and carers with their child's nursing needs.",,Royal College of Nursing,Clinical Risk; Community & Primary Care Nursing; Governance; Healthcare in the Community; Nursing; Paediatric Nursing; Safeguarding,,,info@exp-w.com,+44 (0)161 218 0223,https://www.mccollumconsultants.com/expert-witness/rachel-watson/,Community & Primary Care Nursing; Paediatric Nursing,ew-community-and-primary-care-nursing; ew-paediatric-nursing
Mr David Harling BEM,"RNLD, RMN, BA(Hons), BMed(Sci), MSc, PG Dip, NMP; Registered Learning Disability & Mental Health Nurse",David is happy to be instructed by both Claimant and Defendant.,"Mr Harling qualified in 1993 as a Registered Learning Disability Nurse and in 1998 as a Registered Mental Health Nurse. In 1996 he won the RCN national learning disability nurse of the year for work related to grief and loss and in 1997 he won the Nursing Times highly acclaimed award for the same work. He has worked in both inpatient and community services having served a staff nurse, charge nurse, clinical nurse specialist and service manager. In 2002 he was one of the firstly appointed Consultant Nurses and went on to serve as the SHA regional pathway lead for the Darzi Health ambitions national programme. Prior to taking up a national role he served as clinical director for community, inpatient and forensic mental health services. In 2013 he was commissioned by the Chief Nursing Officer for England to lead a high-profile review of an individual subject to nine years in long term segregation. Thereafter he was commissioned by the joint ministerial programme board to lead reviews of all the ex-residents of Winterbourne View. He subsequently served as expert advisor to the post incident response board following the scandal at Whorlton Hall. As a result of leading these programmes he designed the original format for the national Care and Treatment Reviews and led on the development of a national patient safety tool in mental health. In 2015 he was appointed to a new national regulatory role for learning disability and mental health in the newly formed NHS Improvement and he led the design, delivery and oversight of the national Learning Disability Improvement Standards for the NHS. During the same period, he served as the subject matter expert in a number of high-profile deaths. He also served as the expert clinician on the independent review into the death of Oliver McGowan and was subsequently commissioned to lead a secondary assurance review in relation to implementation of recommendations arising from the independent review. As part of his role as national patient safety lead for learning disability and autism, he led on the original commission for the LeDeR programme, serving as national advisory board member for the premature deaths of people with a learning disability. He has additional experience as a board member on a number of national boards, including the national Transforming Care delivery board, the National Autism board, the Inpatient Transformation Programme board, the Review of the Mental Capacity Act and the National Health and Care Partners delivery board.","Mr Harling has served in as expert advisor to a range of national policy and strategy developments including work with Department of Health, the Kings Fund, National Offender Management Service, Valuing People Support Team, Royal Colleges of Nursing and Psychiatry, Challenging Behaviour Foundation. Mr Harling is a staunch advocate for the delivery of rights-based care/services, coproduction and codesign, and has clinical expertise in learning disability, mental health, challenging behaviour, autism, health inequalities and forensic mental health. His career long experience has seen him develop expertise in clinical risk management, periodic service review methodology, strategic planning, quality assurance & compliance, investigative reviews, clinical effectiveness, policy development, training & innovation, research & evaluation.","Mr Harling has led a variety of clinical teams and services, including specialist community, inpatient and forensic services. He has served in management positions at a local trust level, a regional strategic health authority level and currently in national capacity having overseen management responsibility for a variety of teams/services over the past twenty years. He has held management responsibility for the development and operational implementation of Learning Disability policy and practice at a national level and held professional responsibility for strategic clinical leadership for Learning Disability within the Nursing Directorate on behalf of the former NHS Improvement and latterly NHS England. Mr Harling has served as the lead for the clinical governance, strategic planning, and non-medical prescribing. He headed clinical management for the Humberside MAPPA board. Throughout his career he held clinical caseload for individuals with complex, high risk and enduring needs and has led as programme facilitator for forensic adapted sex offender treatment programmes.",,,"Mr Harling has served in the capacity of honorary senior clinical lecturer at the University of Hull for 10 years as part of the Consultant Nurse position alongside teaching on both pre and post registration nursing university programmes. In 2009 he was commissioned by the nursing council for Northern Ireland to deliver a series of master classes in managing behavioural distress, service redesign and defining best practice standards. He has presented at multiple conferences and events both nationally and internationally, including the house of commons, the NHS Expo, The RCNi national conferences and the directors of nursing in mental health and learning disability annual events.",Royal College of Nursing Learning Disability Nurse of the year; Nursing Times highly commended award; Florence Nightingale international travel scholarship (United States); NIMHE national positive practice award; Foundation of Nursing Studies national innovation in practice award; British Empire Medal (BEM) for services to people with learning disabilities autistic people and their families,Royal College of Nursing (RCN); The Nursing and Midwifery Council (NMC),Autism; Care Management; Community & Primary Care Nursing; Learning Disability Nursing; Mental Health Nursing; Neurodisability; Nursing; Psychology & Mental Health,https://www.mccollumconsultants.com/wp-content/uploads/2025/04/David_Harling_001-CG.jpg,University of Hull; Humberside MAPPA board,info@exp-w.com,+44 (0)161 218 0223,https://www.mccollumconsultants.com/expert-witness/david-harling/,Community & Primary Care Nursing; Learning Disability Nursing; Mental Health Nursing,ew-community-and-primary-care-nursing; ew-learning-disability-nursing; ew-mental-health-nursing
Ms Dawn Murray,"RGN, BSc (Hons), MSc",Mrs Murray is happy to accept instructions from both the Claimant and the Defence. She has previously provided evidence in several Coroner's Court cases.,"Since qualifying as a Registered General Nurse in 1994, Mrs Murray has worked across Greater Manchester Hospitals, gaining invaluable experience, and implementing programmes to ensure nursing excellence, including implementing the Donor Care Practitioner Programme, ensuring a positive increase in the number of organs for transplantation. She has worked closely with multiple services during her practice and has a vast generic portfolio always striving to improving Nursing standards and patient care. Currently, Mrs Murray is the Divisional Nurse Director at the Bolton Hospital NHS Foundation Trust. She works in collaboration with the Chief Nurse to set the overall direction for nurses, midwives, health care scientists and allied health professionals across the Trust. Mrs Murray also works closely with the Infection Control & Prevention Team. She has significant experience in many change improvements and a strong track record in healthcare management, having led and implemented strategic initiatives to enhance patient care, staff engagement, and operational efficiency across various healthcare divisions. These have been instrumental in restructuring leadership teams, strengthening clinical governance, and improving accountability frameworks. Notable achievements include securing funding for critical projects, developing workforce strategies, and enhancing patient safety through innovative programs. Mrs Murray has helped design, develop and deliver service improvement initiatives across various healthcare settings and successfully led the review and restructure of an Emergency Department's leadership, which received high praise from the Care Quality Commission (CQC).","During her previous role as Head of Nursing for the Division of Heart and Lung, Mrs Murray took a keen interest in heart and lung Ttansplantation as well as cardiothoracic surgery. She also completed her MSc dissertation in the field of palliative care within heart and lung transplantations.","Mrs Murray has obtained a masters degree in leading and managing in healthcare practice. Key role is to provide leadership for nurses, allied health professionals and other professionals in the Acute Adult Care Division. She has engendered a clear visible leadership style built on compassion and accountability.",,,"Mrs Murray wrote and facilitated the Donor Care Practitioner Programme, which a cohort of retrieval nurses successfully completed. She is dedicated to improving the nursing standards within her Trust, and has led on a nursing workforce development on behalf of the Trust.",,Nursing and Midwifery Council (NMC),Care Management; Community & Primary Care Nursing; Critical Care / Intensive Care Nursing; General / Adult Nursing; Infection Prevention & Control; Nursing,https://www.mccollumconsultants.com/wp-content/uploads/2024/06/Dawn_-Murray_CG.jpg,Bolton Hospital NHS Foundation Trust; Greater Manchester,info@exp-w.com,+44 (0)161 218 0223,https://www.mccollumconsultants.com/expert-witness/dawn-murray/,Community & Primary Care Nursing; Critical Care Nursing; General Adult Nursing; Infection Prevention & Control,ew-community-and-primary-care-nursing; ew-critical-care-intensive-care-nursing; ew-general-adult-nursing; ew-infection-prevention-and-control
Ms Clare Lomax,"Registered General Nurse, MSc, BSc, ENB",Ms Lomax is happy to be instructed by both Claimant and Defendant law firms in personal injury and clinical negligence actions.,"Ms Lomax qualified as a Registered General Nurse in 1993. Since then, she has gone on to further her career and expertise in the field by undertaking an Emergency Nurse Practitioner Course (2002) and a Bachelors degree in Clinical Nursing Practice (2003). Later, Ms Lomax undertook a Masters in Senior Leadership at Lancaster University (2022). Ms Lomax has worked for various hospitals, many of which within Greater Manchester. She has gained invaluable experience working in the Emergency Department, setting up Ambulatory Care units, and working on numerous services. She has worked as a Lead Nurse at numerous large NHS Foundation Trusts in the north west. Ms Lomax currently holds the position of Division Nurse Director.","As part of her current position, Ms Lomax works on the current services: Critical Care, General Surgery, Orthopaedics, Head and neck, Urology, Ophthalmology, Breast services, Audiology, and Cancer services. In the last twelve months, as part of her position as Divisional Nurse Director, Ms Lomax has achieved a reduction in category 2 pressure ulcers, and had no category 3/4 pressure ulcers and below trajectory inpatient fall numbers.","Ms Lomax had undertaken many leadership roles. She is currently the Divisional Nurse Director, where she is responsible for the quality and safety across the anaesthetic and surgical services division. She is also responsoble for the delivery of nursing care. Throughout her career, Ms Lomax has managed and supported many services, including community discharge teams and patient flow teams. Ms Lomax had improved nursing KPI's over the last two years.",Completed Dissertation in relation of impact of COVID on a critical care unit in 2020.,Serious incident investigations as part of current role.,Ms Lomax has ran trust wide progammes on improving NEWS compliance. ALS instructor for 10 years.,Chartered Management Institute Distinction,Nursing and Midwifery Council; Royal College of Nursing,Care Management; Clinical Risk; Critical Care / Intensive Care Nursing; Emergency & Urgent Care Nursing; General / Adult Nursing; General Internal Medicine Nursing; Nursing; Urgent Care,https://www.mccollumconsultants.com/wp-content/uploads/2024/06/Clare_Lomax_CG.jpg,Greater Manchester; NHS Foundation Trusts in the north west,info@exp-w.com,+44 (0)161 218 0223,https://www.mccollumconsultants.com/expert-witness/clare-lomax/,Critical Care Nursing; Emergency Nursing; General Adult Nursing,ew-critical-care-intensive-care-nursing; ew-emergency-and-urgent-care-nursing; ew-general-adult-nursing
Ms Natalie Bosworth,"BSc, Emergency Care Practitioner",Ms Bosworth is happy to be instructed by both Claimant and Defendant law firms in personal injury and clinical negligence actions.,"Ms Bosworth qualified as a Registered General Nurse in 1994, where she worked in the Emergency Department until she completed a Diploma in Midwifery in 1999. Later she pursued a career as a Paramedic and qualified in 2017 and continued to undertake a BSc (HONS) at Cumbria University in Paramedic Practice (2023). Ms Bosworth has worked in the Emergency Department as a staff Nurse and a Paramedic for West Midlands Ambulance Service where she responded to 999 calls to the public. In this role she worked as an autonomous practitioner and gained extensive skills and knowledge in emergency and urgent care. She has skills in pre hospital assessment, triage and prioritisation of patients clinical needs, excellent critical thinking and problem solving skills, Advanced life support, trauma triage and treatment, scene management and working as a team. Working within her extensive scope of practice. She has worked as part of a Community team for a Hospice, providing end of life care for Palliative patients, ensuring that they received excellent care and management of symptoms. Ms Bosworth uses these skills gained in her currently role as an Urgent Care Practitioner at an out of hours service provider. She has also has recently been offered a role as Emergency Care Practitioner at a Minor injury Unit, where she will work as an autonomous practitioner treating both adults and paediatrics.","As part of her current position, Ms Bosworth works with a team to prevent admissions to the Emergency Department. She works with cases directly from West Midlands Ambulance Service, General Practitioners and 111 and facilitates admissions for patients directly to the appropriate specialist services. She provides Telephone Triage with patients referred via 111 and the Ambulance Service and arranges appropriate ongoing care. Ms Bosworth has also undertaken further training and provides advice for a 24 hour Oncology Helpline for Shropshire and Lancashire NHS Trusts.","Throughout her career Ms Bosworth has worked as an autonomous practitioner in her roles as a Paramedic and Midwife. She has skills in managing complex cases and assessing and planning the care needed. She has gained management skills with complex scenes in the field of Paramedic, to be able to request appropriate resources and support the crews involved. Ms Bosworth has been responsible for Mentoring of students in all fields that she has worked in and supporting students throughout their training programme.",,,,,College Of Paramedics,Care Management; Emergency & Urgent Care Nursing; Medical Assessment; Nursing; Pre-Hospital & Trauma Care; Trauma Assessment,,West Midlands Ambulance Service; Shropshire and Lancashire NHS Trusts,info@exp-w.com,+44 (0)161 218 0223,https://www.mccollumconsultants.com/expert-witness/natalie-bosworth/,Emergency Nursing; Pre-Hospital Trauma Care,ew-emergency-and-urgent-care-nursing; ew-pre-hospital-and-trauma-care
Ms Barbara Whittaker,"MSc, BSc (Hons); Emergency Nurse Consultant",Ms Whittaker is happy to be instructed by both Claimant and Defendant law firms in personal injury and clinical negligence actions.,"Ms Whittaker qualified as a Registered General Nurse in 1993. In 2007, Ms Whittaker graduated from Lancaster University with a BSc (Hons) Nurse Practitioner degree and following this completed a MSc in Advanced Practice Health and Social Care at Bolton University. Ms Whittaker has worked extensively in Accident and Emergency Department as a staff nurse, Emergency Nurse Practitioner and Clinical Medical Practitioner. Ms Whittaker has worked in various organisations gaining valuable experience within her Nurse Practitioner roles becoming Clinical Nurse Lead at a large Urgent Treatment Centre from 2010 – 2012. She then became an Advanced Practitioner at the Accident and Emergency Department in the North West before commencing in her current position as Nurse Consultant in the Emergency Department where she is clinical lead for the advanced practice team and is also involved in the operation and management to support the Trust and improve quality whilst working clinically with both adults and paediatrics.","Ms Whittaker is passionate about Advanced Practice and has expertise in Emergency Nurse Practitioner skills, advanced practice in the Emergency Department and Primary Care.",Ms Whittaker is currently responsible for a large number of Emergency Nurse Practitioners along with the Urgent Treatment Centre.,,,Ms Whittaker is a teacher and author of Trust framework of competencies for emergency nurse practitioners. She also is a university speaker on nursing motivation into clinical practice. In previous roles Ms Whittaker has taught and supervised the ENP/ACP team.,,Royal College of Nursing,Care Management; Emergency & Urgent Care Nursing; Infection Prevention & Control; Medical Assessment; Medical Education & Training; Minor Trauma; Nursing; Urgent Care,https://www.mccollumconsultants.com/wp-content/uploads/2025/09/Barbara-Whittaker-Photo-CG.jpg,North West (region); Accident and Emergency Department; Urgent Treatment Centre,info@exp-w.com,+44 (0)161 218 0223,https://www.mccollumconsultants.com/expert-witness/barbara-whittaker/,Emergency Nursing; Infection Prevention & Control,ew-emergency-and-urgent-care-nursing; ew-infection-prevention-and-control
Mr Andrew Kneebone,"IBD/Gastroenterology Nurse Consultant; Dip HE; Health Studies, BSc",Mr Kneebone is happy to be instructed by both Claimant and Defendant law firms in personal injury and clinical negligence actions.,"Mr Kneebone is currently an Inflammatory Bowel Disease (IBD)/Gastroenterology Nurse Consultant at a North West Hospital. Whereby he manages, coordinates, and improves the local IBD service, overseeing the care of over 2500 patients with IBD. He has established and runs autonomous clinics providing care to patients from pre-diagnosis and throughout their journey in the NHS, including treatment decisions. In his role, Mr Kneebone also independently prescribes medication and has autonomous decisions regarding the initiation of new treatments including immunosuppression/biologics. Additionally, Mr Kneebone is also an independent Endoscopist and has performed over 750 diagnostic flexible sigmoidoscopies.","Mr Kneebone's clinical interest is in the field of gastroenterology specifically IBD, having spent over 15 years in the field of IBD. Previously he has worked at a North West referral centre for IBD. Mr Kneebone has driven the agenda to improve outcomes for patients by benchmarking and improving quality and services, continually developing quality patient focused services in line with the national Quality IBD Service Standards, NICE Quality indicators, GIRFT. Mr Kneebone ensures expert practice-influencing patient outcomes and experience as well as influencing the practice of other healthcare staff.","As part of Mr Kneebone's role as a Nurse Consultant he manages a team of 30 providing clinical, managerial, consultancy and professional leadership (including the Liver team, Addiction team, IBD team, Nutrition team, Nurse endoscopists, BSCP team). Mr Kneebone supervises and participates in the investigations into complaints, risks or clinical incidents as they occur and provides written reports when required which include proposals and lead improvements to practice and service development.","Mr Kneebone is actively involved in three current clinical trials, was previously PI for a national study. He is also the lead for two Local Audits. Mr Kneebone is a sub-PI for a European clinical trial (SCOPE). He also presented a poster on IBD Control (PROM) at this year's British Society of Gastroenterology (BSG) Conference, 2024.","Mr Kneebone had multiple research publications, including pharmacology sponsored articles.","Mr Kneebone's current role involves delivering high-quality education to his peers, consultants and other members of the IBD Multidisciplinary Team (MDT). He also regularly presents at local/national IBD meetings. In addition to his clinical role, Mr Kneebone is an Honorary Lecturer at the Edgehill University. He is also currently working towards accreditation from CCUK setting up an IBD national module (level 7).",,The British Society Of Gastroenterology; The Nursing & Midwifery Council,Biological Therapy; Care Management; Crohn's Disease; Endoscopy; Gastroenterology & IBD Nursing; Immunodeficiencies; Inflammatory Bowel Disease (IBD); Irritable Bowel Syndrome (IBS); Nursing; Stoma; Stoma Care Nursing; Ulcerative Colitis,https://www.mccollumconsultants.com/wp-content/uploads/2025/03/Andrew_kneebone_004-CG.jpg,North West Hospital (name not stated),info@exp-w.com,+44 (0)161 218 0223,https://www.mccollumconsultants.com/expert-witness/andrew-kneebone/,IBD & Gastroenterology Nursing; Stoma Care Nursing,ew-gastroenterology-and-ibd-nursing; ew-stoma-care-nursing
Mr Dananni Lewis,"Senior Nurse Practitioner, BSc (Hons)",Mr Lewis is happy to be instructed by both Claimant and Defendant law firms in personal injury and clinical negligence actions.,"Mr Lewis qualified as a Registered Mental Health Nurse in 2007, graduating from King's College London, a globally recognised centre of excellence for psychiatric practice. Following his qualification, he embarked on an 18-year career defined by a commitment to high-acuity clinical practice and systemic leadership. In 2019, his expertise was formally recognised through his selection for the 'Developing Leaders' track at The King's Fund, an elite programme associated with the Federation of the Royal Colleges of Physicians. Throughout his career, Mr Lewis has operated across the full spectrum of psychiatric services, including Adult Acute, Forensic, Older Adult, and Addiction services. He has held pivotal roles in Psychiatric Liaison and Crisis teams, where he gained extensive experience in the rapid assessment of complex psychiatric risk. This has also involved being an author of trust-level protocols regarding psychiatric observations and the prevention of ligature-related incidents. Mr Lewis currently holds a senior practitioner role. In this capacity, he provides strategic oversight for multiple inpatient units, directing clinical governance and patient safety protocols. He is a lead investigator for Serious Incidents (SI), responsible for the forensic deconstruction of clinical failures and the implementation of remedial safety frameworks. His current practice is at the forefront of modern psychiatric standards, specifically regarding the reduction of restrictive practices and the management of inpatient suicide and self-harm risks.","Mr Lewis is a specialist in the forensic analysis of nursing liability and the deconstruction of systemic failures within high-acuity psychiatric settings. He possesses authoritative expertise in the application of the Mental Health Units (Use of Force) Act 2018 (Seni's Law), providing expert opinion on the proportionality of physical interventions and systemic adherence to BILD ACT and RRN (Restraint Reduction Network) standards. Furthermore, Mr Lewis is highly proficient in the application of the Mental Capacity Act (MCA) 2005 and Deprivation of Liberty Safeguards (DoLS), focusing on 'Best Interests' decision-making and the balance between patient autonomy and the Duty of Care.","Mr Lewis is currently responsible for the strategic leadership and clinical oversight of a large multi-disciplinary workforce within acute psychiatric services. He is a lead investigator for Serious Incidents (SI), providing the Trust with forensic root-cause analysis and expert recommendations to mitigate future clinical and litigation risks. Mr Lewis is instrumental in the authoring and auditing of trust-wide policies, particularly regarding psychiatric observations and the governance of restrictive practices, ensuring that all frontline care delivery aligns with statutory requirements and best practice guidelines.",,,"Mr Lewis is a specialist educator and the author of internal clinical competency frameworks regarding psychiatric risk and safety governance. He has designed and delivered advanced training to over 500 nursing professionals and multi-disciplinary staff, focusing on high-liability areas such as Inpatient Suicide Prevention, Ligature Risk Management, and Clinical Observations. He is frequently invited to supervise Band 6 and 7 clinicians in the deconstruction of complex clinical incidents, explicitly defining the standards of risk management and professional accountability required for modern psychiatric practice.",,Royal College of Nursing (RCN),Adult Mental Health & Addictions; Advanced safeguarding; Care Management; Child & Adolescent Mental Health Services (CAMHS); Clinical Risk; Ligature Risk Management; Mental Health Nursing; Nursing; Older Adult Mental Health; Psychology & Mental Health; Risk Management; Safeguarding; Suicide Prevention,https://www.mccollumconsultants.com/wp-content/uploads/2026/04/Dananni-Lewis-CG.jpg,,info@exp-w.com,+44 (0)161 218 0223,https://www.mccollumconsultants.com/expert-witness/dananni-lewis/,Mental Health Nursing,ew-mental-health-nursing
Ms Caroline Whitaker,BSc (Hons); Stoma Care Nurse Specialist,Ms Whitaker enjoys receiving instructions from both Claimant and Defendant law firms in personal injury and clinical negligence cases.,"Ms Caroline Whitaker qualified as a Registered General Nurse in 1996 after obtaining a Diploma in Professional Nursing Practice. She subsequently specialised in stoma care, completing the ENB216 Stoma Care Nursing module in 2001, a Paediatric Stoma Care course and becoming a Community Prescriber in 2011. In that same year she earned a BSc (Hons) in Contemporary Healthcare Practice from Manchester University, further reinforcing her evidence‑based approach to nursing. Since 2005 she has worked exclusively in stoma care across community and acute settings, serving a large catch‑area, a district general hospital and a leading specialist cancer centre. Her clinical repertoire includes comprehensive assessment of stoma sites, advanced counselling to address the psychosocial impact of living with a stoma, and the delivery of tailored education programmes for patients, families and multidisciplinary teams. In addition to her direct patient work, Ms Whitaker plays a pivotal role in the management and development of the stoma service. She contributes to budget planning, resource allocation and the procurement of supplies, while leading audit cycles that monitor clinical outcomes, compliance with national standards and cost‑effectiveness. Her extensive expertise, underpinned by robust academic credentials and a decade‑plus of specialist practice, establishes her as a recognised authority in both community‑based and hospital‑based stoma care.","Ms Whitaker's clinical interests centre on the holistic management of stoma patients. She is passionate about advancing stoma care through the refinement of sophisticated assessment and appliance‑selection techniques, the delivery of expert counselling that addresses the emotional and social dimensions of living with a stoma, and the provision of comprehensive education programmes for patients, families and health‑care teams.","In her current role, Ms Whitaker supports her line manager in the overall administration of the Stoma Care Service. She contributes to workforce planning, monitors service performance against key quality indicators, assists with budget oversight and procurement, and coordinates audit and audit‑feedback processes. Her involvement ensures that the service operates efficiently, meets regulatory standards and continuously improves the patient experience.",,,"Ms Whitaker is actively engaged in teaching and training across a broad spectrum of audiences. She delivers individualised education and practical support to patients, relatives and carers, ensuring confidence in stoma management and promoting independence. In addition, she provides formal tuition and in‑service training to all members of the multidisciplinary team including surgeons, ward nurses, dietitian's and allied health professionals as well as to external groups such as schools, care homes and nursing homes. Her expertise is regularly sought at professional gatherings; she has presented at the annual Stoma Nurse Conference, sharing best‑practice insights and emerging evidence with peers nationwide.",,Royal College of Nursing (RCN); Association of Stoma Care Nurses (ASCN),Nursing; Stoma; Stoma Care Nursing; Wound Care & Tissue Viability,,,info@exp-w.com,+44 (0)161 218 0223,https://www.mccollumconsultants.com/expert-witness/caroline-whitaker/,Stoma Care Nursing; Wound Care & Tissue Viability,ew-stoma-care-nursing; ew-wound-care-and-tissue-viability
