from,to,status,reason
/4860,/,301,nothing known
/7605,/,301,nothing known
/anaesthetist-orthopaedic-surgeon/dr-basil-almahdi,/specialists/dr-basil-almahdi,301,live listing
/anaesthetist-orthopaedic-surgeon/dr-james-parry,/specialists/dr-james-parry,301,live listing
/birmingham-uk/aesthetic-doctors/mezzical-aesthetics-birmingham,/specialists/mezzical-aesthetics-birmingham,301,live listing
/birmingham-uk/aesthetic-doctors/sknwise-aesthetics,/specialists/sknwise-aesthetics,301,live listing
/birmingham-uk/aesthetic-doctors/westfield-aesthetics,/specialists/westfield-aesthetics,301,live listing
/birmingham-uk/ent-specialist/mr-amit-parmar-ent,/specialists/mr-amit-parmar-ent,301,live listing
/birmingham-uk/ent-specialist/mr-jonathan-fussey-ent,/specialists/mr-jonathan-fussey-ent,301,live listing
/birmingham-uk/gynaecology/dr-grisham-smotra-gynaecology,/specialists/dr-grisham-smotra-gynaecology,301,live listing
/birmingham-uk/gynaecology/dr-kausik-das-gynaecology,/specialists/dr-kausik-das-gynaecology,301,live listing
/birmingham-uk/gynaecology/edgbaston-private-medical-practice,/specialists/edgbaston-private-medical-practice,301,live listing
/birmingham-uk/gynaecology/the-gynaecology-health-clinic-miss-evi-bakali,/specialists/the-gynaecology-health-clinic-miss-evi-bakali,301,live listing
/birmingham-uk/paediatrics/dr-chetan-mehta-paediatric-cardiology,/search?specialty=paediatrics&location=Birmingham,301,not imported — specialty and town
/birmingham-uk/paediatrics/james-brindley-academy-birmingham-childrens-hospital,/search?specialty=paediatrics&location=Birmingham,301,not imported — specialty and town
/birmingham-uk/psychologist/birmingham-therapy,/specialists/birmingham-therapy,301,live listing
/birmingham-uk/psychologist/change-birmingham-brief-therapy,/specialists/change-birmingham-brief-therapy,301,live listing
/birmingham-uk/psychologist/dr-nick-consultant-clinical-psychologist-birmingham-therapy-i-online-assessment-therapy-strongerminds,/specialists/dr-nick-consultant-clinical-psychologist-birmingham-therapy-i-online-assessment-therapy-strongerminds,301,live listing
/birmingham-uk/psychologist/guildhall-counselling-birmingham-city-centre,/specialists/guildhall-counselling-birmingham-city-centre,301,live listing
/birmingham-uk/psychologist/hayley-trower-holistic-therapy,/specialists/hayley-trower-holistic-therapy,301,live listing
/birmingham-uk/psychologist/heartical-therapy,/specialists/heartical-therapy,301,live listing
/birmingham-uk/psychologist/livewell,/specialists/livewell,301,live listing
/birmingham-uk/psychologist/national-clinical-psychology-service,/specialists/national-clinical-psychology-service,301,live listing
/birmingham-uk/psychologist/new-meanings-psychology,/specialists/new-meanings-psychology,301,live listing
/birmingham-uk/psychologist/sc-therapy-and-wellbeing,/specialists/sc-therapy-and-wellbeing,301,live listing
/birmingham-uk/psychologist/seren-bay-limited,/specialists/seren-bay-limited,301,live listing
/birmingham-uk/psychologist/talkwell-counselling,/specialists/talkwell-counselling,301,live listing
/birmingham/achieve-health-harborne-birmingham,/search?location=Birmingham,301,not imported — town only
/birmingham/birmingham-physiocare,/search?location=Birmingham,301,not imported — town only
/birmingham/birmingham-sports-massage,/search?location=Birmingham,301,not imported — town only
/birmingham/chris-tiley-physiotherapy,/search?location=Birmingham,301,not imported — town only
/birmingham/fairways-physio-clinic,/search?location=Birmingham,301,not imported — town only
/birmingham/harborne-physiotherapy,/search?location=Birmingham,301,not imported — town only
/birmingham/independent-physio-ltd,/search?location=Birmingham,301,not imported — town only
/birmingham/neurosurgery/navin-furtado,/search?specialty=neurosurgery&location=Birmingham,301,not imported — specialty and town
/birmingham/neurosurgery/stephen-metcalfe,/search?specialty=neurosurgery&location=Birmingham,301,not imported — specialty and town
/birmingham/orthopaedic-surgery/andraay-leung,/search?specialty=orthopaedics&location=Birmingham,301,not imported — specialty and town
/birmingham/orthopaedic-surgery/anna-moon,/search?specialty=orthopaedics&location=Birmingham,301,not imported — specialty and town
/birmingham/orthopaedic-surgery/g-shyamalan-shyam,/search?specialty=orthopaedics&location=Birmingham,301,not imported — specialty and town
/birmingham/orthopaedic-surgery/jwalant-mehta,/search?specialty=orthopaedics&location=Birmingham,301,not imported — specialty and town
/birmingham/orthopaedic-surgery/kerstin-oestreich,/search?specialty=orthopaedics&location=Birmingham,301,not imported — specialty and town
/birmingham/orthopaedic-surgery/ross-fawdington,/search?specialty=orthopaedics&location=Birmingham,301,not imported — specialty and town
/birmingham/physio-art,/search?location=Birmingham,301,not imported — town only
/birmingham/physiotherapist/phinity-therapy-psychotherapy-counselling-birmingham,/specialists/phinity-therapy-psychotherapy-counselling-birmingham,301,live listing
/birmingham/prime-physiotherapy-clinic,/search?location=Birmingham,301,not imported — town only
/birmingham/pure-physiotherapy-birmingham-kenyon-street,/search?location=Birmingham,301,not imported — town only
/birmingham/st-pauls-physio,/specialists/st-pauls-physio,301,live listing
/brighton/ascenti-physio-brighton,/search?location=Brighton,301,not imported — town only
/brighton/brighton-physiotherapy,/search?location=Brighton,301,not imported — town only
/brighton/physio,/search?location=Brighton,301,not imported — town only
/brighton/reach-physiotherapy,/search?location=Brighton,301,not imported — town only
/brighton/rebalance-physio-clinic,/search?location=Brighton,301,not imported — town only
/brighton/response-physio-brighton,/search?location=Brighton,301,not imported — town only
/bristol/ann-physiocare,/search?location=Bristol,301,not imported — town only
/bristol/bristol-physio,/search?location=Bristol,301,not imported — town only
/bristol/bristol-physiotherapy-centre,/search?location=Bristol,301,not imported — town only
/bristol/bristol-physiotherapy-clinic,/search?location=Bristol,301,not imported — town only
/cambridge/cambridge-home-physiotherapy,/search?location=Cambridge,301,not imported — town only
/cambridge/cambridge-physiotherapy-clinic,/search?location=Cambridge,301,not imported — town only
/cambridge/physioteq,/search?location=Cambridge,301,not imported — town only
/cambridge/trumpington-physiotherapy,/search?location=Cambridge,301,not imported — town only
/cambridge/ultrasound-guided-injections-cambridge,/search?location=Cambridge,301,not imported — town only
/cambridge/vinery-road-studios-physiotherapy-pilates-in-cambridge,/search?location=Cambridge,301,not imported — town only
/cardiff/ips-independent-physiotherapy-service,/search?location=Cardiff,301,not imported — town only
/cardiff/treatment-room-group,/search?location=Cardiff,301,not imported — town only
/cardiologist-orthopaedic-surgeon/mr-mehul-dhinoja,/specialists/mr-mehul-dhinoja,301,live listing
/cardiothoracic-surgeon-orthopaedic-surgeon/mr-neil-roberts,/specialists/mr-neil-roberts,301,live listing
/chiropractor/mr-joseph-abbott,/specialists/mr-joseph-abbott,301,live listing
/coventry-uk/dentistry/dr-r-osman-cheylesmore-dental-practice,/specialists/dr-r-osman-cheylesmore-dental-practice,301,live listing
/coventry-uk/dentistry/shergill-dental-implants,/specialists/shergill-dental-implants,301,live listing
/coventry-uk/dentistry/the-coventry-warwickshire-centre-for-advanced-dentistry,/specialists/the-coventry-warwickshire-centre-for-advanced-dentistry,301,live listing
/coventry-uk/dentistry/the247dentist-coventry,/specialists/the247dentist-coventry,301,live listing
/coventry-uk/gynaecology/university-hospital-coventry-and-warwickshire-gynaecology,/facilities/university-hospital-coventry-and-warwickshire,301,became a facility
/coventry-uk/psychologist/coventry-counselling-and-wellbeing,/specialists/coventry-counselling-and-wellbeing,301,live listing
/coventry-uk/psychologist/coventry-counselling-psychotherapy,/specialists/coventry-counselling-psychotherapy,301,live listing
/coventry-uk/psychologist/coventry-warwickshire-and-solihull-nhs-talking-therapies,/specialists/coventry-warwickshire-and-solihull-nhs-talking-therapies,301,live listing
/coventry-uk/psychologist/elite-therapy-coventry-physiotherapy,/specialists/elite-therapy-coventry-physiotherapy,301,live listing
/coventry-uk/psychologist/the-park-counselling-centre,/specialists/the-park-counselling-centre,301,live listing
/eastleigh/therapeutics-southampton-ltd,/search?location=Eastleigh,301,not imported — town only
/edinburgh/the-physiotherapy-clinics,/search?location=Edinburgh,301,not imported — town only
/england/anaesthetist-general-medicine-doctor-orthopaedic-surgeon-pain-management-specialist/dr-piotr-buczkowski,/specialists/dr-piotr-buczkowski,301,live listing
/england/buckhurst-hill/ent-surgeon/anurag-jain,/specialists/anurag-jain,301,live listing
/england/buckhurst-hill/ent-surgeon/vik-veer,/specialists/vik-veer,301,live listing
/england/ent-surgeon/mr-david-wynne,/specialists/mr-david-wynne,301,live listing
/england/ent-surgeon/ms-natalie-turner,/specialists/ms-natalie-turner,301,live listing
/england/ent-surgeon/ms-sangi-patel,/specialists/ms-sangi-patel,301,live listing
/england/general-practioners/dr-stephen-lewis,/specialists/dr-stephen-lewis,301,live listing
/england/general-practioners/miss-jane-grey,/search?specialty=general-practice&location=London,301,not imported — specialty and town
/england/general-practioners/mr-andy-marshall,/search?specialty=general-practice&location=London,301,not imported — specialty and town
/england/general-practioners/mr-grahame-taylor,/search?specialty=general-practice&location=Leicester,301,not imported — specialty and town
/england/general-practioners/mr-jonathan-lewis,/search?specialty=general-practice&location=London,301,not imported — specialty and town
/england/general-practioners/mr-michael-guard,/search?specialty=general-practice&location=Godalming,301,not imported — specialty and town
/england/general-practioners/mrs-nicky-turner,/search?specialty=general-practice&location=London,301,not imported — specialty and town
/england/general-practioners/·helen-cole,/search?specialty=general-practice&location=London,301,not imported — specialty and town
/england/gynaecology/mr-benjamin-davis,/specialists/mr-benjamin-davis,301,live listing
/england/gynaecology/ms-clare-spencer,/specialists/ms-clare-spencer,301,live listing
/england/halsall/orthopaedics/marcus-cope,/specialists/marcus-cope,301,live listing
/england/harrow/gynaecology/stewart-disu,/specialists/stewart-disu,301,live listing
/england/harrow/orthopaedics/rupen-dattani,/specialists/rupen-dattani,301,live listing
/england/ilford/ent-surgeon/gaurav-kumar,/specialists/gaurav-kumar,301,live listing
/england/kingston-upon-thames/ent-surgeon/behrad-elmiyeh,/specialists/behrad-elmiyeh,301,live listing
/england/kingston-upon-thames/ent-surgeon/enyi-ofo,/specialists/enyi-ofo,301,live listing
/england/kingston-upon-thames/ent-surgeon/parag-patel,/specialists/parag-patel,301,live listing
/england/kingston-upon-thames/orthopaedics/nashat-siddiqui,/specialists/nashat-siddiqui,301,live listing
/england/kingston-upon-thames/orthopaedics/palanisamy-ramesh,/specialists/palanisamy-ramesh,301,live listing
/england/london/ent-surgeon/alwyn-d-souza,/specialists/alwyn-d-souza,301,live listing
/england/london/ent-surgeon/ananth-vijendren,/specialists/ananth-vijendren,301,live listing
/england/london/ent-surgeon/asit-arora,/specialists/asit-arora,301,live listing
/england/london/ent-surgeon/cheka-spencer,/specialists/cheka-spencer,301,live listing
/england/london/ent-surgeon/irfan-syed,/specialists/irfan-syed,301,live listing
/england/london/ent-surgeon/javier-moraleda,/specialists/javier-moraleda,301,live listing
/england/london/ent-surgeon/kalpesh-patel,/specialists/kalpesh-patel,301,live listing
/england/london/ent-surgeon/max-whittaker,/specialists/max-whittaker,301,live listing
/england/london/ent-surgeon/mohiemen-anwar,/specialists/mohiemen-anwar,301,live listing
/england/london/ent-surgeon/pavol-surda,/specialists/pavol-surda,301,live listing
/england/london/ent-surgeon/prince-modayil,/specialists/prince-modayil,301,live listing
/england/london/ent-surgeon/raghav-dwivedi,/specialists/raghav-dwivedi,301,live listing
/england/london/ent-surgeon/ravinder-s-natt,/specialists/ravinder-s-natt,301,live listing
/england/london/ent-surgeon/s-alam-hannan,/specialists/s-alam-hannan,301,live listing
/england/london/ent-surgeon/safina-ali,/specialists/safina-ali,301,live listing
/england/london/ent-surgeon/samit-unadkat,/specialists/samit-unadkat,301,live listing
/england/london/ent-surgeon/tony-jacob,/specialists/tony-jacob,301,live listing
/england/london/ent-surgeon/zaid-awad,/specialists/zaid-awad,301,live listing
/england/london/general-practioners/angela-rai,/specialists/angela-rai,301,live listing
/england/london/general-practioners/catrin-bevan,/specialists/catrin-bevan,301,live listing
/england/london/general-practioners/elise-dallas,/specialists/elise-dallas,301,live listing
/england/london/general-practioners/john-stephens,/specialists/john-stephens,301,live listing
/england/london/general-practioners/katy-kasraie,/specialists/katy-kasraie,301,live listing
/england/london/general-practioners/kirsty-schmidt,/search?specialty=general-practice&location=25%20Harley%20St,301,not imported — specialty and town
/england/london/general-practioners/lawen-muheden,/specialists/lawen-muheden,301,live listing
/england/london/general-practioners/natasha-thandrayen,/search?specialty=general-practice&location=25%20Harley%20St,301,not imported — specialty and town
/england/london/general-practioners/nick-sawyer,/specialists/nick-sawyer,301,live listing
/england/london/general-practioners/sam-bennett,/specialists/sam-bennett,301,live listing
/england/london/general-practioners/sera-shoukru,/specialists/sera-shoukru,301,live listing
/england/london/general-practioners/shaima-villait,/specialists/shaima-villait,301,live listing
/england/london/general-practioners/stuart-sanders,/search?specialty=general-practice&location=114A%20Harley%20St,301,not imported — specialty and town
/england/london/general-practioners/vanessa-eisman,/search?specialty=general-practice&location=15-17%20Lodge%20Rd,301,not imported — specialty and town
/england/london/gynaecology/adam-rosenthal,/specialists/adam-rosenthal,301,live listing
/england/london/gynaecology/ahmad-sayasneh,/specialists/ahmad-sayasneh,301,live listing
/england/london/gynaecology/berrin-tezcan,/specialists/berrin-tezcan,301,live listing
/england/london/gynaecology/chukwuemeka-okaro,/specialists/chukwuemeka-okaro,301,live listing
/england/london/gynaecology/denis-tsepov,/specialists/denis-tsepov,301,live listing
/england/london/gynaecology/giada-frontino,/specialists/giada-frontino,301,live listing
/england/london/gynaecology/hemant-vakharia,/specialists/hemant-vakharia,301,live listing
/england/london/gynaecology/joseph-aquilina,/specialists/joseph-aquilina,301,live listing
/england/london/gynaecology/meg-wilson,/specialists/meg-wilson,301,live listing
/england/london/gynaecology/mer-raza,/specialists/mer-raza,301,live listing
/england/london/gynaecology/miss-dana-touqmatchi,/specialists/miss-dana-touqmatchi,301,live listing
/england/london/gynaecology/mr-saurabh-phadnis,/specialists/mr-saurabh-phadnis,301,live listing
/england/london/gynaecology/ms-ferha-saeed,/specialists/ms-ferha-saeed,301,live listing
/england/london/gynaecology/pradnya-pisal,/specialists/pradnya-pisal,301,live listing
/england/london/gynaecology/rhonda-flemming,/specialists/rhonda-flemming,301,live listing
/england/london/gynaecology/shaheen-khazali,/specialists/shaheen-khazali,301,live listing
/england/london/gynaecology/shazia-malik,/specialists/shazia-malik,301,live listing
/england/london/gynaecology/tania-adib,/specialists/tania-adib,301,live listing
/england/london/orthopaedics/abhinav-gulihar,/specialists/abhinav-gulihar,301,live listing
/england/london/orthopaedics/amit-amin,/specialists/amit-amin,301,live listing
/england/london/orthopaedics/andrew-goldberg-obe,/specialists/andrew-goldberg-obe,301,live listing
/england/london/orthopaedics/arjuna-imbuldeniya,/specialists/arjuna-imbuldeniya,301,live listing
/england/london/orthopaedics/baljinder-singh-dhinsa,/specialists/baljinder-singh-dhinsa,301,live listing
/england/london/orthopaedics/bob-chatterjee,/specialists/bob-chatterjee,301,live listing
/england/london/orthopaedics/deepu-sethi,/specialists/deepu-sethi,301,live listing
/england/london/orthopaedics/fady-sedra,/specialists/fady-sedra,301,live listing
/england/london/orthopaedics/francesc-malagelada,/specialists/francesc-malagelada,301,live listing
/england/london/orthopaedics/henry-colaco,/specialists/henry-colaco,301,live listing
/england/london/orthopaedics/james-white,/specialists/james-white,301,live listing
/england/london/orthopaedics/jignesh-patel,/specialists/jignesh-patel,301,live listing
/england/london/orthopaedics/mohamed-imam,/specialists/mohamed-imam,301,live listing
/england/london/orthopaedics/nicholas-ferran,/specialists/nicholas-ferran,301,live listing
/england/london/orthopaedics/panagiotis-liantis,/specialists/panagiotis-liantis,301,live listing
/england/london/orthopaedics/rob-pollock,/specialists/rob-pollock,301,live listing
/england/london/orthopaedics/rohit-madhav,/specialists/rohit-madhav,301,live listing
/england/london/orthopaedics/sammy-hanna,/specialists/sammy-hanna,301,live listing
/england/london/orthopaedics/syed-aftab,/specialists/syed-aftab,301,live listing
/england/london/orthopaedics/tarun-taneja,/specialists/tarun-taneja,301,live listing
/england/london/orthopaedics/zameer-shah,/specialists/zameer-shah,301,live listing
/england/orthopaedic-surgeon/dr-ronald-van-heerwaarden,/specialists/dr-ronald-van-heerwaarden,301,live listing
/england/orthopaedic-surgeon/dr-simon-v-ball,/specialists/dr-simon-v-ball,301,live listing
/england/orthopaedic-surgeon/miss-valerie-nu-ez,/specialists/miss-valerie-nu-ez,301,live listing
/england/orthopaedic-surgeon/mr-abdul-gaffar-dudhniwala,/specialists/mr-abdul-gaffar-dudhniwala,301,live listing
/england/orthopaedic-surgeon/mr-ajit-garde,/specialists/mr-ajit-garde,301,live listing
/england/orthopaedic-surgeon/mr-alan-groom,/specialists/mr-alan-groom,301,live listing
/england/orthopaedic-surgeon/mr-alwyn-abraham,/specialists/mr-alwyn-abraham,301,live listing
/england/orthopaedic-surgeon/mr-andrew-hilton,/specialists/mr-andrew-hilton,301,live listing
/england/orthopaedic-surgeon/mr-andrew-unwin,/specialists/mr-andrew-unwin,301,live listing
/england/orthopaedic-surgeon/mr-aravind-desai,/specialists/mr-aravind-desai,301,live listing
/england/orthopaedic-surgeon/mr-bill-martin,/specialists/mr-bill-martin,301,live listing
/england/orthopaedic-surgeon/mr-daniel-fagan,/specialists/mr-daniel-fagan,301,live listing
/england/orthopaedic-surgeon/mr-david-a-ward,/specialists/mr-david-a-ward,301,live listing
/england/orthopaedic-surgeon/mr-deepak-saran,/specialists/mr-deepak-saran,301,live listing
/england/orthopaedic-surgeon/mr-fadhil-kashif,/specialists/mr-fadhil-kashif,301,live listing
/england/orthopaedic-surgeon/mr-graham-sleat,/specialists/mr-graham-sleat,301,live listing
/england/orthopaedic-surgeon/mr-johan-witt,/specialists/mr-johan-witt,301,live listing
/england/orthopaedic-surgeon/mr-john-skinner,/specialists/mr-john-skinner,301,live listing
/england/orthopaedic-surgeon/mr-keith-a-barnes,/specialists/mr-keith-a-barnes,301,live listing
/england/orthopaedic-surgeon/mr-martin-wood,/specialists/mr-martin-wood,301,live listing
/england/orthopaedic-surgeon/mr-michael-kent,/specialists/mr-michael-kent,301,live listing
/england/orthopaedic-surgeon/mr-neil-hunt,/specialists/mr-neil-hunt,301,live listing
/england/orthopaedic-surgeon/mr-paul-latimer,/specialists/mr-paul-latimer,301,live listing
/england/orthopaedic-surgeon/mr-rajesh-kakwani,/specialists/mr-rajesh-kakwani,301,live listing
/england/orthopaedic-surgeon/mr-rajinder-goel,/specialists/mr-rajinder-goel,301,live listing
/england/orthopaedic-surgeon/mr-richard-hill,/specialists/mr-richard-hill,301,live listing
/england/orthopaedic-surgeon/mr-robert-farnell,/specialists/mr-robert-farnell,301,live listing
/england/orthopaedic-surgeon/mr-sean-grannum,/specialists/mr-sean-grannum,301,live listing
/england/orthopaedic-surgeon/mr-simon-clint,/specialists/mr-simon-clint,301,live listing
/england/orthopaedic-surgeon/mr-simon-hoskinson,/specialists/mr-simon-hoskinson,301,live listing
/england/orthopaedic-surgeon/mr-v-g-devadoss,/specialists/mr-v-g-devadoss,301,live listing
/england/orthopaedic-surgeon/mr-william-bowden,/specialists/mr-william-bowden,301,live listing
/england/orthopaedic-surgeon/professor-nicola-maffulli,/specialists/professor-nicola-maffulli,301,live listing
/england/orthopaedics/miss-anna-court,/specialists/miss-anna-court,301,live listing
/england/orthopaedics/mr-christopher-hand,/specialists/mr-christopher-hand,301,live listing
/england/orthopaedics/mr-mark-saunders,/specialists/mr-mark-saunders,301,live listing
/england/orthopaedics/mr-robert-fox,/specialists/mr-robert-fox,301,live listing
/england/orthopaedics/mrs-alexandra-butler,/specialists/mrs-alexandra-butler,301,live listing
/england/paediatric-surgeon/mr-simon-clarke,/specialists/mr-simon-clarke,301,live listing
/england/paediatrics/mr-andrew-clarke,/specialists/mr-andrew-clarke,301,live listing
/england/paediatrics/mr-imran-mushtaq,/specialists/mr-imran-mushtaq,301,live listing
/england/paediatrics/mr-james-doyle,/specialists/mr-james-doyle,301,live listing
/england/paediatrics/mr-ravinder-singh,/specialists/mr-ravinder-singh,301,live listing
/england/physiotherapist/dr-eleanor-mallon,/specialists/dr-eleanor-mallon,301,live listing
/england/physiotherapist/mr-andrew-smith,/search?specialty=physiotherapy&location=Canterbury,301,not imported — specialty and town
/england/physiotherapist/mr-christopher-martin,/search?specialty=physiotherapy&location=Ipswich,301,not imported — specialty and town
/england/physiotherapist/mr-dominique-rothenfluh,/search?specialty=physiotherapy&location=Headington,301,not imported — specialty and town
/england/physiotherapist/mr-john-powell,/search?specialty=physiotherapy&location=Ipswich,301,not imported — specialty and town
/england/physiotherapist/mr-richard-brown,/search?specialty=physiotherapy&location=Cheltenham,301,not imported — specialty and town
/england/physiotherapist/ms-harriet-jones,/specialists/ms-harriet-jones,301,live listing
/england/physiotherapist/·ana-andrade,/specialists/·ana-andrade,301,live listing
/england/solihull/gynaecology/poonam-pradhan,/specialists/poonam-pradhan,301,live listing
/england/wilmslow/ent-surgeon/jarrod-homer,/specialists/jarrod-homer,301,live listing
/england/wilmslow/ent-surgeon/raj-bhalla,/specialists/raj-bhalla,301,live listing
/england/wilmslow/ent-surgeon/simon-lloyd,/specialists/simon-lloyd,301,live listing
/england/wilmslow/gynaecology/bim-williams,/specialists/bim-williams,301,live listing
/england/wilmslow/orthopaedics/david-j-murray,/specialists/david-j-murray,301,live listing
/exeter/balance-sport-rehabilitation-performance,/search?location=Exeter,301,not imported — town only
/exeter/barefoot-physio-exeter,/search?location=Exeter,301,not imported — town only
/exeter/exeter-physio,/search?location=Exeter,301,not imported — town only
/exeter/first-physiotherapy-and-sports-injury-clinic,/search?location=Exeter,301,not imported — town only
/exeter/motion-clinic,/search?location=Exeter,301,not imported — town only
/exeter/peak-physio-ltd,/search?location=Exeter,301,not imported — town only
/exeter/quay-kinetics-physio-sports-injury-clinic,/search?location=Exeter,301,not imported — town only
/exeter/rebalance-injury-clinic-exeter,/search?location=Exeter,301,not imported — town only
/exeter/the-good-physio,/search?location=Exeter,301,not imported — town only
/finland/helsinki/kryptobull-fi,,410,out of scope — deliberately gone
/general-medicine-doctor-orthopaedic-surgeon/mr-daniel-rajan,/specialists/mr-daniel-rajan,301,live listing
/general-medicine-doctor-orthopaedic-surgeon/mr-urjit-chatterji,/specialists/mr-urjit-chatterji,301,live listing
/general-surgeon-orthopaedic-surgeon/mr-matija-krkovic,/specialists/mr-matija-krkovic,301,live listing
/germany/hannover/general-practioners/breastx-die-brustexperten,,410,out of scope — deliberately gone
/hong-kong/general-practioners/獸醫村莊,,410,out of scope — deliberately gone
/hong-kong/tsim-sha-tsui-east/general-practioners/誠摯護理,,410,out of scope — deliberately gone
/hove/hove-park-physio,/search?location=Hove,301,not imported — town only
/hove/lifelong-physiotherapy,/search?location=Hove,301,not imported — town only
/https//wolverhamptonhipandkneeclinic-co-uk/,/,301,nothing known
/india/chhatrapati-sambhajinagar/physiotherapist/advance-physiotherapy-clinic-dr-kalyani-toshniwal-modani,,410,out of scope — deliberately gone
/india/patna/general-practioners/advanced-neuro,,410,out of scope — deliberately gone
/india/patna/gynaecology/pushpanjali-multispeciality-hospital,,410,out of scope — deliberately gone
/india/pimpri-chinchwad/dentistry/burute-dental-best-dental-implant-specialist-in-wakad-dr-madhura-burute-wakad-pimpri-chinchwad-pune,,410,out of scope — deliberately gone
/india/pune/dentistry/house-of-tooth,,410,out of scope — deliberately gone
/leeds/physio-action,/search?location=Leeds,301,not imported — town only
/leeds/the-treadmill,/search?location=Leeds,301,not imported — town only
/liverpool/functional-movement-physio,/search?location=Liverpool,301,not imported — town only
/liverpool/the-physiotherapy-centre,/search?location=Liverpool,301,not imported — town only
/london/complete-physio,/search?location=London,301,not imported — town only
/london/covent-garden-physiotherapy,/search?location=London,301,not imported — town only
/london/king-edward-vii-s-hospital,/search?location=London,301,not imported — town only
/london/london-physio,/search?location=London,301,not imported — town only
/london/msk-physiotherapy,/search?location=London,301,not imported — town only
/london/rose-clinic-performance-physiotherapy-ltd,/search?location=London,301,not imported — town only
/netherlands/1406-kl-bussum/general-practioners/nose-reconstruction-clinic-nneusreconstructie-kliniek,,410,out of scope — deliberately gone
/newcastle-upon-tyne/gosforth-physio-wellness,/search?location=Newcastle%20Upon%20Tyne,301,not imported — town only
/newcastle-upon-tyne/ne-physio,/search?location=Newcastle%20Upon%20Tyne,301,not imported — town only
/newcastle-upon-tyne/newcastle-physiotherapy-jesmond,/search?location=Newcastle%20Upon%20Tyne,301,not imported — town only
/newcastle-upon-tyne/physiotherapy-matters-ltd-gosforth,/search?location=Newcastle%20Upon%20Tyne,301,not imported — town only
/newcastle-upon-tyne/pro-health-physiotherapy,/search?location=Newcastle%20Upon%20Tyne,301,not imported — town only
/northern-ireland/londonderry/general-practioners/monica-lascar,/specialists/monica-lascar,301,live listing
/northern-ireland/londonderry/general-practioners/satyen-singhai,/specialists/satyen-singhai,301,live listing
/norwich/bettr-health-physio,/search?location=Norwich,301,not imported — town only
/norwich/burton-clinic,/search?location=Norwich,301,not imported — town only
/norwich/ellie-yuen-physiotherapy-service-musculoskeletal-and-pelvic-health-specialist,/search?location=Norwich,301,not imported — town only
/norwich/physiowork,/search?location=Norwich,301,not imported — town only
/norwich/pure-physiotherapy,/search?location=Norwich,301,not imported — town only
/norwich/pure-physiotherapy-norwich-city-road-sports,/search?location=Norwich,301,not imported — town only
/norwich/ready-for-life-physio-rehab,/search?location=Norwich,301,not imported — town only
/norwich/s-c-therapy-norwich,/search?location=Norwich,301,not imported — town only
/nottingham/amr-physiotherapy-nottingham,/search?location=Nottingham,301,not imported — town only
/nottingham/my-physio-gym,/search?location=Nottingham,301,not imported — town only
/nottingham/nottingham-physiotherapy-services,/search?location=Nottingham,301,not imported — town only
/nottingham/physiodirect-mapperley-park,/search?location=Nottingham,301,not imported — town only
/nottingham/plains-physiotherapy-physiotherapists-nottingham,/search?location=Nottingham,301,not imported — town only
/nottingham/pure-physiotherapy-nottingham-musters-road,/search?location=Nottingham,301,not imported — town only
/nottingham/restore-empower-perform-physiotherapy,/search?location=Nottingham,301,not imported — town only
/nottingham/the-nottingham-sports-injury-clinic-physioneeds,/search?location=Nottingham,301,not imported — town only
/nottingham/the-park-moballise-physiotherapy-clinic,/search?location=Nottingham,301,not imported — town only
/orthopaedic-surgeon-pharmacist/mr-rajiv-a-bajekal,/specialists/mr-rajiv-a-bajekal,301,live listing
/orthopaedic-surgeon-plastic-surgeon/mr-alex-woollard,/specialists/mr-alex-woollard,301,live listing
/orthopaedic-surgeon-podiatrist/mr-ben-yates,/specialists/mr-ben-yates,301,live listing
/orthopaedic-surgeon-radiologist/dr-thillainayagam-muthukumar,/specialists/dr-thillainayagam-muthukumar,301,live listing
/orthopaedic-surgeon-rheumatologist/dr-joseph-m-cowan,/specialists/dr-joseph-m-cowan,301,live listing
/orthopaedic-surgeon/associate-professor-bo-povlsen,/specialists/associate-professor-bo-povlsen,301,live listing
/orthopaedic-surgeon/associate-professor-harvinder-pal-singh,/specialists/associate-professor-harvinder-pal-singh,301,live listing
/orthopaedic-surgeon/dr-darren-roberts,/specialists/dr-darren-roberts,301,live listing
/orthopaedic-surgeon/dr-douglas-hay,/specialists/dr-douglas-hay,301,live listing
/orthopaedic-surgeon/dr-edward-dawe,/specialists/dr-edward-dawe,301,live listing
/orthopaedic-surgeon/dr-jasdeep-giddie,/specialists/dr-jasdeep-giddie,301,live listing
/orthopaedic-surgeon/dr-jo-anne-dartnell,/specialists/dr-jo-anne-dartnell,301,live listing
/orthopaedic-surgeon/dr-kash-akhtar,/specialists/dr-kash-akhtar,301,live listing
/orthopaedic-surgeon/dr-keith-bush,/specialists/dr-keith-bush,301,live listing
/orthopaedic-surgeon/dr-nicholas-howells,/specialists/dr-nicholas-howells,301,live listing
/orthopaedic-surgeon/dr-pierre-nasr,/specialists/dr-pierre-nasr,301,live listing
/orthopaedic-surgeon/dr-shafic-al-nammari,/specialists/dr-shafic-al-nammari,301,live listing
/orthopaedic-surgeon/dr-vivekanandan-dhukaram,/specialists/dr-vivekanandan-dhukaram,301,live listing
/orthopaedic-surgeon/dr-yaser-jabbar,/specialists/dr-yaser-jabbar,301,live listing
/orthopaedic-surgeon/miss-alice-bremner-smith,/specialists/miss-alice-bremner-smith,301,live listing
/orthopaedic-surgeon/miss-andrea-sott,/specialists/miss-andrea-sott,301,live listing
/orthopaedic-surgeon/miss-anna-fox,/specialists/miss-anna-fox,301,live listing
/orthopaedic-surgeon/miss-caroline-edwards,/specialists/miss-caroline-edwards,301,live listing
/orthopaedic-surgeon/miss-dimitra-leivadiotou,/specialists/miss-dimitra-leivadiotou,301,live listing
/orthopaedic-surgeon/miss-fiona-middleton,/specialists/miss-fiona-middleton,301,live listing
/orthopaedic-surgeon/miss-hui-ling-kerr,/specialists/miss-hui-ling-kerr,301,live listing
/orthopaedic-surgeon/miss-ilana-langdon,/specialists/miss-ilana-langdon,301,live listing
/orthopaedic-surgeon/miss-jane-webber,/specialists/miss-jane-webber,301,live listing
/orthopaedic-surgeon/miss-julie-kohls,/specialists/miss-julie-kohls,301,live listing
/orthopaedic-surgeon/miss-kathryn-gill,/specialists/miss-kathryn-gill,301,live listing
/orthopaedic-surgeon/miss-kom-muthusamy,/specialists/miss-kom-muthusamy,301,live listing
/orthopaedic-surgeon/miss-ladan-hajipour,/specialists/miss-ladan-hajipour,301,live listing
/orthopaedic-surgeon/miss-naomi-davis,/specialists/miss-naomi-davis,301,live listing
/orthopaedic-surgeon/miss-nikki-kelsall,/specialists/miss-nikki-kelsall,301,live listing
/orthopaedic-surgeon/miss-sarah-mcmahon,/specialists/miss-sarah-mcmahon,301,live listing
/orthopaedic-surgeon/miss-swee-ang,/specialists/miss-swee-ang,301,live listing
/orthopaedic-surgeon/miss-tressa-amirthanayagam,/specialists/miss-tressa-amirthanayagam,301,live listing
/orthopaedic-surgeon/miss-verona-beckles,/specialists/miss-verona-beckles,301,live listing
/orthopaedic-surgeon/miss-vigdis-thorisdottir,/specialists/miss-vigdis-thorisdottir,301,live listing
/orthopaedic-surgeon/mr-aamer-ullah,/specialists/mr-aamer-ullah,301,live listing
/orthopaedic-surgeon/mr-aaron-saini,/specialists/mr-aaron-saini,301,live listing
/orthopaedic-surgeon/mr-aazer-khan,/specialists/mr-aazer-khan,301,live listing
/orthopaedic-surgeon/mr-abdel-wahab-hassan,/specialists/mr-abdel-wahab-hassan,301,live listing
/orthopaedic-surgeon/mr-abdul-waheed,/specialists/mr-abdul-waheed,301,live listing
/orthopaedic-surgeon/mr-abhijit-dey,/specialists/mr-abhijit-dey,301,live listing
/orthopaedic-surgeon/mr-abtin-alvand,/specialists/mr-abtin-alvand,301,live listing
/orthopaedic-surgeon/mr-achal-goyal,/specialists/mr-achal-goyal,301,live listing
/orthopaedic-surgeon/mr-adam-devany,/specialists/mr-adam-devany,301,live listing
/orthopaedic-surgeon/mr-adam-pandit,/specialists/mr-adam-pandit,301,live listing
/orthopaedic-surgeon/mr-adam-way,/specialists/mr-adam-way,301,live listing
/orthopaedic-surgeon/mr-addie-majed,/specialists/mr-addie-majed,301,live listing
/orthopaedic-surgeon/mr-adrian-butler-manuel,/specialists/mr-adrian-butler-manuel,301,live listing
/orthopaedic-surgeon/mr-adrian-carlos,/specialists/mr-adrian-carlos,301,live listing
/orthopaedic-surgeon/mr-adrian-chojnowski,/specialists/mr-adrian-chojnowski,301,live listing
/orthopaedic-surgeon/mr-adrian-day,/specialists/mr-adrian-day,301,live listing
/orthopaedic-surgeon/mr-adrian-fairbank,/specialists/mr-adrian-fairbank,301,live listing
/orthopaedic-surgeon/mr-adrian-taylor,/specialists/mr-adrian-taylor,301,live listing
/orthopaedic-surgeon/mr-ahmad-ali,/specialists/mr-ahmad-ali,301,live listing
/orthopaedic-surgeon/mr-ahmad-malik,/specialists/mr-ahmad-malik,301,live listing
/orthopaedic-surgeon/mr-ahmad-mobeen-ismail,/specialists/mr-ahmad-mobeen-ismail,301,live listing
/orthopaedic-surgeon/mr-ahmed-elmorsy,/specialists/mr-ahmed-elmorsy,301,live listing
/orthopaedic-surgeon/mr-ahmed-latif,/specialists/mr-ahmed-latif,301,live listing
/orthopaedic-surgeon/mr-ajeet-kumar,/specialists/mr-ajeet-kumar,301,live listing
/orthopaedic-surgeon/mr-alaa-moftah,/specialists/mr-alaa-moftah,301,live listing
/orthopaedic-surgeon/mr-alagappan-sivaraman,/specialists/mr-alagappan-sivaraman,301,live listing
/orthopaedic-surgeon/mr-alain-iserin,/specialists/mr-alain-iserin,301,live listing
/orthopaedic-surgeon/mr-alan-macleod,/specialists/mr-alan-macleod,301,live listing
/orthopaedic-surgeon/mr-alan-norrish,/specialists/mr-alan-norrish,301,live listing
/orthopaedic-surgeon/mr-alan-white,/specialists/mr-alan-white,301,live listing
/orthopaedic-surgeon/mr-alastair-graham,/specialists/mr-alastair-graham,301,live listing
/orthopaedic-surgeon/mr-alastair-vince,/specialists/mr-alastair-vince,301,live listing
/orthopaedic-surgeon/mr-alex-torrie,/specialists/mr-alex-torrie,301,live listing
/orthopaedic-surgeon/mr-alexander-ashmore,/specialists/mr-alexander-ashmore,301,live listing
/orthopaedic-surgeon/mr-alexander-d-liddle,/specialists/mr-alexander-d-liddle,301,live listing
/orthopaedic-surgeon/mr-alexander-dinneen,/specialists/mr-alexander-dinneen,301,live listing
/orthopaedic-surgeon/mr-alexander-gibson,/specialists/mr-alexander-gibson,301,live listing
/orthopaedic-surgeon/mr-alexander-montgomery,/specialists/mr-alexander-montgomery,301,live listing
/orthopaedic-surgeon/mr-alexander-watson,/specialists/mr-alexander-watson,301,live listing
/orthopaedic-surgeon/mr-ali-al-sabti,/specialists/mr-ali-al-sabti,301,live listing
/orthopaedic-surgeon/mr-ali-bajwa,/specialists/mr-ali-bajwa,301,live listing
/orthopaedic-surgeon/mr-ali-narvani,/specialists/mr-ali-narvani,301,live listing
/orthopaedic-surgeon/mr-alistair-r-phillips,/specialists/mr-alistair-r-phillips,301,live listing
/orthopaedic-surgeon/mr-alistair-ross,/specialists/mr-alistair-ross,301,live listing
/orthopaedic-surgeon/mr-alistair-tindall,/specialists/mr-alistair-tindall,301,live listing
/orthopaedic-surgeon/mr-aloke-singhania,/specialists/mr-aloke-singhania,301,live listing
/orthopaedic-surgeon/mr-alvin-chen,/specialists/mr-alvin-chen,301,live listing
/orthopaedic-surgeon/mr-am-rai,/specialists/mr-am-rai,301,live listing
/orthopaedic-surgeon/mr-amar-malhas,/specialists/mr-amar-malhas,301,live listing
/orthopaedic-surgeon/mr-amgad-nakhla,/specialists/mr-amgad-nakhla,301,live listing
/orthopaedic-surgeon/mr-amir-qureshi,/specialists/mr-amir-qureshi,301,live listing
/orthopaedic-surgeon/mr-amit-datta,/specialists/mr-amit-datta,301,live listing
/orthopaedic-surgeon/mr-amit-kumar-bhargava,/specialists/mr-amit-kumar-bhargava,301,live listing
/orthopaedic-surgeon/mr-amit-modi,/specialists/mr-amit-modi,301,live listing
/orthopaedic-surgeon/mr-amit-r-tolat,/specialists/mr-amit-r-tolat,301,live listing
/orthopaedic-surgeon/mr-amitabh-dwyer,/specialists/mr-amitabh-dwyer,301,live listing
/orthopaedic-surgeon/mr-amr-elkhouly,/specialists/mr-amr-elkhouly,301,live listing
/orthopaedic-surgeon/mr-anand-arya,/specialists/mr-anand-arya,301,live listing
/orthopaedic-surgeon/mr-andrew-carr,/specialists/mr-andrew-carr,301,live listing
/orthopaedic-surgeon/mr-andrew-carrothers,/specialists/mr-andrew-carrothers,301,live listing
/orthopaedic-surgeon/mr-andrew-cobb,/specialists/mr-andrew-cobb,301,live listing
/orthopaedic-surgeon/mr-andrew-cole,/specialists/mr-andrew-cole,301,live listing
/orthopaedic-surgeon/mr-andrew-cook,/specialists/mr-andrew-cook,301,live listing
/orthopaedic-surgeon/mr-andrew-cossey,/specialists/mr-andrew-cossey,301,live listing
/orthopaedic-surgeon/mr-andrew-f-m-mckee,/specialists/mr-andrew-f-m-mckee,301,live listing
/orthopaedic-surgeon/mr-andrew-fred-robinson,/specialists/mr-andrew-fred-robinson,301,live listing
/orthopaedic-surgeon/mr-andrew-frost,/specialists/mr-andrew-frost,301,live listing
/orthopaedic-surgeon/mr-andrew-j-davies,/specialists/mr-andrew-j-davies,301,live listing
/orthopaedic-surgeon/mr-andrew-john-dunn,/specialists/mr-andrew-john-dunn,301,live listing
/orthopaedic-surgeon/mr-andrew-langdown,/specialists/mr-andrew-langdown,301,live listing
/orthopaedic-surgeon/mr-andrew-macdowell,/specialists/mr-andrew-macdowell,301,live listing
/orthopaedic-surgeon/mr-andrew-perry,/specialists/mr-andrew-perry,301,live listing
/orthopaedic-surgeon/mr-andrew-r-armitage,/specialists/mr-andrew-r-armitage,301,live listing
/orthopaedic-surgeon/mr-andrew-shepherd,/specialists/mr-andrew-shepherd,301,live listing
/orthopaedic-surgeon/mr-andrew-skyrme,/specialists/mr-andrew-skyrme,301,live listing
/orthopaedic-surgeon/mr-andrew-wallace,/specialists/mr-andrew-wallace,301,live listing
/orthopaedic-surgeon/mr-andrew-white,/specialists/mr-andrew-white,301,live listing
/orthopaedic-surgeon/mr-andrew-young,/specialists/mr-andrew-young,301,live listing
/orthopaedic-surgeon/mr-andy-hacker,/specialists/mr-andy-hacker,301,live listing
/orthopaedic-surgeon/mr-aneel-ansari,/specialists/mr-aneel-ansari,301,live listing
/orthopaedic-surgeon/mr-anele-ebizie,/specialists/mr-anele-ebizie,301,live listing
/orthopaedic-surgeon/mr-angelos-assiotis,/specialists/mr-angelos-assiotis,301,live listing
/orthopaedic-surgeon/mr-anil-prasanna,/specialists/mr-anil-prasanna,301,live listing
/orthopaedic-surgeon/mr-aniruddha-pendse,/specialists/mr-aniruddha-pendse,301,live listing
/orthopaedic-surgeon/mr-anish-pradip-sanghrajka,/specialists/mr-anish-pradip-sanghrajka,301,live listing
/orthopaedic-surgeon/mr-anoop-anugraha,/specialists/mr-anoop-anugraha,301,live listing
/orthopaedic-surgeon/mr-anthony-hearnden,/specialists/mr-anthony-hearnden,301,live listing
/orthopaedic-surgeon/mr-anthony-sakellariou,/specialists/mr-anthony-sakellariou,301,live listing
/orthopaedic-surgeon/mr-antonio-andrade,/specialists/mr-antonio-andrade,301,live listing
/orthopaedic-surgeon/mr-aprajit-bhalla,/specialists/mr-aprajit-bhalla,301,live listing
/orthopaedic-surgeon/mr-araz-massraf,/specialists/mr-araz-massraf,301,live listing
/orthopaedic-surgeon/mr-aresh-hashemi-nejad,/specialists/mr-aresh-hashemi-nejad,301,live listing
/orthopaedic-surgeon/mr-arfan-malhi,/specialists/mr-arfan-malhi,301,live listing
/orthopaedic-surgeon/mr-aria-daneshfar,/specialists/mr-aria-daneshfar,301,live listing
/orthopaedic-surgeon/mr-aria-ghassemi,/specialists/mr-aria-ghassemi,301,live listing
/orthopaedic-surgeon/mr-arif-a-khan,/specialists/mr-arif-a-khan,301,live listing
/orthopaedic-surgeon/mr-arijit-ghosh,/specialists/mr-arijit-ghosh,301,live listing
/orthopaedic-surgeon/mr-arijit-mallick,/specialists/mr-arijit-mallick,301,live listing
/orthopaedic-surgeon/mr-arman-memarzadeh,/specialists/mr-arman-memarzadeh,301,live listing
/orthopaedic-surgeon/mr-arpit-patel,/specialists/mr-arpit-patel,301,live listing
/orthopaedic-surgeon/mr-arshad-khaleel,/specialists/mr-arshad-khaleel,301,live listing
/orthopaedic-surgeon/mr-arun-ranganathan,/specialists/mr-arun-ranganathan,301,live listing
/orthopaedic-surgeon/mr-asef-al-ani,/specialists/mr-asef-al-ani,301,live listing
/orthopaedic-surgeon/mr-ashok-v-acharya,/specialists/mr-ashok-v-acharya,301,live listing
/orthopaedic-surgeon/mr-ashwin-kulkarni,/specialists/mr-ashwin-kulkarni,301,live listing
/orthopaedic-surgeon/mr-ashwin-unnithan,/specialists/mr-ashwin-unnithan,301,live listing
/orthopaedic-surgeon/mr-asif-parkar,/specialists/mr-asif-parkar,301,live listing
/orthopaedic-surgeon/mr-aslam-mohammed,/specialists/mr-aslam-mohammed,301,live listing
/orthopaedic-surgeon/mr-aswinkumar-vasireddy,/specialists/mr-aswinkumar-vasireddy,301,live listing
/orthopaedic-surgeon/mr-awaiz-ahmed,/specialists/mr-awaiz-ahmed,301,live listing
/orthopaedic-surgeon/mr-babur-mahmood,/specialists/mr-babur-mahmood,301,live listing
/orthopaedic-surgeon/mr-barry-ferris,/specialists/mr-barry-ferris,301,live listing
/orthopaedic-surgeon/mr-basil-budair,/specialists/mr-basil-budair,301,live listing
/orthopaedic-surgeon/mr-ben-spiegelberg,/specialists/mr-ben-spiegelberg,301,live listing
/orthopaedic-surgeon/mr-ben-taylor,/specialists/mr-ben-taylor,301,live listing
/orthopaedic-surgeon/mr-benan-dala-ali,/specialists/mr-benan-dala-ali,301,live listing
/orthopaedic-surgeon/mr-benedict-j-lankester,/specialists/mr-benedict-j-lankester,301,live listing
/orthopaedic-surgeon/mr-benignus-okafor,/specialists/mr-benignus-okafor,301,live listing
/orthopaedic-surgeon/mr-bernard-mcelroy,/specialists/mr-bernard-mcelroy,301,live listing
/orthopaedic-surgeon/mr-bhavik-shah,/specialists/mr-bhavik-shah,301,live listing
/orthopaedic-surgeon/mr-bhupinder-singh-mann,/specialists/mr-bhupinder-singh-mann,301,live listing
/orthopaedic-surgeon/mr-bijan-shafighian,/specialists/mr-bijan-shafighian,301,live listing
/orthopaedic-surgeon/mr-bilal-al-obaidi,/specialists/mr-bilal-al-obaidi,301,live listing
/orthopaedic-surgeon/mr-billy-jowett,/specialists/mr-billy-jowett,301,live listing
/orthopaedic-surgeon/mr-biyyam-rao,/specialists/mr-biyyam-rao,301,live listing
/orthopaedic-surgeon/mr-bob-chatterjee_rejected,/specialists/mr-bob-chatterjee_rejected,301,live listing
/orthopaedic-surgeon/mr-bob-sharp,/specialists/mr-bob-sharp,301,live listing
/orthopaedic-surgeon/mr-bobby-anand,/specialists/mr-bobby-anand,301,live listing
/orthopaedic-surgeon/mr-brian-levack,/specialists/mr-brian-levack,301,live listing
/orthopaedic-surgeon/mr-callum-clark,/specialists/mr-callum-clark,301,live listing
/orthopaedic-surgeon/mr-cameron-hatrick,/specialists/mr-cameron-hatrick,301,live listing
/orthopaedic-surgeon/mr-campbell-hand,/specialists/mr-campbell-hand,301,live listing
/orthopaedic-surgeon/mr-carlos-cobiella,/specialists/mr-carlos-cobiella,301,live listing
/orthopaedic-surgeon/mr-charalambos-charalambides,/specialists/mr-charalambos-charalambides,301,live listing
/orthopaedic-surgeon/mr-charalambos-charalambous,/specialists/mr-charalambos-charalambous,301,live listing
/orthopaedic-surgeon/mr-charles-a-willis-owen,/specialists/mr-charles-a-willis-owen,301,live listing
/orthopaedic-surgeon/mr-charles-aldam,/specialists/mr-charles-aldam,301,live listing
/orthopaedic-surgeon/mr-charles-blakeway,/specialists/mr-charles-blakeway,301,live listing
/orthopaedic-surgeon/mr-charles-gibbons,/specialists/mr-charles-gibbons,301,live listing
/orthopaedic-surgeon/mr-charles-mann,/specialists/mr-charles-mann,301,live listing
/orthopaedic-surgeon/mr-chatenya-chauhan,/specialists/mr-chatenya-chauhan,301,live listing
/orthopaedic-surgeon/mr-chetan-modi,/specialists/mr-chetan-modi,301,live listing
/orthopaedic-surgeon/mr-chethan-jayadev,/specialists/mr-chethan-jayadev,301,live listing
/orthopaedic-surgeon/mr-chinmay-gupte,/specialists/mr-chinmay-gupte,301,live listing
/orthopaedic-surgeon/mr-chinnakonda-arvind,/specialists/mr-chinnakonda-arvind,301,live listing
/orthopaedic-surgeon/mr-chris-coates,/specialists/mr-chris-coates,301,live listing
/orthopaedic-surgeon/mr-chris-roberts,/specialists/mr-chris-roberts,301,live listing
/orthopaedic-surgeon/mr-chris-williams,/specialists/mr-chris-williams,301,live listing
/orthopaedic-surgeon/mr-christian-kinmont,/specialists/mr-christian-kinmont,301,live listing
/orthopaedic-surgeon/mr-christopher-bache,/specialists/mr-christopher-bache,301,live listing
/orthopaedic-surgeon/mr-christopher-brown,/specialists/mr-christopher-brown,301,live listing
/orthopaedic-surgeon/mr-christopher-dare,/specialists/mr-christopher-dare,301,live listing
/orthopaedic-surgeon/mr-christopher-dodd,/specialists/mr-christopher-dodd,301,live listing
/orthopaedic-surgeon/mr-christopher-fetherston,/specialists/mr-christopher-fetherston,301,live listing
/orthopaedic-surgeon/mr-christopher-hobbs,/specialists/mr-christopher-hobbs,301,live listing
/orthopaedic-surgeon/mr-christopher-hulme,/specialists/mr-christopher-hulme,301,live listing
/orthopaedic-surgeon/mr-christopher-jack,/specialists/mr-christopher-jack,301,live listing
/orthopaedic-surgeon/mr-christopher-james,/specialists/mr-christopher-james,301,live listing
/orthopaedic-surgeon/mr-christopher-lawrence,/specialists/mr-christopher-lawrence,301,live listing
/orthopaedic-surgeon/mr-christopher-mitchell,/specialists/mr-christopher-mitchell,301,live listing
/orthopaedic-surgeon/mr-christopher-rees,/specialists/mr-christopher-rees,301,live listing
/orthopaedic-surgeon/mr-christopher-schofield,/specialists/mr-christopher-schofield,301,live listing
/orthopaedic-surgeon/mr-christopher-walker,/specialists/mr-christopher-walker,301,live listing
/orthopaedic-surgeon/mr-christos-plakogiannis,/specialists/mr-christos-plakogiannis,301,live listing
/orthopaedic-surgeon/mr-colin-esler,/specialists/mr-colin-esler,301,live listing
/orthopaedic-surgeon/mr-colin-natali,/specialists/mr-colin-natali,301,live listing
/orthopaedic-surgeon/mr-craig-h-gerrand,/specialists/mr-craig-h-gerrand,301,live listing
/orthopaedic-surgeon/mr-d-jon-lopez,/specialists/mr-d-jon-lopez,301,live listing
/orthopaedic-surgeon/mr-damian-clark,/specialists/mr-damian-clark,301,live listing
/orthopaedic-surgeon/mr-damian-fahy,/specialists/mr-damian-fahy,301,live listing
/orthopaedic-surgeon/mr-dan-arvinte,/specialists/mr-dan-arvinte,301,live listing
/orthopaedic-surgeon/mr-daniel-engelke,/specialists/mr-daniel-engelke,301,live listing
/orthopaedic-surgeon/mr-daniel-j-rossouw,/specialists/mr-daniel-j-rossouw,301,live listing
/orthopaedic-surgeon/mr-daniel-marsland,/specialists/mr-daniel-marsland,301,live listing
/orthopaedic-surgeon/mr-daniel-neen,/specialists/mr-daniel-neen,301,live listing
/orthopaedic-surgeon/mr-daniel-reed,/specialists/mr-daniel-reed,301,live listing
/orthopaedic-surgeon/mr-daniel-rolton,/specialists/mr-daniel-rolton,301,live listing
/orthopaedic-surgeon/mr-daniel-williams,/specialists/mr-daniel-williams,301,live listing
/orthopaedic-surgeon/mr-daoud-makki,/specialists/mr-daoud-makki,301,live listing
/orthopaedic-surgeon/mr-darius-rad,/specialists/mr-darius-rad,301,live listing
/orthopaedic-surgeon/mr-darren-clark,/specialists/mr-darren-clark,301,live listing
/orthopaedic-surgeon/mr-daud-chou,/specialists/mr-daud-chou,301,live listing
/orthopaedic-surgeon/mr-david-a-a-archibald,/specialists/mr-david-a-a-archibald,301,live listing
/orthopaedic-surgeon/mr-david-ahearne,/specialists/mr-david-ahearne,301,live listing
/orthopaedic-surgeon/mr-david-butt,/specialists/mr-david-butt,301,live listing
/orthopaedic-surgeon/mr-david-calder,/specialists/mr-david-calder,301,live listing
/orthopaedic-surgeon/mr-david-chapple,/specialists/mr-david-chapple,301,live listing
/orthopaedic-surgeon/mr-david-conlan,/specialists/mr-david-conlan,301,live listing
/orthopaedic-surgeon/mr-david-cox,/specialists/mr-david-cox,301,live listing
/orthopaedic-surgeon/mr-david-dalton,/specialists/mr-david-dalton,301,live listing
/orthopaedic-surgeon/mr-david-elliott,/specialists/mr-david-elliott,301,live listing
/orthopaedic-surgeon/mr-david-farr,/specialists/mr-david-farr,301,live listing
/orthopaedic-surgeon/mr-david-gidden,/specialists/mr-david-gidden,301,live listing
/orthopaedic-surgeon/mr-david-gordon,/specialists/mr-david-gordon,301,live listing
/orthopaedic-surgeon/mr-david-hargreaves,/specialists/mr-david-hargreaves,301,live listing
/orthopaedic-surgeon/mr-david-hartwright,/specialists/mr-david-hartwright,301,live listing
/orthopaedic-surgeon/mr-david-higgs,/specialists/mr-david-higgs,301,live listing
/orthopaedic-surgeon/mr-david-hinsley,/specialists/mr-david-hinsley,301,live listing
/orthopaedic-surgeon/mr-david-hollinghurst,/specialists/mr-david-hollinghurst,301,live listing
/orthopaedic-surgeon/mr-david-houlihan-burne,/specialists/mr-david-houlihan-burne,301,live listing
/orthopaedic-surgeon/mr-david-johnstone,/specialists/mr-david-johnstone,301,live listing
/orthopaedic-surgeon/mr-david-l-clark,/specialists/mr-david-l-clark,301,live listing
/orthopaedic-surgeon/mr-david-loveday,/specialists/mr-david-loveday,301,live listing
/orthopaedic-surgeon/mr-david-noyes,/specialists/mr-david-noyes,301,live listing
/orthopaedic-surgeon/mr-david-o-connor,/specialists/mr-david-o-connor,301,live listing
/orthopaedic-surgeon/mr-david-redfern,/specialists/mr-david-redfern,301,live listing
/orthopaedic-surgeon/mr-david-ricketts,/specialists/mr-david-ricketts,301,live listing
/orthopaedic-surgeon/mr-david-rose,/specialists/mr-david-rose,301,live listing
/orthopaedic-surgeon/mr-david-sweetnam,/specialists/mr-david-sweetnam,301,live listing
/orthopaedic-surgeon/mr-david-williamson,/specialists/mr-david-williamson,301,live listing
/orthopaedic-surgeon/mr-david-yeoh,/specialists/mr-david-yeoh,301,live listing
/orthopaedic-surgeon/mr-dean-michael,/specialists/mr-dean-michael,301,live listing
/orthopaedic-surgeon/mr-dennis-edwards,/specialists/mr-dennis-edwards,301,live listing
/orthopaedic-surgeon/mr-dennis-kosuge,/specialists/mr-dennis-kosuge,301,live listing
/orthopaedic-surgeon/mr-derek-robinson,/specialists/mr-derek-robinson,301,live listing
/orthopaedic-surgeon/mr-dev-mahadevan,/specialists/mr-dev-mahadevan,301,live listing
/orthopaedic-surgeon/mr-dinesh-nathwani,/specialists/mr-dinesh-nathwani,301,live listing
/orthopaedic-surgeon/mr-dipen-menon,/specialists/mr-dipen-menon,301,live listing
/orthopaedic-surgeon/mr-divyang-shukla,/specialists/mr-divyang-shukla,301,live listing
/orthopaedic-surgeon/mr-dominic-davenport,/specialists/mr-dominic-davenport,301,live listing
/orthopaedic-surgeon/mr-dominic-nielsen,/specialists/mr-dominic-nielsen,301,live listing
/orthopaedic-surgeon/mr-dominic-w-n-simon,/specialists/mr-dominic-w-n-simon,301,live listing
/orthopaedic-surgeon/mr-donald-wallace,/specialists/mr-donald-wallace,301,live listing
/orthopaedic-surgeon/mr-douglas-robinson,/specialists/mr-douglas-robinson,301,live listing
/orthopaedic-surgeon/mr-duncan-avis,/specialists/mr-duncan-avis,301,live listing
/orthopaedic-surgeon/mr-duncan-watkinson,/specialists/mr-duncan-watkinson,301,live listing
/orthopaedic-surgeon/mr-duncan-whitwell,/specialists/mr-duncan-whitwell,301,live listing
/orthopaedic-surgeon/mr-dushyant-thakkar,/specialists/mr-dushyant-thakkar,301,live listing
/orthopaedic-surgeon/mr-dylan-griffiths,/specialists/mr-dylan-griffiths,301,live listing
/orthopaedic-surgeon/mr-edison-mark-prempeh,/specialists/mr-edison-mark-prempeh,301,live listing
/orthopaedic-surgeon/mr-edward-ibrahim,/specialists/mr-edward-ibrahim,301,live listing
/orthopaedic-surgeon/mr-edward-j-parnell,/specialists/mr-edward-j-parnell,301,live listing
/orthopaedic-surgeon/mr-edward-m-h-gardner,/specialists/mr-edward-m-h-gardner,301,live listing
/orthopaedic-surgeon/mr-edward-r-tayton,/specialists/mr-edward-r-tayton,301,live listing
/orthopaedic-surgeon/mr-elliot-sorene,/specialists/mr-elliot-sorene,301,live listing
/orthopaedic-surgeon/mr-emmet-griffiths,/specialists/mr-emmet-griffiths,301,live listing
/orthopaedic-surgeon/mr-enrique-saavedra,/specialists/mr-enrique-saavedra,301,live listing
/orthopaedic-surgeon/mr-erman-melikyan,/specialists/mr-erman-melikyan,301,live listing
/orthopaedic-surgeon/mr-evan-davies,/specialists/mr-evan-davies,301,live listing
/orthopaedic-surgeon/mr-ewan-bigsby,/specialists/mr-ewan-bigsby,301,live listing
/orthopaedic-surgeon/mr-f-r-hashmi,/specialists/mr-f-r-hashmi,301,live listing
/orthopaedic-surgeon/mr-fabian-norman-taylor,/specialists/mr-fabian-norman-taylor,301,live listing
/orthopaedic-surgeon/mr-faisal-hussain,/specialists/mr-faisal-hussain,301,live listing
/orthopaedic-surgeon/mr-farid-moftah,/specialists/mr-farid-moftah,301,live listing
/orthopaedic-surgeon/mr-feroz-dinah,/specialists/mr-feroz-dinah,301,live listing
/orthopaedic-surgeon/mr-gabriel-alo,/specialists/mr-gabriel-alo,301,live listing
/orthopaedic-surgeon/mr-gana-mani,/specialists/mr-gana-mani,301,live listing
/orthopaedic-surgeon/mr-gareth-harper,/specialists/mr-gareth-harper,301,live listing
/orthopaedic-surgeon/mr-gareth-hill,/specialists/mr-gareth-hill,301,live listing
/orthopaedic-surgeon/mr-gareth-wells,/specialists/mr-gareth-wells,301,live listing
/orthopaedic-surgeon/mr-gary-mundy,/specialists/mr-gary-mundy,301,live listing
/orthopaedic-surgeon/mr-gavin-bowyer,/specialists/mr-gavin-bowyer,301,live listing
/orthopaedic-surgeon/mr-gavin-brigstocke,/specialists/mr-gavin-brigstocke,301,live listing
/orthopaedic-surgeon/mr-gavin-d-j-marsh,/specialists/mr-gavin-d-j-marsh,301,live listing
/orthopaedic-surgeon/mr-gavin-hussell,/specialists/mr-gavin-hussell,301,live listing
/orthopaedic-surgeon/mr-gavin-jennings,/specialists/mr-gavin-jennings,301,live listing
/orthopaedic-surgeon/mr-gennadi-kalap,/specialists/mr-gennadi-kalap,301,live listing
/orthopaedic-surgeon/mr-geoffrey-stranks,/specialists/mr-geoffrey-stranks,301,live listing
/orthopaedic-surgeon/mr-george-louis-daniel-cox,/specialists/mr-george-louis-daniel-cox,301,live listing
/orthopaedic-surgeon/mr-george-smith,/specialists/mr-george-smith,301,live listing
/orthopaedic-surgeon/mr-george-tselentakis,/specialists/mr-george-tselentakis,301,live listing
/orthopaedic-surgeon/mr-george-verghese,/specialists/mr-george-verghese,301,live listing
/orthopaedic-surgeon/mr-georgios-mazis,/specialists/mr-georgios-mazis,301,live listing
/orthopaedic-surgeon/mr-ghulam-abbas,/specialists/mr-ghulam-abbas,301,live listing
/orthopaedic-surgeon/mr-gian-singer,/specialists/mr-gian-singer,301,live listing
/orthopaedic-surgeon/mr-giles-nicholas-anselm-heilpern,/specialists/mr-giles-nicholas-anselm-heilpern,301,live listing
/orthopaedic-surgeon/mr-girish-swamy,/specialists/mr-girish-swamy,301,live listing
/orthopaedic-surgeon/mr-giuseppe-morassi,/specialists/mr-giuseppe-morassi,301,live listing
/orthopaedic-surgeon/mr-giuseppe-sforza,/specialists/mr-giuseppe-sforza,301,live listing
/orthopaedic-surgeon/mr-glyn-evans,/specialists/mr-glyn-evans,301,live listing
/orthopaedic-surgeon/mr-godfrey-charnley,/specialists/mr-godfrey-charnley,301,live listing
/orthopaedic-surgeon/mr-gora-pathak,/specialists/mr-gora-pathak,301,live listing
/orthopaedic-surgeon/mr-gorav-datta,/specialists/mr-gorav-datta,301,live listing
/orthopaedic-surgeon/mr-gordon-shepard,/specialists/mr-gordon-shepard,301,live listing
/orthopaedic-surgeon/mr-graeme-taylor,/specialists/mr-graeme-taylor,301,live listing
/orthopaedic-surgeon/mr-graham-keene,/specialists/mr-graham-keene,301,live listing
/orthopaedic-surgeon/mr-graham-m-robbins,/specialists/mr-graham-m-robbins,301,live listing
/orthopaedic-surgeon/mr-graham-myers,/specialists/mr-graham-myers,301,live listing
/orthopaedic-surgeon/mr-graham-tytherleigh-strong,/specialists/mr-graham-tytherleigh-strong,301,live listing
/orthopaedic-surgeon/mr-gregor-kerr,/specialists/mr-gregor-kerr,301,live listing
/orthopaedic-surgeon/mr-gregory-packer,/specialists/mr-gregory-packer,301,live listing
/orthopaedic-surgeon/mr-gurbinder-nandhara,/specialists/mr-gurbinder-nandhara,301,live listing
/orthopaedic-surgeon/mr-gurdip-shergill,/specialists/mr-gurdip-shergill,301,live listing
/orthopaedic-surgeon/mr-guy-barham,/specialists/mr-guy-barham,301,live listing
/orthopaedic-surgeon/mr-guy-paremain,/specialists/mr-guy-paremain,301,live listing
/orthopaedic-surgeon/mr-guy-selmon,/specialists/mr-guy-selmon,301,live listing
/orthopaedic-surgeon/mr-guy-slater,/specialists/mr-guy-slater,301,live listing
/orthopaedic-surgeon/mr-hamid-zadeh,/specialists/mr-hamid-zadeh,301,live listing
/orthopaedic-surgeon/mr-hamidreza-khairandish,/specialists/mr-hamidreza-khairandish,301,live listing
/orthopaedic-surgeon/mr-harbhajan-plaha,/specialists/mr-harbhajan-plaha,301,live listing
/orthopaedic-surgeon/mr-harish-kurup,/specialists/mr-harish-kurup,301,live listing
/orthopaedic-surgeon/mr-harminder-gosal,/specialists/mr-harminder-gosal,301,live listing
/orthopaedic-surgeon/mr-harold-nwaboku,/specialists/mr-harold-nwaboku,301,live listing
/orthopaedic-surgeon/mr-haroon-adam-mann,/specialists/mr-haroon-adam-mann,301,live listing
/orthopaedic-surgeon/mr-harpal-singh-uppal,/specialists/mr-harpal-singh-uppal,301,live listing
/orthopaedic-surgeon/mr-harry-brownlow,/specialists/mr-harry-brownlow,301,live listing
/orthopaedic-surgeon/mr-harshad-dabke,/specialists/mr-harshad-dabke,301,live listing
/orthopaedic-surgeon/mr-harvey-sandhu,/specialists/mr-harvey-sandhu,301,live listing
/orthopaedic-surgeon/mr-heath-taylor,/specialists/mr-heath-taylor,301,live listing
/orthopaedic-surgeon/mr-helmut-zahn,/specialists/mr-helmut-zahn,301,live listing
/orthopaedic-surgeon/mr-henry-bourke,/specialists/mr-henry-bourke,301,live listing
/orthopaedic-surgeon/mr-henry-demo-profile,/specialists/mr-henry-demo-profile,301,live listing
/orthopaedic-surgeon/mr-henry-willmott,/specialists/mr-henry-willmott,301,live listing
/orthopaedic-surgeon/mr-hilali-noordeen,/specialists/mr-hilali-noordeen,301,live listing
/orthopaedic-surgeon/mr-hinesh-bhatt,/specialists/mr-hinesh-bhatt,301,live listing
/orthopaedic-surgeon/mr-hossam-roushdi,/specialists/mr-hossam-roushdi,301,live listing
/orthopaedic-surgeon/mr-howard-cottam,/specialists/mr-howard-cottam,301,live listing
/orthopaedic-surgeon/mr-htwe-zaw,/specialists/mr-htwe-zaw,301,live listing
/orthopaedic-surgeon/mr-hugh-fox,/specialists/mr-hugh-fox,301,live listing
/orthopaedic-surgeon/mr-ian-bacarese-hamilton,/specialists/mr-ian-bacarese-hamilton,301,live listing
/orthopaedic-surgeon/mr-ian-garnham,/specialists/mr-ian-garnham,301,live listing
/orthopaedic-surgeon/mr-ian-r-gill,/specialists/mr-ian-r-gill,301,live listing
/orthopaedic-surgeon/mr-ian-sinha,/specialists/mr-ian-sinha,301,live listing
/orthopaedic-surgeon/mr-ibraheim-el-daly,/specialists/mr-ibraheim-el-daly,301,live listing
/orthopaedic-surgeon/mr-imran-rafiq,/specialists/mr-imran-rafiq,301,live listing
/orthopaedic-surgeon/mr-ioan-tudur-jones,/specialists/mr-ioan-tudur-jones,301,live listing
/orthopaedic-surgeon/mr-ioannis-polyzois,/specialists/mr-ioannis-polyzois,301,live listing
/orthopaedic-surgeon/mr-irwin-lasrado,/specialists/mr-irwin-lasrado,301,live listing
/orthopaedic-surgeon/mr-ivan-vidakovic,/specialists/mr-ivan-vidakovic,301,live listing
/orthopaedic-surgeon/mr-jack-mcallister,/specialists/mr-jack-mcallister,301,live listing
/orthopaedic-surgeon/mr-jagwant-singh,/specialists/mr-jagwant-singh,301,live listing
/orthopaedic-surgeon/mr-jai-chitnavis,/specialists/mr-jai-chitnavis,301,live listing
/orthopaedic-surgeon/mr-jaikumar-relwani,/specialists/mr-jaikumar-relwani,301,live listing
/orthopaedic-surgeon/mr-james-arbuthnot,/specialists/mr-james-arbuthnot,301,live listing
/orthopaedic-surgeon/mr-james-berstock,/specialists/mr-james-berstock,301,live listing
/orthopaedic-surgeon/mr-james-calder,/specialists/mr-james-calder,301,live listing
/orthopaedic-surgeon/mr-james-casha,/specialists/mr-james-casha,301,live listing
/orthopaedic-surgeon/mr-james-donaldson,/specialists/mr-james-donaldson,301,live listing
/orthopaedic-surgeon/mr-james-gibbs,/specialists/mr-james-gibbs,301,live listing
/orthopaedic-surgeon/mr-james-hopkinson-woolley,/specialists/mr-james-hopkinson-woolley,301,live listing
/orthopaedic-surgeon/mr-james-langdon,/specialists/mr-james-langdon,301,live listing
/orthopaedic-surgeon/mr-james-lewis,/specialists/mr-james-lewis,301,live listing
/orthopaedic-surgeon/mr-james-logan,/specialists/mr-james-logan,301,live listing
/orthopaedic-surgeon/mr-james-mckenzie,/specialists/mr-james-mckenzie,301,live listing
/orthopaedic-surgeon/mr-james-nicholl,/specialists/mr-james-nicholl,301,live listing
/orthopaedic-surgeon/mr-james-owen,/specialists/mr-james-owen,301,live listing
/orthopaedic-surgeon/mr-james-pegrum,/specialists/mr-james-pegrum,301,live listing
/orthopaedic-surgeon/mr-james-r-carmichael,/specialists/mr-james-r-carmichael,301,live listing
/orthopaedic-surgeon/mr-james-ramos,/specialists/mr-james-ramos,301,live listing
/orthopaedic-surgeon/mr-james-ritchie,/specialists/mr-james-ritchie,301,live listing
/orthopaedic-surgeon/mr-james-robinson,/specialists/mr-james-robinson,301,live listing
/orthopaedic-surgeon/mr-james-singleton,/specialists/mr-james-singleton,301,live listing
/orthopaedic-surgeon/mr-james-smith,/specialists/mr-james-smith,301,live listing
/orthopaedic-surgeon/mr-james-wimhurst,/specialists/mr-james-wimhurst,301,live listing
/orthopaedic-surgeon/mr-james-youngman,/specialists/mr-james-youngman,301,live listing
/orthopaedic-surgeon/mr-jamie-flanagan,/specialists/mr-jamie-flanagan,301,live listing
/orthopaedic-surgeon/mr-jamie-griffiths,/specialists/mr-jamie-griffiths,301,live listing
/orthopaedic-surgeon/mr-jan-herzog,/specialists/mr-jan-herzog,301,live listing
/orthopaedic-surgeon/mr-jan-lehovsky,/specialists/mr-jan-lehovsky,301,live listing
/orthopaedic-surgeon/mr-jas-daurka,/specialists/mr-jas-daurka,301,live listing
/orthopaedic-surgeon/mr-jason-auld,/specialists/mr-jason-auld,301,live listing
/orthopaedic-surgeon/mr-jason-bernard,/specialists/mr-jason-bernard,301,live listing
/orthopaedic-surgeon/mr-jason-braybrooke,/specialists/mr-jason-braybrooke,301,live listing
/orthopaedic-surgeon/mr-jason-harvey,/specialists/mr-jason-harvey,301,live listing
/orthopaedic-surgeon/mr-jaykar-panchmatia,/specialists/mr-jaykar-panchmatia,301,live listing
/orthopaedic-surgeon/mr-jean-marc-guichet,/specialists/mr-jean-marc-guichet,301,live listing
/orthopaedic-surgeon/mr-jeremy-latham,/specialists/mr-jeremy-latham,301,live listing
/orthopaedic-surgeon/mr-jeremy-read,/specialists/mr-jeremy-read,301,live listing
/orthopaedic-surgeon/mr-jeremy-rushbrook,/specialists/mr-jeremy-rushbrook,301,live listing
/orthopaedic-surgeon/mr-jeremy-southgate,/specialists/mr-jeremy-southgate,301,live listing
/orthopaedic-surgeon/mr-jeremy-stanton,/specialists/mr-jeremy-stanton,301,live listing
/orthopaedic-surgeon/mr-joel-melton,/specialists/mr-joel-melton,301,live listing
/orthopaedic-surgeon/mr-john-crawford,/specialists/mr-john-crawford,301,live listing
/orthopaedic-surgeon/mr-john-dabis,/specialists/mr-john-dabis,301,live listing
/orthopaedic-surgeon/mr-john-davison,/specialists/mr-john-davison,301,live listing
/orthopaedic-surgeon/mr-john-dooley,/specialists/mr-john-dooley,301,live listing
/orthopaedic-surgeon/mr-john-grice,/specialists/mr-john-grice,301,live listing
/orthopaedic-surgeon/mr-john-hardy,/specialists/mr-john-hardy,301,live listing
/orthopaedic-surgeon/mr-john-mcmaster,/specialists/mr-john-mcmaster,301,live listing
/orthopaedic-surgeon/mr-john-morley,/specialists/mr-john-morley,301,live listing
/orthopaedic-surgeon/mr-john-p-ivory,/specialists/mr-john-p-ivory,301,live listing
/orthopaedic-surgeon/mr-john-p-murphy,/specialists/mr-john-p-murphy,301,live listing
/orthopaedic-surgeon/mr-john-pradeep-vedraj-edwin,/specialists/mr-john-pradeep-vedraj-edwin,301,live listing
/orthopaedic-surgeon/mr-john-rosson,/specialists/mr-john-rosson,301,live listing
/orthopaedic-surgeon/mr-john-watson,/specialists/mr-john-watson,301,live listing
/orthopaedic-surgeon/mr-johnathan-craik,/specialists/mr-johnathan-craik,301,live listing
/orthopaedic-surgeon/mr-joideep-phadnis,/specialists/mr-joideep-phadnis,301,live listing
/orthopaedic-surgeon/mr-jon-waite,/specialists/mr-jon-waite,301,live listing
/orthopaedic-surgeon/mr-jonathan-bell,/specialists/mr-jonathan-bell,301,live listing
/orthopaedic-surgeon/mr-jonathan-hobby,/specialists/mr-jonathan-hobby,301,live listing
/orthopaedic-surgeon/mr-jonathan-hull,/specialists/mr-jonathan-hull,301,live listing
/orthopaedic-surgeon/mr-jonathan-hutt,/specialists/mr-jonathan-hutt,301,live listing
/orthopaedic-surgeon/mr-jonathan-johnson,/specialists/mr-jonathan-johnson,301,live listing
/orthopaedic-surgeon/mr-jonathan-jones,/specialists/mr-jonathan-jones,301,live listing
/orthopaedic-surgeon/mr-jonathan-kosy,/specialists/mr-jonathan-kosy,301,live listing
/orthopaedic-surgeon/mr-jonathan-lucas,/specialists/mr-jonathan-lucas,301,live listing
/orthopaedic-surgeon/mr-jonathan-monk,/specialists/mr-jonathan-monk,301,live listing
/orthopaedic-surgeon/mr-jonathan-mutimer,/specialists/mr-jonathan-mutimer,301,live listing
/orthopaedic-surgeon/mr-jonathan-webb,/specialists/mr-jonathan-webb,301,live listing
/orthopaedic-surgeon/mr-jonathan-wright,/specialists/mr-jonathan-wright,301,live listing
/orthopaedic-surgeon/mr-jonathon-lavelle,/specialists/mr-jonathon-lavelle,301,live listing
/orthopaedic-surgeon/mr-joseph-dias,/specialists/mr-joseph-dias,301,live listing
/orthopaedic-surgeon/mr-joseph-stanislas,/specialists/mr-joseph-stanislas,301,live listing
/orthopaedic-surgeon/mr-joseph-windley,/specialists/mr-joseph-windley,301,live listing
/orthopaedic-surgeon/mr-julian-foote,/specialists/mr-julian-foote,301,live listing
/orthopaedic-surgeon/mr-julian-leong,/specialists/mr-julian-leong,301,live listing
/orthopaedic-surgeon/mr-jwalant-mehta,/specialists/mr-jwalant-mehta,301,live listing
/orthopaedic-surgeon/mr-kailash-desai,/specialists/mr-kailash-desai,301,live listing
/orthopaedic-surgeon/mr-kambiz-hashemi,/specialists/mr-kambiz-hashemi,301,live listing
/orthopaedic-surgeon/mr-karan-johal,/specialists/mr-karan-johal,301,live listing
/orthopaedic-surgeon/mr-karan-malhotra,/specialists/mr-karan-malhotra,301,live listing
/orthopaedic-surgeon/mr-karanjit-singh-mangat,/specialists/mr-karanjit-singh-mangat,301,live listing
/orthopaedic-surgeon/mr-karl-lehndorff,/specialists/mr-karl-lehndorff,301,live listing
/orthopaedic-surgeon/mr-karthik-karuppaiah,/specialists/mr-karthik-karuppaiah,301,live listing
/orthopaedic-surgeon/mr-kasetti-ravikumar,/specialists/mr-kasetti-ravikumar,301,live listing
/orthopaedic-surgeon/mr-kerry-acton,/specialists/mr-kerry-acton,301,live listing
/orthopaedic-surgeon/mr-kesavan-sri-ram,/specialists/mr-kesavan-sri-ram,301,live listing
/orthopaedic-surgeon/mr-kevin-boyd,/specialists/mr-kevin-boyd,301,live listing
/orthopaedic-surgeon/mr-kevin-conn,/specialists/mr-kevin-conn,301,live listing
/orthopaedic-surgeon/mr-khalid-drabu,/specialists/mr-khalid-drabu,301,live listing
/orthopaedic-surgeon/mr-khalid-salem,/specialists/mr-khalid-salem,301,live listing
/orthopaedic-surgeon/mr-khalid-sharif,/specialists/mr-khalid-sharif,301,live listing
/orthopaedic-surgeon/mr-kieran-gallagher,/specialists/mr-kieran-gallagher,301,live listing
/orthopaedic-surgeon/mr-kirtikumar-shah,/specialists/mr-kirtikumar-shah,301,live listing
/orthopaedic-surgeon/mr-klaus-hilt,/specialists/mr-klaus-hilt,301,live listing
/orthopaedic-surgeon/mr-koushik-ghosh,/specialists/mr-koushik-ghosh,301,live listing
/orthopaedic-surgeon/mr-krissen-chettiar,/specialists/mr-krissen-chettiar,301,live listing
/orthopaedic-surgeon/mr-kristian-kley,/specialists/mr-kristian-kley,301,live listing
/orthopaedic-surgeon/mr-kuen-chin,/specialists/mr-kuen-chin,301,live listing
/orthopaedic-surgeon/mr-kumar-kunasingam,/specialists/mr-kumar-kunasingam,301,live listing
/orthopaedic-surgeon/mr-kuntrapaka-srinivas,/specialists/mr-kuntrapaka-srinivas,301,live listing
/orthopaedic-surgeon/mr-kush-narang,/specialists/mr-kush-narang,301,live listing
/orthopaedic-surgeon/mr-kyle-james,/specialists/mr-kyle-james,301,live listing
/orthopaedic-surgeon/mr-laszlo-zolczer,/specialists/mr-laszlo-zolczer,301,live listing
/orthopaedic-surgeon/mr-laurence-dodd,/specialists/mr-laurence-dodd,301,live listing
/orthopaedic-surgeon/mr-lee-david,/specialists/mr-lee-david,301,live listing
/orthopaedic-surgeon/mr-lee-taylor,/specialists/mr-lee-taylor,301,live listing
/orthopaedic-surgeon/mr-lee-van-rensburg,/specialists/mr-lee-van-rensburg,301,live listing
/orthopaedic-surgeon/mr-lennel-lutchman,/specialists/mr-lennel-lutchman,301,live listing
/orthopaedic-surgeon/mr-lester-wilson,/specialists/mr-lester-wilson,301,live listing
/orthopaedic-surgeon/mr-let-li-ting-wai,/specialists/mr-let-li-ting-wai,301,live listing
/orthopaedic-surgeon/mr-livio-di-mascio,/specialists/mr-livio-di-mascio,301,live listing
/orthopaedic-surgeon/mr-loren-charles,/specialists/mr-loren-charles,301,live listing
/orthopaedic-surgeon/mr-lorenzo-garagnani,/specialists/mr-lorenzo-garagnani,301,live listing
/orthopaedic-surgeon/mr-luc-louette,/specialists/mr-luc-louette,301,live listing
/orthopaedic-surgeon/mr-lukman-a-kash-khan,/specialists/mr-lukman-a-kash-khan,301,live listing
/orthopaedic-surgeon/mr-madhu-sr-tiruveedhula,/specialists/mr-madhu-sr-tiruveedhula,301,live listing
/orthopaedic-surgeon/mr-madhur-shrivastava,/specialists/mr-madhur-shrivastava,301,live listing
/orthopaedic-surgeon/mr-madhusudhan-nannaparaju,/specialists/mr-madhusudhan-nannaparaju,301,live listing
/orthopaedic-surgeon/mr-magnus-arnander,/specialists/mr-magnus-arnander,301,live listing
/orthopaedic-surgeon/mr-magnus-mclaren,/specialists/mr-magnus-mclaren,301,live listing
/orthopaedic-surgeon/mr-mahbub-alam,/specialists/mr-mahbub-alam,301,live listing
/orthopaedic-surgeon/mr-mahesh-pimple-frcs,/specialists/mr-mahesh-pimple-frcs,301,live listing
/orthopaedic-surgeon/mr-majid-chowdhry,/specialists/mr-majid-chowdhry,301,live listing
/orthopaedic-surgeon/mr-malik-moiz,/specialists/mr-malik-moiz,301,live listing
/orthopaedic-surgeon/mr-malin-wijeratna,/specialists/mr-malin-wijeratna,301,live listing
/orthopaedic-surgeon/mr-manav-raghuvanshi,/specialists/mr-manav-raghuvanshi,301,live listing
/orthopaedic-surgeon/mr-maneesh-bhatia,/specialists/mr-maneesh-bhatia,301,live listing
/orthopaedic-surgeon/mr-mangattil-rajesh,/specialists/mr-mangattil-rajesh,301,live listing
/orthopaedic-surgeon/mr-marc-george,/specialists/mr-marc-george,301,live listing
/orthopaedic-surgeon/mr-marc-patterson,/specialists/mr-marc-patterson,301,live listing
/orthopaedic-surgeon/mr-marcos-katchburian,/specialists/mr-marcos-katchburian,301,live listing
/orthopaedic-surgeon/mr-marcus-bankes,/specialists/mr-marcus-bankes,301,live listing
/orthopaedic-surgeon/mr-mark-blackman,/specialists/mr-mark-blackman,301,live listing
/orthopaedic-surgeon/mr-mark-bowditch,/specialists/mr-mark-bowditch,301,live listing
/orthopaedic-surgeon/mr-mark-c-norris,/specialists/mr-mark-c-norris,301,live listing
/orthopaedic-surgeon/mr-mark-deakin,/specialists/mr-mark-deakin,301,live listing
/orthopaedic-surgeon/mr-mark-dunbar,/specialists/mr-mark-dunbar,301,live listing
/orthopaedic-surgeon/mr-mark-edmondson,/specialists/mr-mark-edmondson,301,live listing
/orthopaedic-surgeon/mr-mark-flannery,/specialists/mr-mark-flannery,301,live listing
/orthopaedic-surgeon/mr-mark-frame,/specialists/mr-mark-frame,301,live listing
/orthopaedic-surgeon/mr-mark-goodwin,/specialists/mr-mark-goodwin,301,live listing
/orthopaedic-surgeon/mr-mark-harris,/specialists/mr-mark-harris,301,live listing
/orthopaedic-surgeon/mr-mark-jeffery,/specialists/mr-mark-jeffery,301,live listing
/orthopaedic-surgeon/mr-mark-loeffler,/specialists/mr-mark-loeffler,301,live listing
/orthopaedic-surgeon/mr-mark-proctor,/specialists/mr-mark-proctor,301,live listing
/orthopaedic-surgeon/mr-mark-webb,/specialists/mr-mark-webb,301,live listing
/orthopaedic-surgeon/mr-martin-goddard,/specialists/mr-martin-goddard,301,live listing
/orthopaedic-surgeon/mr-martin-logan,/specialists/mr-martin-logan,301,live listing
/orthopaedic-surgeon/mr-matay-arsan,/specialists/mr-matay-arsan,301,live listing
/orthopaedic-surgeon/mr-matthew-barry,/specialists/mr-matthew-barry,301,live listing
/orthopaedic-surgeon/mr-matthew-bartlett,/specialists/mr-matthew-bartlett,301,live listing
/orthopaedic-surgeon/mr-matthew-hearth,/specialists/mr-matthew-hearth,301,live listing
/orthopaedic-surgeon/mr-matthew-henderson,/specialists/mr-matthew-henderson,301,live listing
/orthopaedic-surgeon/mr-matthew-hynes,/specialists/mr-matthew-hynes,301,live listing
/orthopaedic-surgeon/mr-matthew-newton-ede,/specialists/mr-matthew-newton-ede,301,live listing
/orthopaedic-surgeon/mr-matthew-oliver,/specialists/mr-matthew-oliver,301,live listing
/orthopaedic-surgeon/mr-max-christopher-gibbons,/specialists/mr-max-christopher-gibbons,301,live listing
/orthopaedic-surgeon/mr-max-edwards,/specialists/mr-max-edwards,301,live listing
/orthopaedic-surgeon/mr-maxim-david-horwitz,/specialists/mr-maxim-david-horwitz,301,live listing
/orthopaedic-surgeon/mr-medhat-zekry,/specialists/mr-medhat-zekry,301,live listing
/orthopaedic-surgeon/mr-michael-andrew-cass,/specialists/mr-michael-andrew-cass,301,live listing
/orthopaedic-surgeon/mr-michael-cronin,/specialists/mr-michael-cronin,301,live listing
/orthopaedic-surgeon/mr-michael-dunning,/specialists/mr-michael-dunning,301,live listing
/orthopaedic-surgeon/mr-michael-elvey,/specialists/mr-michael-elvey,301,live listing
/orthopaedic-surgeon/mr-michael-foy,/specialists/mr-michael-foy,301,live listing
/orthopaedic-surgeon/mr-michael-gordon-matthews,/specialists/mr-michael-gordon-matthews,301,live listing
/orthopaedic-surgeon/mr-michael-hutton,/specialists/mr-michael-hutton,301,live listing
/orthopaedic-surgeon/mr-michael-john-risebury,/specialists/mr-michael-john-risebury,301,live listing
/orthopaedic-surgeon/mr-michael-katsimihas,/specialists/mr-michael-katsimihas,301,live listing
/orthopaedic-surgeon/mr-michael-kotrba,/specialists/mr-michael-kotrba,301,live listing
/orthopaedic-surgeon/mr-michael-kurer,/specialists/mr-michael-kurer,301,live listing
/orthopaedic-surgeon/mr-michael-lemon,/specialists/mr-michael-lemon,301,live listing
/orthopaedic-surgeon/mr-michael-moss,/specialists/mr-michael-moss,301,live listing
/orthopaedic-surgeon/mr-michael-pearse,/specialists/mr-michael-pearse,301,live listing
/orthopaedic-surgeon/mr-michael-shanahan,/specialists/mr-michael-shanahan,301,live listing
/orthopaedic-surgeon/mr-michael-thilagarajah,/specialists/mr-michael-thilagarajah,301,live listing
/orthopaedic-surgeon/mr-michael-thomas,/specialists/mr-michael-thomas,301,live listing
/orthopaedic-surgeon/mr-michael-tredgett,/specialists/mr-michael-tredgett,301,live listing
/orthopaedic-surgeon/mr-michael-wilkinson,/specialists/mr-michael-wilkinson,301,live listing
/orthopaedic-surgeon/mr-miguel-oliveira,/specialists/mr-miguel-oliveira,301,live listing
/orthopaedic-surgeon/mr-minhal-chatoo,/specialists/mr-minhal-chatoo,301,live listing
/orthopaedic-surgeon/mr-mohamed-ahmed,/specialists/mr-mohamed-ahmed,301,live listing
/orthopaedic-surgeon/mr-mohamed-hakmi,/specialists/mr-mohamed-hakmi,301,live listing
/orthopaedic-surgeon/mr-mohammad-faisal,/specialists/mr-mohammad-faisal,301,live listing
/orthopaedic-surgeon/mr-mohammad-shoaib,/specialists/mr-mohammad-shoaib,301,live listing
/orthopaedic-surgeon/mr-mohammed-abdus-samee,/specialists/mr-mohammed-abdus-samee,301,live listing
/orthopaedic-surgeon/mr-mohan-lal,/specialists/mr-mohan-lal,301,live listing
/orthopaedic-surgeon/mr-morgan-edward-bengree-jones,/specialists/mr-morgan-edward-bengree-jones,301,live listing
/orthopaedic-surgeon/mr-mounir-hakimi,/specialists/mr-mounir-hakimi,301,live listing
/orthopaedic-surgeon/mr-mudussar-abrar-ahmad,/specialists/mr-mudussar-abrar-ahmad,301,live listing
/orthopaedic-surgeon/mr-muhammad-saleem-shahid,/specialists/mr-muhammad-saleem-shahid,301,live listing
/orthopaedic-surgeon/mr-muhammad-tawfiq-korim,/specialists/mr-muhammad-tawfiq-korim,301,live listing
/orthopaedic-surgeon/mr-mujahid-el-deen,/specialists/mr-mujahid-el-deen,301,live listing
/orthopaedic-surgeon/mr-nadeem-mushtaq,/specialists/mr-nadeem-mushtaq,301,live listing
/orthopaedic-surgeon/mr-naffis-anjarwalla,/specialists/mr-naffis-anjarwalla,301,live listing
/orthopaedic-surgeon/mr-nana-osei,/specialists/mr-nana-osei,301,live listing
/orthopaedic-surgeon/mr-narayana-prasad,/specialists/mr-narayana-prasad,301,live listing
/orthopaedic-surgeon/mr-naresh-somashekar,/specialists/mr-naresh-somashekar,301,live listing
/orthopaedic-surgeon/mr-naveed-shaikh,/specialists/mr-naveed-shaikh,301,live listing
/orthopaedic-surgeon/mr-naveethan-sivanadarajah,/specialists/mr-naveethan-sivanadarajah,301,live listing
/orthopaedic-surgeon/mr-navraj-atwal,/specialists/mr-navraj-atwal,301,live listing
/orthopaedic-surgeon/mr-neal-jacobs,/specialists/mr-neal-jacobs,301,live listing
/orthopaedic-surgeon/mr-neel-mohan,/specialists/mr-neel-mohan,301,live listing
/orthopaedic-surgeon/mr-neil-bradbury,/specialists/mr-neil-bradbury,301,live listing
/orthopaedic-surgeon/mr-neil-davies,/specialists/mr-neil-davies,301,live listing
/orthopaedic-surgeon/mr-neil-orpen,/specialists/mr-neil-orpen,301,live listing
/orthopaedic-surgeon/mr-neil-slater,/specialists/mr-neil-slater,301,live listing
/orthopaedic-surgeon/mr-neil-walton,/specialists/mr-neil-walton,301,live listing
/orthopaedic-surgeon/mr-nev-davies,/specialists/mr-nev-davies,301,live listing
/orthopaedic-surgeon/mr-niall-flynn,/search?specialty=orthopaedics,301,not imported — specialty only
/orthopaedic-surgeon/mr-nicholas-bottomley,/specialists/mr-nicholas-bottomley,301,live listing
/orthopaedic-surgeon/mr-nicholas-bowman,/specialists/mr-nicholas-bowman,301,live listing
/orthopaedic-surgeon/mr-nicholas-de-roeck,/specialists/mr-nicholas-de-roeck,301,live listing
/orthopaedic-surgeon/mr-nicholas-garlick,/specialists/mr-nicholas-garlick,301,live listing
/orthopaedic-surgeon/mr-nicholas-goddard,/specialists/mr-nicholas-goddard,301,live listing
/orthopaedic-surgeon/mr-nicholas-morgan,/specialists/mr-nicholas-morgan,301,live listing
/orthopaedic-surgeon/mr-nicholas-saw,/specialists/mr-nicholas-saw,301,live listing
/orthopaedic-surgeon/mr-nicholas-ward,/specialists/mr-nicholas-ward,301,live listing
/orthopaedic-surgeon/mr-nicholas-wardle,/specialists/mr-nicholas-wardle,301,live listing
/orthopaedic-surgeon/mr-nick-hancock,/specialists/mr-nick-hancock,301,live listing
/orthopaedic-surgeon/mr-niel-kang,/specialists/mr-niel-kang,301,live listing
/orthopaedic-surgeon/mr-nigel-henderson,/specialists/mr-nigel-henderson,301,live listing
/orthopaedic-surgeon/mr-nigel-rossiter,/specialists/mr-nigel-rossiter,301,live listing
/orthopaedic-surgeon/mr-nik-bakti,/specialists/mr-nik-bakti,301,live listing
/orthopaedic-surgeon/mr-nikhil-kharwadkar,/specialists/mr-nikhil-kharwadkar,301,live listing
/orthopaedic-surgeon/mr-nirav-shah,/specialists/mr-nirav-shah,301,live listing
/orthopaedic-surgeon/mr-nishan-chirodian,/specialists/mr-nishan-chirodian,301,live listing
/orthopaedic-surgeon/mr-nitin-shetty,/specialists/mr-nitin-shetty,301,live listing
/orthopaedic-surgeon/mr-noel-peter,/specialists/mr-noel-peter,301,live listing
/orthopaedic-surgeon/mr-nooman-sheikh,/specialists/mr-nooman-sheikh,301,live listing
/orthopaedic-surgeon/mr-oliver-keast-butler,/specialists/mr-oliver-keast-butler,301,live listing
/orthopaedic-surgeon/mr-oliver-templeton-ward,/specialists/mr-oliver-templeton-ward,301,live listing
/orthopaedic-surgeon/mr-olusegun-aiyenuro,/specialists/mr-olusegun-aiyenuro,301,live listing
/orthopaedic-surgeon/mr-om-lahoti,/specialists/mr-om-lahoti,301,live listing
/orthopaedic-surgeon/mr-omar-gabbar,/specialists/mr-omar-gabbar,301,live listing
/orthopaedic-surgeon/mr-omar-haddo,/specialists/mr-omar-haddo,301,live listing
/orthopaedic-surgeon/mr-omar-sabri,/specialists/mr-omar-sabri,301,live listing
/orthopaedic-surgeon/mr-omar-yanni,/specialists/mr-omar-yanni,301,live listing
/orthopaedic-surgeon/mr-oreste-basso,/specialists/mr-oreste-basso,301,live listing
/orthopaedic-surgeon/mr-oscar-garcia-casas,/specialists/mr-oscar-garcia-casas,301,live listing
/orthopaedic-surgeon/mr-panagiotis-gikas,/specialists/mr-panagiotis-gikas,301,live listing
/orthopaedic-surgeon/mr-panamoottil-anil-kumar,/specialists/mr-panamoottil-anil-kumar,301,live listing
/orthopaedic-surgeon/mr-pankaj-sharma,/specialists/mr-pankaj-sharma,301,live listing
/orthopaedic-surgeon/mr-paresh-sonsale,/specialists/mr-paresh-sonsale,301,live listing
/orthopaedic-surgeon/mr-parm-johal,/specialists/mr-parm-johal,301,live listing
/orthopaedic-surgeon/mr-parminder-jeer,/specialists/mr-parminder-jeer,301,live listing
/orthopaedic-surgeon/mr-parmjit-sian,/specialists/mr-parmjit-sian,301,live listing
/orthopaedic-surgeon/mr-parthasarathi-basu,/specialists/mr-parthasarathi-basu,301,live listing
/orthopaedic-surgeon/mr-patrick-mckenna,/specialists/mr-patrick-mckenna,301,live listing
/orthopaedic-surgeon/mr-paul-davey,/specialists/mr-paul-davey,301,live listing
/orthopaedic-surgeon/mr-paul-gibb,/specialists/mr-paul-gibb,301,live listing
/orthopaedic-surgeon/mr-paul-gill,/specialists/mr-paul-gill,301,live listing
/orthopaedic-surgeon/mr-paul-gillespie,/specialists/mr-paul-gillespie,301,live listing
/orthopaedic-surgeon/mr-paul-hamilton,/specialists/mr-paul-hamilton,301,live listing
/orthopaedic-surgeon/mr-paul-harnett,/specialists/mr-paul-harnett,301,live listing
/orthopaedic-surgeon/mr-paul-jairaj,/specialists/mr-paul-jairaj,301,live listing
/orthopaedic-surgeon/mr-paul-lee,/specialists/mr-paul-lee,301,live listing
/orthopaedic-surgeon/mr-paul-nicolai,/specialists/mr-paul-nicolai,301,live listing
/orthopaedic-surgeon/mr-paul-robinson,/specialists/mr-paul-robinson,301,live listing
/orthopaedic-surgeon/mr-paul-trikha,/specialists/mr-paul-trikha,301,live listing
/orthopaedic-surgeon/mr-paul-w-allen,/specialists/mr-paul-w-allen,301,live listing
/orthopaedic-surgeon/mr-paul-whittingham-jones,/specialists/mr-paul-whittingham-jones,301,live listing
/orthopaedic-surgeon/mr-pedro-foguet-subirana,/specialists/mr-pedro-foguet-subirana,301,live listing
/orthopaedic-surgeon/mr-per-anderberg,/specialists/mr-per-anderberg,301,live listing
/orthopaedic-surgeon/mr-peter-calder,/specialists/mr-peter-calder,301,live listing
/orthopaedic-surgeon/mr-peter-dacombe,/specialists/mr-peter-dacombe,301,live listing
/orthopaedic-surgeon/mr-peter-dyson,/specialists/mr-peter-dyson,301,live listing
/orthopaedic-surgeon/mr-peter-earnshaw,/specialists/mr-peter-earnshaw,301,live listing
/orthopaedic-surgeon/mr-peter-f-hill,/specialists/mr-peter-f-hill,301,live listing
/orthopaedic-surgeon/mr-peter-hallam,/specialists/mr-peter-hallam,301,live listing
/orthopaedic-surgeon/mr-peter-hull,/specialists/mr-peter-hull,301,live listing
/orthopaedic-surgeon/mr-peter-owen,/specialists/mr-peter-owen,301,live listing
/orthopaedic-surgeon/mr-peter-peev,/specialists/mr-peter-peev,301,live listing
/orthopaedic-surgeon/mr-peter-rauh,/specialists/mr-peter-rauh,301,live listing
/orthopaedic-surgeon/mr-peter-reilly,/specialists/mr-peter-reilly,301,live listing
/orthopaedic-surgeon/mr-peter-rosenfeld,/specialists/mr-peter-rosenfeld,301,live listing
/orthopaedic-surgeon/mr-peter-thompson,/specialists/mr-peter-thompson,301,live listing
/orthopaedic-surgeon/mr-peter-tomlinson,/specialists/mr-peter-tomlinson,301,live listing
/orthopaedic-surgeon/mr-peter-ward,/specialists/mr-peter-ward,301,live listing
/orthopaedic-surgeon/mr-philip-ahrens,/specialists/mr-philip-ahrens,301,live listing
/orthopaedic-surgeon/mr-philip-chapman-sheath,/specialists/mr-philip-chapman-sheath,301,live listing
/orthopaedic-surgeon/mr-philip-hopgood,/specialists/mr-philip-hopgood,301,live listing
/orthopaedic-surgeon/mr-philip-kerr,/specialists/mr-philip-kerr,301,live listing
/orthopaedic-surgeon/mr-philip-l-housden,/specialists/mr-philip-l-housden,301,live listing
/orthopaedic-surgeon/mr-philip-m-stott,/specialists/mr-philip-m-stott,301,live listing
/orthopaedic-surgeon/mr-philip-mathew,/specialists/mr-philip-mathew,301,live listing
/orthopaedic-surgeon/mr-philip-mitchell,/specialists/mr-philip-mitchell,301,live listing
/orthopaedic-surgeon/mr-philip-pettit,/specialists/mr-philip-pettit,301,live listing
/orthopaedic-surgeon/mr-phillip-johnston,/specialists/mr-phillip-johnston,301,live listing
/orthopaedic-surgeon/mr-phillip-rosell,/specialists/mr-phillip-rosell,301,live listing
/orthopaedic-surgeon/mr-prabhakar-motkur,/specialists/mr-prabhakar-motkur,301,live listing
/orthopaedic-surgeon/mr-prabhakar-rao,/specialists/mr-prabhakar-rao,301,live listing
/orthopaedic-surgeon/mr-praveen-inaparthy,/specialists/mr-praveen-inaparthy,301,live listing
/orthopaedic-surgeon/mr-praveen-panose,/specialists/mr-praveen-panose,301,live listing
/orthopaedic-surgeon/mr-prem-p-moras,/specialists/mr-prem-p-moras,301,live listing
/orthopaedic-surgeon/mr-rabi-khazim,/specialists/mr-rabi-khazim,301,live listing
/orthopaedic-surgeon/mr-radhakant-pandey,/specialists/mr-radhakant-pandey,301,live listing
/orthopaedic-surgeon/mr-ragai-gadelrab,/specialists/mr-ragai-gadelrab,301,live listing
/orthopaedic-surgeon/mr-raghubir-kankate,/specialists/mr-raghubir-kankate,301,live listing
/orthopaedic-surgeon/mr-rahij-anwar,/specialists/mr-rahij-anwar,301,live listing
/orthopaedic-surgeon/mr-raj-bhatia,/specialists/mr-raj-bhatia,301,live listing
/orthopaedic-surgeon/mr-raj-kugan,/specialists/mr-raj-kugan,301,live listing
/orthopaedic-surgeon/mr-raj-r-thakrar,/specialists/mr-raj-r-thakrar,301,live listing
/orthopaedic-surgeon/mr-raj-shrivastava,/specialists/mr-raj-shrivastava,301,live listing
/orthopaedic-surgeon/mr-raja-venkataraman,/specialists/mr-raja-venkataraman,301,live listing
/orthopaedic-surgeon/mr-rajan-natarajan,/specialists/mr-rajan-natarajan,301,live listing
/orthopaedic-surgeon/mr-rajeev-sharma,/specialists/mr-rajeev-sharma,301,live listing
/orthopaedic-surgeon/mr-raju-ahluwalia,/specialists/mr-raju-ahluwalia,301,live listing
/orthopaedic-surgeon/mr-rakesh-kucheria,/specialists/mr-rakesh-kucheria,301,live listing
/orthopaedic-surgeon/mr-raman-dega,/specialists/mr-raman-dega,301,live listing
/orthopaedic-surgeon/mr-ramesh-jayarama-rao-chennagiri,/specialists/mr-ramesh-jayarama-rao-chennagiri,301,live listing
/orthopaedic-surgeon/mr-ramesh-nadarajah,/specialists/mr-ramesh-nadarajah,301,live listing
/orthopaedic-surgeon/mr-rami-hussein,/specialists/mr-rami-hussein,301,live listing
/orthopaedic-surgeon/mr-ramsey-chammaa,/specialists/mr-ramsey-chammaa,301,live listing
/orthopaedic-surgeon/mr-rashid-m-khan,/specialists/mr-rashid-m-khan,301,live listing
/orthopaedic-surgeon/mr-rathnam-sundaram,/specialists/mr-rathnam-sundaram,301,live listing
/orthopaedic-surgeon/mr-ravi-pandit,/specialists/mr-ravi-pandit,301,live listing
/orthopaedic-surgeon/mr-ravindra-kamath,/specialists/mr-ravindra-kamath,301,live listing
/orthopaedic-surgeon/mr-raymond-anakwe,/specialists/mr-raymond-anakwe,301,live listing
/orthopaedic-surgeon/mr-reza-mobasheri,/specialists/mr-reza-mobasheri,301,live listing
/orthopaedic-surgeon/mr-rhidian-thomas,/specialists/mr-rhidian-thomas,301,live listing
/orthopaedic-surgeon/mr-richard-adam-brooks,/specialists/mr-richard-adam-brooks,301,live listing
/orthopaedic-surgeon/mr-richard-andrew-sankey,/specialists/mr-richard-andrew-sankey,301,live listing
/orthopaedic-surgeon/mr-richard-baxandall,/specialists/mr-richard-baxandall,301,live listing
/orthopaedic-surgeon/mr-richard-benson,/specialists/mr-richard-benson,301,live listing
/orthopaedic-surgeon/mr-richard-dodds,/specialists/mr-richard-dodds,301,live listing
/orthopaedic-surgeon/mr-richard-freeman,/specialists/mr-richard-freeman,301,live listing
/orthopaedic-surgeon/mr-richard-goddard,/specialists/mr-richard-goddard,301,live listing
/orthopaedic-surgeon/mr-richard-harker,/specialists/mr-richard-harker,301,live listing
/orthopaedic-surgeon/mr-richard-hartley,/specialists/mr-richard-hartley,301,live listing
/orthopaedic-surgeon/mr-richard-p-baker,/specialists/mr-richard-p-baker,301,live listing
/orthopaedic-surgeon/mr-richard-pickard,/specialists/mr-richard-pickard,301,live listing
/orthopaedic-surgeon/mr-richard-power,/specialists/mr-richard-power,301,live listing
/orthopaedic-surgeon/mr-richard-slack,/specialists/mr-richard-slack,301,live listing
/orthopaedic-surgeon/mr-richard-w-d-hampton,/specialists/mr-richard-w-d-hampton,301,live listing
/orthopaedic-surgeon/mr-richard-w-westerman,/specialists/mr-richard-w-westerman,301,live listing
/orthopaedic-surgeon/mr-rishi-chana,/specialists/mr-rishi-chana,301,live listing
/orthopaedic-surgeon/mr-rishi-dhir,/specialists/mr-rishi-dhir,301,live listing
/orthopaedic-surgeon/mr-ritesh-sharma,/specialists/mr-ritesh-sharma,301,live listing
/orthopaedic-surgeon/mr-robert-a-hill,/specialists/mr-robert-a-hill,301,live listing
/orthopaedic-surgeon/mr-robert-carew,/specialists/mr-robert-carew,301,live listing
/orthopaedic-surgeon/mr-robert-jordan,/specialists/mr-robert-jordan,301,live listing
/orthopaedic-surgeon/mr-robert-marston,/specialists/mr-robert-marston,301,live listing
/orthopaedic-surgeon/mr-robert-moverley,/specialists/mr-robert-moverley,301,live listing
/orthopaedic-surgeon/mr-robert-richards,/specialists/mr-robert-richards,301,live listing
/orthopaedic-surgeon/mr-robert-sneath,/specialists/mr-robert-sneath,301,live listing
/orthopaedic-surgeon/mr-robin-allum,/specialists/mr-robin-allum,301,live listing
/orthopaedic-surgeon/mr-robin-elliot,/specialists/mr-robin-elliot,301,live listing
/orthopaedic-surgeon/mr-robin-strachan,/specialists/mr-robin-strachan,301,live listing
/orthopaedic-surgeon/mr-robin-turner,/specialists/mr-robin-turner,301,live listing
/orthopaedic-surgeon/mr-roger-pattison,/specialists/mr-roger-pattison,301,live listing
/orthopaedic-surgeon/mr-roger-sloan,/specialists/mr-roger-sloan,301,live listing
/orthopaedic-surgeon/mr-roger-tillman,/specialists/mr-roger-tillman,301,live listing
/orthopaedic-surgeon/mr-rohit-shetty,/specialists/mr-rohit-shetty,301,live listing
/orthopaedic-surgeon/mr-rupert-clifton,/specialists/mr-rupert-clifton,301,live listing
/orthopaedic-surgeon/mr-rupert-eckersley,/specialists/mr-rupert-eckersley,301,live listing
/orthopaedic-surgeon/mr-rupinderbir-singh-deol,/specialists/mr-rupinderbir-singh-deol,301,live listing
/orthopaedic-surgeon/mr-saajid-kaleel,/specialists/mr-saajid-kaleel,301,live listing
/orthopaedic-surgeon/mr-sachin-daivajna,/specialists/mr-sachin-daivajna,301,live listing
/orthopaedic-surgeon/mr-sajjad-mushtaq,/specialists/mr-sajjad-mushtaq,301,live listing
/orthopaedic-surgeon/mr-salah-atrah,/specialists/mr-salah-atrah,301,live listing
/orthopaedic-surgeon/mr-sam-church,/specialists/mr-sam-church,301,live listing
/orthopaedic-surgeon/mr-sam-oussedik,/specialists/mr-sam-oussedik,301,live listing
/orthopaedic-surgeon/mr-sam-weston-simons,/specialists/mr-sam-weston-simons,301,live listing
/orthopaedic-surgeon/mr-saman-horriat,/specialists/mr-saman-horriat,301,live listing
/orthopaedic-surgeon/mr-sameh-a-el-kawy,/specialists/mr-sameh-a-el-kawy,301,live listing
/orthopaedic-surgeon/mr-samir-n-f-massoud,/specialists/mr-samir-n-f-massoud,301,live listing
/orthopaedic-surgeon/mr-samuel-heaton,/specialists/mr-samuel-heaton,301,live listing
/orthopaedic-surgeon/mr-samuel-k-l-chan,/specialists/mr-samuel-k-l-chan,301,live listing
/orthopaedic-surgeon/mr-samuel-orakwe,/specialists/mr-samuel-orakwe,301,live listing
/orthopaedic-surgeon/mr-samuel-parsons,/specialists/mr-samuel-parsons,301,live listing
/orthopaedic-surgeon/mr-sandeep-chauhan,/specialists/mr-sandeep-chauhan,301,live listing
/orthopaedic-surgeon/mr-sandeep-deo,/specialists/mr-sandeep-deo,301,live listing
/orthopaedic-surgeon/mr-sandip-sarkar,/specialists/mr-sandip-sarkar,301,live listing
/orthopaedic-surgeon/mr-sanjay-chougule,/specialists/mr-sanjay-chougule,301,live listing
/orthopaedic-surgeon/mr-sanjiv-chugh,/specialists/mr-sanjiv-chugh,301,live listing
/orthopaedic-surgeon/mr-sarmad-kazzaz,/specialists/mr-sarmad-kazzaz,301,live listing
/orthopaedic-surgeon/mr-sarvpreet-singh,/specialists/mr-sarvpreet-singh,301,live listing
/orthopaedic-surgeon/mr-satish-ganesan,/specialists/mr-satish-ganesan,301,live listing
/orthopaedic-surgeon/mr-sean-curry,/specialists/mr-sean-curry,301,live listing
/orthopaedic-surgeon/mr-sean-hughes,/specialists/mr-sean-hughes,301,live listing
/orthopaedic-surgeon/mr-sean-masterson,/specialists/mr-sean-masterson,301,live listing
/orthopaedic-surgeon/mr-sean-molloy,/specialists/mr-sean-molloy,301,live listing
/orthopaedic-surgeon/mr-sean-symons,/specialists/mr-sean-symons,301,live listing
/orthopaedic-surgeon/mr-sebastian-dawson-bowling,/specialists/mr-sebastian-dawson-bowling,301,live listing
/orthopaedic-surgeon/mr-senthooran-raja,/specialists/mr-senthooran-raja,301,live listing
/orthopaedic-surgeon/mr-seyed-ashgar-ali,/specialists/mr-seyed-ashgar-ali,301,live listing
/orthopaedic-surgeon/mr-shahbux-lashari,/specialists/mr-shahbux-lashari,301,live listing
/orthopaedic-surgeon/mr-shahzad-sadiq,/specialists/mr-shahzad-sadiq,301,live listing
/orthopaedic-surgeon/mr-shaishav-bhagat,/specialists/mr-shaishav-bhagat,301,live listing
/orthopaedic-surgeon/mr-sharat-jain,/specialists/mr-sharat-jain,301,live listing
/orthopaedic-surgeon/mr-shaun-ridgeway,/specialists/mr-shaun-ridgeway,301,live listing
/orthopaedic-surgeon/mr-shawn-tavares,/specialists/mr-shawn-tavares,301,live listing
/orthopaedic-surgeon/mr-sheo-tibrewal,/specialists/mr-sheo-tibrewal,301,live listing
/orthopaedic-surgeon/mr-shilpith-shetty,/specialists/mr-shilpith-shetty,301,live listing
/orthopaedic-surgeon/mr-shivakumar-shankar,/specialists/mr-shivakumar-shankar,301,live listing
/orthopaedic-surgeon/mr-shuaib-karmani,/specialists/mr-shuaib-karmani,301,live listing
/orthopaedic-surgeon/mr-sidha-jayabalan,/specialists/mr-sidha-jayabalan,301,live listing
/orthopaedic-surgeon/mr-sim-johal,/specialists/mr-sim-johal,301,live listing
/orthopaedic-surgeon/mr-simon-bennet,/specialists/mr-simon-bennet,301,live listing
/orthopaedic-surgeon/mr-simon-bridle,/specialists/mr-simon-bridle,301,live listing
/orthopaedic-surgeon/mr-simon-burtt,/specialists/mr-simon-burtt,301,live listing
/orthopaedic-surgeon/mr-simon-ellis,/specialists/mr-simon-ellis,301,live listing
/orthopaedic-surgeon/mr-simon-garrett,/specialists/mr-simon-garrett,301,live listing
/orthopaedic-surgeon/mr-simon-gregg-smith,/specialists/mr-simon-gregg-smith,301,live listing
/orthopaedic-surgeon/mr-simon-hodkinson,/specialists/mr-simon-hodkinson,301,live listing
/orthopaedic-surgeon/mr-simon-jennings,/specialists/mr-simon-jennings,301,live listing
/orthopaedic-surgeon/mr-simon-lambert,/specialists/mr-simon-lambert,301,live listing
/orthopaedic-surgeon/mr-simon-mellor,/specialists/mr-simon-mellor,301,live listing
/orthopaedic-surgeon/mr-simon-palmer,/specialists/mr-simon-palmer,301,live listing
/orthopaedic-surgeon/mr-simon-pearce,/specialists/mr-simon-pearce,301,live listing
/orthopaedic-surgeon/mr-simon-richards,/specialists/mr-simon-richards,301,live listing
/orthopaedic-surgeon/mr-simon-thompson,/specialists/mr-simon-thompson,301,live listing
/orthopaedic-surgeon/mr-simon-wimsey,/specialists/mr-simon-wimsey,301,live listing
/orthopaedic-surgeon/mr-simond-jagernauth,/specialists/mr-simond-jagernauth,301,live listing
/orthopaedic-surgeon/mr-sivakolundu-suresh,/specialists/mr-sivakolundu-suresh,301,live listing
/orthopaedic-surgeon/mr-sivaraman-subramanian,/specialists/mr-sivaraman-subramanian,301,live listing
/orthopaedic-surgeon/mr-socrates-kalogrianitis,/specialists/mr-socrates-kalogrianitis,301,live listing
/orthopaedic-surgeon/mr-soosai-nathan,/specialists/mr-soosai-nathan,301,live listing
/orthopaedic-surgeon/mr-soren-sjolin,/specialists/mr-soren-sjolin,301,live listing
/orthopaedic-surgeon/mr-sri-chatakondu,/specialists/mr-sri-chatakondu,301,live listing
/orthopaedic-surgeon/mr-srinivas-gadikoppula,/specialists/mr-srinivas-gadikoppula,301,live listing
/orthopaedic-surgeon/mr-srinivas-r-samsani,/specialists/mr-srinivas-r-samsani,301,live listing
/orthopaedic-surgeon/mr-srinivasan-shyamsundar,/specialists/mr-srinivasan-shyamsundar,301,live listing
/orthopaedic-surgeon/mr-steffan-hutchings,/specialists/mr-steffan-hutchings,301,live listing
/orthopaedic-surgeon/mr-stephen-bendall,/specialists/mr-stephen-bendall,301,live listing
/orthopaedic-surgeon/mr-stephen-cannon,/specialists/mr-stephen-cannon,301,live listing
/orthopaedic-surgeon/mr-stephen-lipscombe,/specialists/mr-stephen-lipscombe,301,live listing
/orthopaedic-surgeon/mr-stephen-mcgillion,/specialists/mr-stephen-mcgillion,301,live listing
/orthopaedic-surgeon/mr-stephen-ng-man-sun,/specialists/mr-stephen-ng-man-sun,301,live listing
/orthopaedic-surgeon/mr-stephen-palmer,/specialists/mr-stephen-palmer,301,live listing
/orthopaedic-surgeon/mr-stephen-tai,/specialists/mr-stephen-tai,301,live listing
/orthopaedic-surgeon/mr-stephen-veitch,/specialists/mr-stephen-veitch,301,live listing
/orthopaedic-surgeon/mr-stephen-young,/specialists/mr-stephen-young,301,live listing
/orthopaedic-surgeon/mr-steve-pope,/specialists/mr-steve-pope,301,live listing
/orthopaedic-surgeon/mr-steven-corbett,/specialists/mr-steven-corbett,301,live listing
/orthopaedic-surgeon/mr-steven-godsiff,/specialists/mr-steven-godsiff,301,live listing
/orthopaedic-surgeon/mr-steven-lau,/specialists/mr-steven-lau,301,live listing
/orthopaedic-surgeon/mr-steven-pryke,/specialists/mr-steven-pryke,301,live listing
/orthopaedic-surgeon/mr-stewart-tucker,/specialists/mr-stewart-tucker,301,live listing
/orthopaedic-surgeon/mr-stuart-blagg,/specialists/mr-stuart-blagg,301,live listing
/orthopaedic-surgeon/mr-stuart-evans,/specialists/mr-stuart-evans,301,live listing
/orthopaedic-surgeon/mr-subash-tandon,/specialists/mr-subash-tandon,301,live listing
/orthopaedic-surgeon/mr-subhajit-ghosh,/specialists/mr-subhajit-ghosh,301,live listing
/orthopaedic-surgeon/mr-subhamoy-chatterjee,/specialists/mr-subhamoy-chatterjee,301,live listing
/orthopaedic-surgeon/mr-sudhir-rao,/specialists/mr-sudhir-rao,301,live listing
/orthopaedic-surgeon/mr-sujith-konan,/specialists/mr-sujith-konan,301,live listing
/orthopaedic-surgeon/mr-sulaiman-alazzawi,/specialists/mr-sulaiman-alazzawi,301,live listing
/orthopaedic-surgeon/mr-sunil-garg,/specialists/mr-sunil-garg,301,live listing
/orthopaedic-surgeon/mr-sunil-trakru,/specialists/mr-sunil-trakru,301,live listing
/orthopaedic-surgeon/mr-syed-neshat-anjum,/specialists/mr-syed-neshat-anjum,301,live listing
/orthopaedic-surgeon/mr-syed-raza,/specialists/mr-syed-raza,301,live listing
/orthopaedic-surgeon/mr-syed-zuhair-nawaz,/specialists/mr-syed-zuhair-nawaz,301,live listing
/orthopaedic-surgeon/mr-tahir-khan,/specialists/mr-tahir-khan,301,live listing
/orthopaedic-surgeon/mr-tamer-sherief,/specialists/mr-tamer-sherief,301,live listing
/orthopaedic-surgeon/mr-tariq-zaman,/specialists/mr-tariq-zaman,301,live listing
/orthopaedic-surgeon/mr-tarique-parwez,/specialists/mr-tarique-parwez,301,live listing
/orthopaedic-surgeon/mr-tejinder-bhullar,/specialists/mr-tejinder-bhullar,301,live listing
/orthopaedic-surgeon/mr-thiyagarajah-selvan,/specialists/mr-thiyagarajah-selvan,301,live listing
/orthopaedic-surgeon/mr-thomas-ember,/specialists/mr-thomas-ember,301,live listing
/orthopaedic-surgeon/mr-thomas-hester,/specialists/mr-thomas-hester,301,live listing
/orthopaedic-surgeon/mr-thomas-mcauliffe,/specialists/mr-thomas-mcauliffe,301,live listing
/orthopaedic-surgeon/mr-thomas-white,/specialists/mr-thomas-white,301,live listing
/orthopaedic-surgeon/mr-tim-theologis,/specialists/mr-tim-theologis,301,live listing
/orthopaedic-surgeon/mr-timothy-bull,/specialists/mr-timothy-bull,301,live listing
/orthopaedic-surgeon/mr-timothy-huw-david-williams,/specialists/mr-timothy-huw-david-williams,301,live listing
/orthopaedic-surgeon/mr-timothy-kane,/specialists/mr-timothy-kane,301,live listing
/orthopaedic-surgeon/mr-timothy-m-bishop,/specialists/mr-timothy-m-bishop,301,live listing
/orthopaedic-surgeon/mr-timothy-robertson,/specialists/mr-timothy-robertson,301,live listing
/orthopaedic-surgeon/mr-timothy-waters,/specialists/mr-timothy-waters,301,live listing
/orthopaedic-surgeon/mr-toby-briant-evans,/specialists/mr-toby-briant-evans,301,live listing
/orthopaedic-surgeon/mr-togay-ko,/specialists/mr-togay-ko,301,live listing
/orthopaedic-surgeon/mr-tom-lawrence,/specialists/mr-tom-lawrence,301,live listing
/orthopaedic-surgeon/mr-tom-marjoram,/specialists/mr-tom-marjoram,301,live listing
/orthopaedic-surgeon/mr-tom-pollard,/specialists/mr-tom-pollard,301,live listing
/orthopaedic-surgeon/mr-trevor-lawrence,/specialists/mr-trevor-lawrence,301,live listing
/orthopaedic-surgeon/mr-trichy-rajagopal,/specialists/mr-trichy-rajagopal,301,live listing
/orthopaedic-surgeon/mr-tristan-barton,/specialists/mr-tristan-barton,301,live listing
/orthopaedic-surgeon/mr-umer-butt,/specialists/mr-umer-butt,301,live listing
/orthopaedic-surgeon/mr-unnikrishnan-ramkumar,/specialists/mr-unnikrishnan-ramkumar,301,live listing
/orthopaedic-surgeon/mr-venkat-satish,/specialists/mr-venkat-satish,301,live listing
/orthopaedic-surgeon/mr-venkatesh-ramamoorthy-balaji,/specialists/mr-venkatesh-ramamoorthy-balaji,301,live listing
/orthopaedic-surgeon/mr-venunatha-naidu,/specialists/mr-venunatha-naidu,301,live listing
/orthopaedic-surgeon/mr-vikas-khanduja,/specialists/mr-vikas-khanduja,301,live listing
/orthopaedic-surgeon/mr-vikas-vedi,/specialists/mr-vikas-vedi,301,live listing
/orthopaedic-surgeon/mr-vinay-takwale,/specialists/mr-vinay-takwale,301,live listing
/orthopaedic-surgeon/mr-vipin-asopa,/specialists/mr-vipin-asopa,301,live listing
/orthopaedic-surgeon/mr-vish-patel,/specialists/mr-vish-patel,301,live listing
/orthopaedic-surgeon/mr-vishal-prasad,/specialists/mr-vishal-prasad,301,live listing
/orthopaedic-surgeon/mr-wael-dandachli,/specialists/mr-wael-dandachli,301,live listing
/orthopaedic-surgeon/mr-wallace-ogufere,/specialists/mr-wallace-ogufere,301,live listing
/orthopaedic-surgeon/mr-warwick-radford,/specialists/mr-warwick-radford,301,live listing
/orthopaedic-surgeon/mr-will-mason,/specialists/mr-will-mason,301,live listing
/orthopaedic-surgeon/mr-willem-schenk,/specialists/mr-willem-schenk,301,live listing
/orthopaedic-surgeon/mr-william-aston,/specialists/mr-william-aston,301,live listing
/orthopaedic-surgeon/mr-william-bartlett,/specialists/mr-william-bartlett,301,live listing
/orthopaedic-surgeon/mr-william-burgoyne,/specialists/mr-william-burgoyne,301,live listing
/orthopaedic-surgeon/mr-william-dunnet,/specialists/mr-william-dunnet,301,live listing
/orthopaedic-surgeon/mr-william-jackson,/specialists/mr-william-jackson,301,live listing
/orthopaedic-surgeon/mr-william-tice,/specialists/mr-william-tice,301,live listing
/orthopaedic-surgeon/mr-wisam-al-hakim,/specialists/mr-wisam-al-hakim,301,live listing
/orthopaedic-surgeon/mr-yadu-shankarappa,/specialists/mr-yadu-shankarappa,301,live listing
/orthopaedic-surgeon/mr-yathish-shenava,/specialists/mr-yathish-shenava,301,live listing
/orthopaedic-surgeon/mr-yousaf-shah,/specialists/mr-yousaf-shah,301,live listing
/orthopaedic-surgeon/mr-yousufuddin-shaik,/specialists/mr-yousufuddin-shaik,301,live listing
/orthopaedic-surgeon/mr-zafar-naqui,/specialists/mr-zafar-naqui,301,live listing
/orthopaedic-surgeon/mr-zaher-dannawi,/specialists/mr-zaher-dannawi,301,live listing
/orthopaedic-surgeon/mr-ziad-harb,/specialists/mr-ziad-harb,301,live listing
/orthopaedic-surgeon/mr-zulfiquari-rahimtoola,/specialists/mr-zulfiquari-rahimtoola,301,live listing
/orthopaedic-surgeon/mrs-lisa-leonard,/specialists/mrs-lisa-leonard,301,live listing
/orthopaedic-surgeon/mrs-oluwarantimi-ayodele,/specialists/mrs-oluwarantimi-ayodele,301,live listing
/orthopaedic-surgeon/mrs-rachael-j-hutchinson,/specialists/mrs-rachael-j-hutchinson,301,live listing
/orthopaedic-surgeon/ms-alison-armstrong,/specialists/ms-alison-armstrong,301,live listing
/orthopaedic-surgeon/ms-anna-moon,/specialists/ms-anna-moon,301,live listing
/orthopaedic-surgeon/ms-riem-johnson,/specialists/ms-riem-johnson,301,live listing
/orthopaedic-surgeon/ms-rupinder-grewal,/specialists/ms-rupinder-grewal,301,live listing
/orthopaedic-surgeon/ms-sabreena-mahroof,/specialists/ms-sabreena-mahroof,301,live listing
/orthopaedic-surgeon/ms-sarah-l-phillips,/specialists/ms-sarah-l-phillips,301,live listing
/orthopaedic-surgeon/ms-tanaya-sarkhel,/specialists/ms-tanaya-sarkhel,301,live listing
/orthopaedic-surgeon/professor-adrian-harvey,/specialists/professor-adrian-harvey,301,live listing
/orthopaedic-surgeon/professor-alister-hart,/specialists/professor-alister-hart,301,live listing
/orthopaedic-surgeon/professor-andrew-price,/specialists/professor-andrew-price,301,live listing
/orthopaedic-surgeon/professor-asode-shetty,/specialists/professor-asode-shetty,301,live listing
/orthopaedic-surgeon/professor-benedict-rogers,/specialists/professor-benedict-rogers,301,live listing
/orthopaedic-surgeon/professor-chris-lavy,/specialists/professor-chris-lavy,301,live listing
/orthopaedic-surgeon/professor-damian-griffin,/specialists/professor-damian-griffin,301,live listing
/orthopaedic-surgeon/professor-david-murray,/specialists/professor-david-murray,301,live listing
/orthopaedic-surgeon/professor-david-s-barrett,/specialists/professor-david-s-barrett,301,live listing
/orthopaedic-surgeon/professor-david-warwick,/specialists/professor-david-warwick,301,live listing
/orthopaedic-surgeon/professor-deborah-eastwood,/specialists/professor-deborah-eastwood,301,live listing
/orthopaedic-surgeon/professor-deiary-kader,/specialists/professor-deiary-kader,301,live listing
/orthopaedic-surgeon/professor-douglas-dunlop,/specialists/professor-douglas-dunlop,301,live listing
/orthopaedic-surgeon/professor-fares-haddad,/specialists/professor-fares-haddad,301,live listing
/orthopaedic-surgeon/professor-grey-giddins,/specialists/professor-grey-giddins,301,live listing
/orthopaedic-surgeon/professor-howard-ware,/specialists/professor-howard-ware,301,live listing
/orthopaedic-surgeon/professor-iain-r-mcnamara,/specialists/professor-iain-r-mcnamara,301,live listing
/orthopaedic-surgeon/professor-jeremy-fairbank,/specialists/professor-jeremy-fairbank,301,live listing
/orthopaedic-surgeon/professor-jonathan-rees,/specialists/professor-jonathan-rees,301,live listing
/orthopaedic-surgeon/professor-kevin-cheah,/specialists/professor-kevin-cheah,301,live listing
/orthopaedic-surgeon/professor-lee-jeys,/specialists/professor-lee-jeys,301,live listing
/orthopaedic-surgeon/professor-michael-saleh,/specialists/professor-michael-saleh,301,live listing
/orthopaedic-surgeon/professor-nima-heidari,/specialists/professor-nima-heidari,301,live listing
/orthopaedic-surgeon/professor-oliver-pearce,/specialists/professor-oliver-pearce,301,live listing
/orthopaedic-surgeon/professor-robert-ashford,/specialists/professor-robert-ashford,301,live listing
/orthopaedic-surgeon/professor-robert-middleton,/specialists/professor-robert-middleton,301,live listing
/orthopaedic-surgeon/professor-roger-emery,/specialists/professor-roger-emery,301,live listing
/orthopaedic-surgeon/professor-si-n-glyn-jones,/specialists/professor-si-n-glyn-jones,301,live listing
/orthopaedic-surgeon/professor-stephen-gwilym,/specialists/professor-stephen-gwilym,301,live listing
/orthopaedic-surgeon/professor-thomas-duncan-tennent,/specialists/professor-thomas-duncan-tennent,301,live listing
/orthopaedic-surgeon/professor-timothy-briggs,/specialists/professor-timothy-briggs,301,live listing
/orthopaedic-surgeon/professor-tom-quick,/specialists/professor-tom-quick,301,live listing
/orthopaedic-surgeon/professor-william-ribbans,/specialists/professor-william-ribbans,301,live listing
/orthopaedic-surgeon/professor-xavier-griffin,/specialists/professor-xavier-griffin,301,live listing
/oxford/bodyset,/search?location=Oxford,301,not imported — town only
/oxford/chris-chesterman-soft-tissue-specialist,/search?location=Oxford,301,not imported — town only
/oxford/gb-clinics,/search?location=Oxford,301,not imported — town only
/oxford/nuffield-health-oxford-the-manor-hospital,/search?location=Oxford,301,not imported — town only
/oxford/the-caring-physio,/search?location=Oxford,301,not imported — town only
/oxford/the-pelvic-physio-s-oxford,/search?location=Oxford,301,not imported — town only
/paediatric-surgeon/dr-ashok-rajimwale,/specialists/dr-ashok-rajimwale,301,live listing
/paediatric-surgeon/miss-nishat-rahman,/specialists/miss-nishat-rahman,301,live listing
/paediatric-surgeon/miss-shabnam-undre,/specialists/miss-shabnam-undre,301,live listing
/paediatric-surgeon/mr-devesh-misra,/specialists/mr-devesh-misra,301,live listing
/paediatric-surgeon/mr-eric-nicholls,/specialists/mr-eric-nicholls,301,live listing
/paediatric-surgeon/mr-feilim-murphy,/specialists/mr-feilim-murphy,301,live listing
/paediatric-surgeon/mr-mark-woodward,/specialists/mr-mark-woodward,301,live listing
/paediatric-surgeon/mr-martyn-pl-williams,/specialists/mr-martyn-pl-williams,301,live listing
/paediatric-surgeon/mr-massimo-garriboli,/specialists/mr-massimo-garriboli,301,live listing
/paediatric-surgeon/mr-nav-johal,/specialists/mr-nav-johal,301,live listing
/paediatric-surgeon/mr-saravanakumar-paramalingam,/specialists/mr-saravanakumar-paramalingam,301,live listing
/paediatric-surgeon/mr-stefano-giuliani,/specialists/mr-stefano-giuliani,301,live listing
/paediatric-surgeon/mrs-ashwini-joshi,/specialists/mrs-ashwini-joshi,301,live listing
/paediatric-surgeon/mrs-kalpana-patil,/specialists/mrs-kalpana-patil,301,live listing
/paediatric-surgeon/ms-marie-klaire-farrugia,/specialists/ms-marie-klaire-farrugia,301,live listing
/paediatric-surgeon/prof-ck-sinha,/specialists/prof-ck-sinha,301,live listing
/paediatric-surgeon/professor-peter-cuckow,/specialists/professor-peter-cuckow,301,live listing
/pakistan/lahore/aesthetic-doctors/hair-transplant-in-pakistan,,410,out of scope — deliberately gone
/physiotherapist-speech-and-language-therapist/ms-afshan-o-sullivan,/specialists/ms-afshan-o-sullivan,301,live listing
/physiotherapist-speech-and-language-therapist/ms-christella-antoni,/specialists/ms-christella-antoni,301,live listing
/physiotherapist-sport-exercise-medicine-doctor/ms-gabriella-pimentel,/specialists/ms-gabriella-pimentel,301,live listing
/physiotherapist/dr-grace-keene,/specialists/dr-grace-keene,301,live listing
/physiotherapist/dr-lydia-fellows,/specialists/dr-lydia-fellows,301,live listing
/physiotherapist/dr-manasi-bhutani,/specialists/dr-manasi-bhutani,301,live listing
/physiotherapist/dr-matthew-virden,/specialists/dr-matthew-virden,301,live listing
/physiotherapist/dr-pauravi-mehta,/specialists/dr-pauravi-mehta,301,live listing
/physiotherapist/dr-pierre-van-dyk,/specialists/dr-pierre-van-dyk,301,live listing
/physiotherapist/dr-ross-mcculloch,/specialists/dr-ross-mcculloch,301,live listing
/physiotherapist/miss-chantelle-farrell,/specialists/miss-chantelle-farrell,301,live listing
/physiotherapist/miss-dalia-nessim,/specialists/miss-dalia-nessim,301,live listing
/physiotherapist/miss-denise-watson-tann,/specialists/miss-denise-watson-tann,301,live listing
/physiotherapist/miss-esther-rostron,/specialists/miss-esther-rostron,301,live listing
/physiotherapist/miss-eugenie-halkema,/specialists/miss-eugenie-halkema,301,live listing
/physiotherapist/miss-eva-paulini,/specialists/miss-eva-paulini,301,live listing
/physiotherapist/miss-gayatri-sapale,/specialists/miss-gayatri-sapale,301,live listing
/physiotherapist/miss-gemma-newell,/specialists/miss-gemma-newell,301,live listing
/physiotherapist/miss-gennai-casuple,/specialists/miss-gennai-casuple,301,live listing
/physiotherapist/miss-holly-miles,/specialists/miss-holly-miles,301,live listing
/physiotherapist/miss-kajal-patel,/specialists/miss-kajal-patel,301,live listing
/physiotherapist/miss-karen-korber,/specialists/miss-karen-korber,301,live listing
/physiotherapist/miss-katina-dimopoulos,/specialists/miss-katina-dimopoulos,301,live listing
/physiotherapist/miss-manasi-bhide,/specialists/miss-manasi-bhide,301,live listing
/physiotherapist/miss-melanie-albrecht,/specialists/miss-melanie-albrecht,301,live listing
/physiotherapist/miss-moira-mccormack,/specialists/miss-moira-mccormack,301,live listing
/physiotherapist/miss-nadine-jeal,/specialists/miss-nadine-jeal,301,live listing
/physiotherapist/miss-niamh-bunyan,/specialists/miss-niamh-bunyan,301,live listing
/physiotherapist/miss-nicola-finn,/specialists/miss-nicola-finn,301,live listing
/physiotherapist/miss-olivia-galea,/specialists/miss-olivia-galea,301,live listing
/physiotherapist/miss-prisha-khakharia,/specialists/miss-prisha-khakharia,301,live listing
/physiotherapist/miss-priya-dasoju,/specialists/miss-priya-dasoju,301,live listing
/physiotherapist/miss-sarah-graham,/specialists/miss-sarah-graham,301,live listing
/physiotherapist/miss-tanja-fransen,/specialists/miss-tanja-fransen,301,live listing
/physiotherapist/mr-aaron-denham,/specialists/mr-aaron-denham,301,live listing
/physiotherapist/mr-adam-chadwick,/specialists/mr-adam-chadwick,301,live listing
/physiotherapist/mr-alkiviadis-siokos,/specialists/mr-alkiviadis-siokos,301,live listing
/physiotherapist/mr-andrew-jackson,/specialists/mr-andrew-jackson,301,live listing
/physiotherapist/mr-ant-brightwell,/specialists/mr-ant-brightwell,301,live listing
/physiotherapist/mr-anthony-vidis,/specialists/mr-anthony-vidis,301,live listing
/physiotherapist/mr-bart-albrycht,/specialists/mr-bart-albrycht,301,live listing
/physiotherapist/mr-charles-bond,/specialists/mr-charles-bond,301,live listing
/physiotherapist/mr-dan-boyd,/specialists/mr-dan-boyd,301,live listing
/physiotherapist/mr-daniel-apostol,/specialists/mr-daniel-apostol,301,live listing
/physiotherapist/mr-daniel-bainton,/specialists/mr-daniel-bainton,301,live listing
/physiotherapist/mr-daniel-franklin,/specialists/mr-daniel-franklin,301,live listing
/physiotherapist/mr-danny-armitage,/specialists/mr-danny-armitage,301,live listing
/physiotherapist/mr-david-o-neil,/specialists/mr-david-o-neil,301,live listing
/physiotherapist/mr-davide-lanfranco,/specialists/mr-davide-lanfranco,301,live listing
/physiotherapist/mr-dimitris-polyviou,/specialists/mr-dimitris-polyviou,301,live listing
/physiotherapist/mr-edward-blake,/specialists/mr-edward-blake,301,live listing
/physiotherapist/mr-eirian-rees,/specialists/mr-eirian-rees,301,live listing
/physiotherapist/mr-federico-febbraro,/specialists/mr-federico-febbraro,301,live listing
/physiotherapist/mr-francesco-rizzo,/specialists/mr-francesco-rizzo,301,live listing
/physiotherapist/mr-fred-manning,/specialists/mr-fred-manning,301,live listing
/physiotherapist/mr-gary-delahunt,/specialists/mr-gary-delahunt,301,live listing
/physiotherapist/mr-gautam-kaushik,/specialists/mr-gautam-kaushik,301,live listing
/physiotherapist/mr-george-brassil,/specialists/mr-george-brassil,301,live listing
/physiotherapist/mr-glenn-withers,/specialists/mr-glenn-withers,301,live listing
/physiotherapist/mr-hristo-ugrenov,/specialists/mr-hristo-ugrenov,301,live listing
/physiotherapist/mr-jack-winyard,/specialists/mr-jack-winyard,301,live listing
/physiotherapist/mr-jakub-bienczak,/specialists/mr-jakub-bienczak,301,live listing
/physiotherapist/mr-james-pinkney,/specialists/mr-james-pinkney,301,live listing
/physiotherapist/mr-james-vickers,/specialists/mr-james-vickers,301,live listing
/physiotherapist/mr-jay-finikin,/specialists/mr-jay-finikin,301,live listing
/physiotherapist/mr-jordan-dehara,/specialists/mr-jordan-dehara,301,live listing
/physiotherapist/mr-kam-sowman,/specialists/mr-kam-sowman,301,live listing
/physiotherapist/mr-louis-wicking,/specialists/mr-louis-wicking,301,live listing
/physiotherapist/mr-luke-abnett,/specialists/mr-luke-abnett,301,live listing
/physiotherapist/mr-matt-taylor,/specialists/mr-matt-taylor,301,live listing
/physiotherapist/mr-matthew-agyei-dua,/specialists/mr-matthew-agyei-dua,301,live listing
/physiotherapist/mr-matthew-ramsdale,/specialists/mr-matthew-ramsdale,301,live listing
/physiotherapist/mr-minhal-bandali,/specialists/mr-minhal-bandali,301,live listing
/physiotherapist/mr-phillip-burton,/specialists/mr-phillip-burton,301,live listing
/physiotherapist/mr-pietro-mazzariello,/specialists/mr-pietro-mazzariello,301,live listing
/physiotherapist/mr-reece-noble,/specialists/mr-reece-noble,301,live listing
/physiotherapist/mr-richmond-stace,/specialists/mr-richmond-stace,301,live listing
/physiotherapist/mr-suresh-sudula,/specialists/mr-suresh-sudula,301,live listing
/physiotherapist/mr-tom-jackson,/specialists/mr-tom-jackson,301,live listing
/physiotherapist/mr-tom-stukins,/specialists/mr-tom-stukins,301,live listing
/physiotherapist/mr-tony-kosoko,/specialists/mr-tony-kosoko,301,live listing
/physiotherapist/mr-vishal-madhani,/specialists/mr-vishal-madhani,301,live listing
/physiotherapist/mrs-angela-hernandez-martin_rejected,/specialists/mrs-angela-hernandez-martin_rejected,301,live listing
/physiotherapist/mrs-chinyelu-obi,/specialists/mrs-chinyelu-obi,301,live listing
/physiotherapist/mrs-emily-whatling,/specialists/mrs-emily-whatling,301,live listing
/physiotherapist/mrs-frances-lynn,/specialists/mrs-frances-lynn,301,live listing
/physiotherapist/mrs-georgina-gladwyn,/specialists/mrs-georgina-gladwyn,301,live listing
/physiotherapist/mrs-ingrid-kielblock,/specialists/mrs-ingrid-kielblock,301,live listing
/physiotherapist/mrs-joanna-edwards,/specialists/mrs-joanna-edwards,301,live listing
/physiotherapist/mrs-julia-barber,/specialists/mrs-julia-barber,301,live listing
/physiotherapist/mrs-julia-peters-belk,/specialists/mrs-julia-peters-belk,301,live listing
/physiotherapist/mrs-olivia-lewis,/specialists/mrs-olivia-lewis,301,live listing
/physiotherapist/mrs-sarah-charlton,/specialists/mrs-sarah-charlton,301,live listing
/physiotherapist/mrs-sarah-davey,/specialists/mrs-sarah-davey,301,live listing
/physiotherapist/mrs-sneha-shah,/specialists/mrs-sneha-shah,301,live listing
/physiotherapist/mrs-trevayne-cox,/specialists/mrs-trevayne-cox,301,live listing
/physiotherapist/ms-alison-byrne,/specialists/ms-alison-byrne,301,live listing
/physiotherapist/ms-amanda-marsh,/specialists/ms-amanda-marsh,301,live listing
/physiotherapist/ms-athina-giralea,/specialists/ms-athina-giralea,301,live listing
/physiotherapist/ms-catharine-macrae,/specialists/ms-catharine-macrae,301,live listing
/physiotherapist/ms-catriona-streeten,/specialists/ms-catriona-streeten,301,live listing
/physiotherapist/ms-charlie-kydd,/specialists/ms-charlie-kydd,301,live listing
/physiotherapist/ms-elisa-stanko,/specialists/ms-elisa-stanko,301,live listing
/physiotherapist/ms-emma-cadwallader,/specialists/ms-emma-cadwallader,301,live listing
/physiotherapist/ms-femy-dilonell,/specialists/ms-femy-dilonell,301,live listing
/physiotherapist/ms-gemma-clunie,/specialists/ms-gemma-clunie,301,live listing
/physiotherapist/ms-heather-grant,/specialists/ms-heather-grant,301,live listing
/physiotherapist/ms-jacqui-archer,/specialists/ms-jacqui-archer,301,live listing
/physiotherapist/ms-jade-blake,/specialists/ms-jade-blake,301,live listing
/physiotherapist/ms-julia-unsworth,/specialists/ms-julia-unsworth,301,live listing
/physiotherapist/ms-julie-moore,/specialists/ms-julie-moore,301,live listing
/physiotherapist/ms-laura-douglas,/specialists/ms-laura-douglas,301,live listing
/physiotherapist/ms-lene-cunis,/specialists/ms-lene-cunis,301,live listing
/physiotherapist/ms-linda-keane,/specialists/ms-linda-keane,301,live listing
/physiotherapist/ms-lisa-rector,/specialists/ms-lisa-rector,301,live listing
/physiotherapist/ms-malgorzata-mauriange,/specialists/ms-malgorzata-mauriange,301,live listing
/physiotherapist/ms-maria-wrenn,/specialists/ms-maria-wrenn,301,live listing
/physiotherapist/ms-megan-sumner,/specialists/ms-megan-sumner,301,live listing
/physiotherapist/ms-miriam-kate-green,/specialists/ms-miriam-kate-green,301,live listing
/physiotherapist/ms-nadine-bakst,/specialists/ms-nadine-bakst,301,live listing
/physiotherapist/ms-nadine-ipoly,/specialists/ms-nadine-ipoly,301,live listing
/physiotherapist/ms-natasha-fernandes,/specialists/ms-natasha-fernandes,301,live listing
/physiotherapist/ms-natasha-price,/specialists/ms-natasha-price,301,live listing
/physiotherapist/ms-netta-sarry,/specialists/ms-netta-sarry,301,live listing
/physiotherapist/ms-nicola-read,/specialists/ms-nicola-read,301,live listing
/physiotherapist/ms-paula-coates-renwick,/specialists/ms-paula-coates-renwick,301,live listing
/physiotherapist/ms-ravina-daware,/specialists/ms-ravina-daware,301,live listing
/physiotherapist/ms-regan-siviter,/specialists/ms-regan-siviter,301,live listing
/physiotherapist/ms-sally-murray,/specialists/ms-sally-murray,301,live listing
/physiotherapist/ms-sapna-vithlani,/specialists/ms-sapna-vithlani,301,live listing
/physiotherapist/ms-sneha-kamat,/specialists/ms-sneha-kamat,301,live listing
/physiotherapist/ms-victoria-robinson,/specialists/ms-victoria-robinson,301,live listing
/physiotherapist/ms-victoria-samson,/specialists/ms-victoria-samson,301,live listing
/physiotherapist/·alexandra-lekis,/specialists/·alexandra-lekis,301,live listing
/physiotherapist/·annika-duffy,/specialists/·annika-duffy,301,live listing
/physiotherapist/·ashwini-jadhav,/specialists/·ashwini-jadhav,301,live listing
/physiotherapist/·caroline-jones,/specialists/·caroline-jones,301,live listing
/physiotherapist/·caroline-murphy,/specialists/·caroline-murphy,301,live listing
/physiotherapist/·charlotte-church,/specialists/·charlotte-church,301,live listing
/physiotherapist/·courtney-smith,/specialists/·courtney-smith,301,live listing
/physiotherapist/·deepa-morar,/specialists/·deepa-morar,301,live listing
/physiotherapist/·emma-condon,/specialists/·emma-condon,301,live listing
/physiotherapist/·fiona-parker,/specialists/·fiona-parker,301,live listing
/physiotherapist/·georgia-bird,/specialists/·georgia-bird,301,live listing
/physiotherapist/·janette-wood,/specialists/·janette-wood,301,live listing
/physiotherapist/·karolina-wojcik,/specialists/·karolina-wojcik,301,live listing
/physiotherapist/·kirsty-jane-westwood,/specialists/·kirsty-jane-westwood,301,live listing
/physiotherapist/·lisa-cullum,/specialists/·lisa-cullum,301,live listing
/physiotherapist/·magdalena-grabek,/specialists/·magdalena-grabek,301,live listing
/physiotherapist/·marta-dias-de-oliveira,/specialists/·marta-dias-de-oliveira,301,live listing
/physiotherapist/·nicola-bottioni,/specialists/·nicola-bottioni,301,live listing
/physiotherapist/·physio-team,/specialists/·physio-team,301,live listing
/physiotherapist/·rene-maree,/specialists/·rene-maree,301,live listing
/physiotherapist/·rochelle-francois,/specialists/·rochelle-francois,301,live listing
/physiotherapist/·ruth-ashton,/specialists/·ruth-ashton,301,live listing
/physiotherapist/·shamoon-shahzada,/specialists/·shamoon-shahzada,301,live listing
/pro/20260310052642,/,301,nothing known
/pro/20260408094950,/,301,nothing known
/pro/20260716044434,/,301,nothing known
/pro/20260723122315,/,301,nothing known
/reading/boathouse-physiotherapy,/search?location=Reading,301,not imported — town only
/reading/core-body-clinic,/search?location=Reading,301,not imported — town only
/reading/greener-health-physiotherapy-physiomoves,/search?location=Reading,301,not imported — town only
/reading/kinetic-care-physiotherapy-acupuncture-clinic,/search?location=Reading,301,not imported — town only
/reading/physiolistic-reading,/search?location=Reading,301,not imported — town only
/reading/reading-physio,/search?location=Reading,301,not imported — town only
/reading/tilehurst-physiotherapy-jill-wigmore-welsh-msc-hcpc,/search?location=Reading,301,not imported — town only
/sandwell-uk/ent-specialist/earwax-removal-by-ear-clear-fully-qualified-senior-nhs-audiologist-at-home-service,/specialists/earwax-removal-by-ear-clear-fully-qualified-senior-nhs-audiologist-at-home-service,301,live listing
/sandwell-uk/orthopaedics/uk-knee-sports-injury-clinic,/specialists/uk-knee-sports-injury-clinic,301,live listing
/scotland/orthopaedic-surgeon/dr-kamal-deep,/specialists/dr-kamal-deep,301,live listing
/scotland/orthopaedic-surgeon/mr-david-a-cairns,/specialists/mr-david-a-cairns,301,live listing
/scotland/orthopaedic-surgeon/mr-terence-savaridas,/specialists/mr-terence-savaridas,301,live listing
/serbia/dermatologist/dr-prlja-medical,,410,out of scope — deliberately gone
/sheffield/down2u-health-and-wellbeing,/search?location=Sheffield,301,not imported — town only
/sheffield/fit4-physio-ltd,/search?location=Sheffield,301,not imported — town only
/sheffield/hallamshire-physiotherapy-clinic,/search?location=Sheffield,301,not imported — town only
/sheffield/physio-sheffield,/search?location=Sheffield,301,not imported — town only
/sheffield/pure-physiotherapy-sheffield-broomhall-remedy-physio,/search?location=Sheffield,301,not imported — town only
/sheffield/pure-physiotherapy-sheffield-hillsborough,/search?location=Sheffield,301,not imported — town only
/sheffield/sheffield-physiotherapy,/search?location=Sheffield,301,not imported — town only
/sheffield/the-physios,/search?location=Sheffield,301,not imported — town only
/solihull-uk/aesthetic-doctors/daleswood-aesthetics,/specialists/daleswood-aesthetics,301,live listing
/solihull-uk/aesthetic-doctors/sf-aesthetics-forever-you,/specialists/sf-aesthetics-forever-you,301,live listing
/solihull-uk/aesthetic-doctors/the-skin-fix,/specialists/the-skin-fix,301,live listing
/solihull-uk/dentistry/designer-smiles-solihull,/search?specialty=dentistry&location=Solihull,301,not imported — specialty and town
/solihull-uk/dentistry/smile-concepts,/specialists/smile-concepts,301,live listing
/solihull-uk/ent-specialist/ear-microsuction-clinic,/specialists/ear-microsuction-clinic,301,live listing
/solihull-uk/orthopaedics/robert-jordan-shoulder-elbow-surgeon,/specialists/robert-jordan-shoulder-elbow-surgeon,301,live listing
/solihull-uk/orthopaedics/warwickshire-orthopaedic-clinic-solihull-mr-roger-sloan,/specialists/warwickshire-orthopaedic-clinic-solihull-mr-roger-sloan,301,live listing
/solihull-uk/psychologist/broad-oaks-health-clinic,/specialists/broad-oaks-health-clinic,301,live listing
/solihull-uk/psychologist/your-path-counselling,/specialists/your-path-counselling,301,live listing
/southampton/physiocraft,/search?location=Southampton,301,not imported — town only
/southampton/southampton-physio,/search?location=Southampton,301,not imported — town only
/spain/heritage-homes-mallorca,,410,out of scope — deliberately gone
/sutton-coldfield/achieve-health-sutton-coldfield,/search?location=Sutton%20Coldfield,301,not imported — town only
/sutton-coldfield/home-physio-birmingham,/search?location=Sutton%20Coldfield,301,not imported — town only
/sutton-coldfield/midlands-shockwave-physiotherapy-clinic,/search?location=Sutton%20Coldfield,301,not imported — town only
/sutton-coldfield/neurosurgery/fahid-rasul,/search?specialty=neurosurgery&location=Sutton%20Coldfield,301,not imported — specialty and town
/sutton-coldfield/physio-rehab,/search?location=Sutton%20Coldfield,301,not imported — town only
/sutton-coldfield/react-physiotherapy-limited,/search?location=Sutton%20Coldfield,301,not imported — town only
/sutton-coldfield/sutton-coldfield-physiotherapy-and-acupuncture-clinic,/search?location=Sutton%20Coldfield,301,not imported — town only
/sutton-coldfield/vital-physiotherapy-sutton-coldfield,/search?location=Sutton%20Coldfield,301,not imported — town only
/sweden/solna/general-practioners/asan-hudklinik-hudklinik-solna,,410,out of scope — deliberately gone
/switzerland/dentistry/we-love-smiles-kieferorthopädie-zürich-ag,,410,out of scope — deliberately gone
/united-arab-emirates/dermatologist/lucia-clinic,,410,out of scope — deliberately gone
/united-arab-emirates/dubai/dentistry/magnum-dental-clinic-jlt,,410,out of scope — deliberately gone
/united-kingdom/aberdeen/orthopaedics/mr-james-bidwell,/specialists/mr-james-bidwell,301,live listing
/united-kingdom/aberdeen/orthopaedics/mr-robert-duthie,/specialists/mr-robert-duthie,301,live listing
/united-kingdom/aberdeen/orthopaedics/mr-steven-hamilton,/specialists/mr-steven-hamilton,301,live listing
/united-kingdom/aesthetic-doctors/james-stewart,/search?specialty=aesthetics-specialists,301,not imported — specialty only
/united-kingdom/aesthetics-by-paige-marie,/,301,nothing known
/united-kingdom/basingstoke-hampshire/dentistry/italdent,/search?specialty=dentistry&location=Basingstoke%20Hampshire,301,not imported — specialty and town
/united-kingdom/bath/orthopaedics/mr-andrew-chambler,/specialists/mr-andrew-chambler,301,live listing
/united-kingdom/bath/orthopaedics/mr-otto-von-arx,/specialists/mr-otto-von-arx,301,live listing
/united-kingdom/beckenham/orthopaedics/mr-sajid-shariff,/specialists/mr-sajid-shariff,301,live listing
/united-kingdom/benenden/orthopaedics/dimitri-yanni,/specialists/dimitri-yanni,301,live listing
/united-kingdom/benenden/orthopaedics/mr-alex-chipperfield,/specialists/mr-alex-chipperfield,301,live listing
/united-kingdom/benenden/orthopaedics/mr-crispin-southgate,/specialists/mr-crispin-southgate,301,live listing
/united-kingdom/benenden/orthopaedics/mr-dimitri-yanni,/specialists/mr-dimitri-yanni,301,live listing
/united-kingdom/benenden/orthopaedics/mr-hemant-thakral,/specialists/mr-hemant-thakral,301,live listing
/united-kingdom/benenden/orthopaedics/mr-kumar-reddy,/specialists/mr-kumar-reddy,301,live listing
/united-kingdom/benenden/orthopaedics/mr-raman-r-thakur,/specialists/mr-raman-r-thakur,301,live listing
/united-kingdom/benfleet/dentistry/benfleet-dental-centre,/search?specialty=dentistry&location=Benfleet,301,not imported — specialty and town
/united-kingdom/birmingham-uk/aesthetic-doctors/achieve-aesthetics-birmingham,/specialists/achieve-aesthetics-birmingham,301,live listing
/united-kingdom/birmingham-uk/aesthetic-doctors/adiva-aesthetics,/specialists/adiva-aesthetics,301,live listing
/united-kingdom/birmingham-uk/aesthetic-doctors/aesthetic-ace-clinic,/specialists/aesthetic-ace-clinic,301,live listing
/united-kingdom/birmingham-uk/aesthetic-doctors/aesthetica-skin-clinic-spa-ltd,/specialists/aesthetica-skin-clinic-spa-ltd,301,live listing
/united-kingdom/birmingham-uk/aesthetic-doctors/ag-clinic,/specialists/ag-clinic,301,live listing
/united-kingdom/birmingham-uk/aesthetic-doctors/air-aesthetics-clinic,/specialists/air-aesthetics-clinic,301,live listing
/united-kingdom/birmingham-uk/aesthetic-doctors/al-aesthetics-injectables-minor-surgical-skincare-solihull,/specialists/al-aesthetics-injectables-minor-surgical-skincare-solihull,301,live listing
/united-kingdom/birmingham-uk/aesthetic-doctors/annabelle-aesthetics-clinic,/specialists/annabelle-aesthetics-clinic,301,live listing
/united-kingdom/birmingham-uk/aesthetic-doctors/areje-aesthetics,/specialists/areje-aesthetics,301,live listing
/united-kingdom/birmingham-uk/aesthetic-doctors/ashylla-aesthetics,/specialists/ashylla-aesthetics,301,live listing
/united-kingdom/birmingham-uk/aesthetic-doctors/aspire-aesthetics-uk-fat-dissolving-birmingham,/specialists/aspire-aesthetics-uk-fat-dissolving-birmingham,301,live listing
/united-kingdom/birmingham-uk/aesthetic-doctors/be-aesthetic,/specialists/be-aesthetic,301,live listing
/united-kingdom/birmingham-uk/aesthetic-doctors/be-aesthetic-turkey,/search?specialty=aesthetics-specialists&location=Birmingham,301,not imported — specialty and town
/united-kingdom/birmingham-uk/aesthetic-doctors/belle-femme-aesthetics-training-academy,/specialists/belle-femme-aesthetics-training-academy,301,live listing
/united-kingdom/birmingham-uk/aesthetic-doctors/bhx-aesthetics-lounge,/specialists/bhx-aesthetics-lounge,301,live listing
/united-kingdom/birmingham-uk/aesthetic-doctors/boon-aesthetics,/specialists/boon-aesthetics,301,live listing
/united-kingdom/birmingham-uk/aesthetic-doctors/bv-aesthetics,/specialists/bv-aesthetics,301,live listing
/united-kingdom/birmingham-uk/aesthetic-doctors/clinic-asthetika,/specialists/clinic-asthetika,301,live listing
/united-kingdom/birmingham-uk/aesthetic-doctors/creed-aesthetics,/specialists/creed-aesthetics,301,live listing
/united-kingdom/birmingham-uk/aesthetic-doctors/derma-contours-aesthetics-training-academy,/specialists/derma-contours-aesthetics-training-academy,301,live listing
/united-kingdom/birmingham-uk/aesthetic-doctors/dermalign-skin-laser-clinic,/specialists/dermalign-skin-laser-clinic,301,live listing
/united-kingdom/birmingham-uk/aesthetic-doctors/dr-ana-â-the-skin-clinic-medical-aesthetics-wellness-centre,/specialists/dr-ana-â-the-skin-clinic-medical-aesthetics-wellness-centre,301,live listing
/united-kingdom/birmingham-uk/aesthetic-doctors/dr-knowles-aesthetics,/specialists/dr-knowles-aesthetics,301,live listing
/united-kingdom/birmingham-uk/aesthetic-doctors/dr-majid-shah-aesthetics-birmingham,/specialists/dr-majid-shah-aesthetics-birmingham,301,live listing
/united-kingdom/birmingham-uk/aesthetic-doctors/dr-st-medical-aesthetics-and-laser-clinic,/specialists/dr-st-medical-aesthetics-and-laser-clinic,301,live listing
/united-kingdom/birmingham-uk/aesthetic-doctors/edgbaston-wellness-clinic,/specialists/edgbaston-wellness-clinic,301,live listing
/united-kingdom/birmingham-uk/aesthetic-doctors/efface-aesthetics,/specialists/efface-aesthetics,301,live listing
/united-kingdom/birmingham-uk/aesthetic-doctors/emma-deacon-facial-aesthetics,/specialists/emma-deacon-facial-aesthetics,301,live listing
/united-kingdom/birmingham-uk/aesthetic-doctors/hello-skin-clinic,/specialists/hello-skin-clinic,301,live listing
/united-kingdom/birmingham-uk/aesthetic-doctors/hidden-aesthetics,/specialists/hidden-aesthetics,301,live listing
/united-kingdom/birmingham-uk/aesthetic-doctors/hnm-aesthetics,/specialists/hnm-aesthetics,301,live listing
/united-kingdom/birmingham-uk/aesthetic-doctors/house-of-riri,/specialists/house-of-riri,301,live listing
/united-kingdom/birmingham-uk/aesthetic-doctors/hs-advanced-aesthetics,/search?specialty=aesthetics-specialists&location=Birmingham,301,not imported — specialty and town
/united-kingdom/birmingham-uk/aesthetic-doctors/hydrafacial-birmingham,/specialists/hydrafacial-birmingham,301,live listing
/united-kingdom/birmingham-uk/aesthetic-doctors/jcandy-beauty-services-aesthetics-erdington,/specialists/jcandy-beauty-services-aesthetics-erdington,301,live listing
/united-kingdom/birmingham-uk/aesthetic-doctors/khd-aesthetics,/specialists/khd-aesthetics,301,live listing
/united-kingdom/birmingham-uk/aesthetic-doctors/la-marque-aesthetics,/specialists/la-marque-aesthetics,301,live listing
/united-kingdom/birmingham-uk/aesthetic-doctors/la-skin-laser-clinic,/specialists/la-skin-laser-clinic,301,live listing
/united-kingdom/birmingham-uk/aesthetic-doctors/liberty-aesthetics,/specialists/liberty-aesthetics,301,live listing
/united-kingdom/birmingham-uk/aesthetic-doctors/livara-aesthetics,/specialists/livara-aesthetics,301,live listing
/united-kingdom/birmingham-uk/aesthetic-doctors/luenire-spa-aesthetics,/specialists/luenire-spa-aesthetics,301,live listing
/united-kingdom/birmingham-uk/aesthetic-doctors/lush-aesthetics-and-beauty,/specialists/lush-aesthetics-and-beauty,301,live listing
/united-kingdom/birmingham-uk/aesthetic-doctors/luval-medical-aesthetics,/specialists/luval-medical-aesthetics,301,live listing
/united-kingdom/birmingham-uk/aesthetic-doctors/m-p-m-aesthetic-medicals,/specialists/m-p-m-aesthetic-medicals,301,live listing
/united-kingdom/birmingham-uk/aesthetic-doctors/metrospa-aesthetics,/specialists/metrospa-aesthetics,301,live listing
/united-kingdom/birmingham-uk/aesthetic-doctors/mh-aesthetic-beauty-clinic-ltd,/specialists/mh-aesthetic-beauty-clinic-ltd,301,live listing
/united-kingdom/birmingham-uk/aesthetic-doctors/mitocell-uk,/specialists/mitocell-uk,301,live listing
/united-kingdom/birmingham-uk/aesthetic-doctors/ml-aesthetics-clinic,/specialists/ml-aesthetics-clinic,301,live listing
/united-kingdom/birmingham-uk/aesthetic-doctors/ms-aesthetics,/specialists/ms-aesthetics,301,live listing
/united-kingdom/birmingham-uk/aesthetic-doctors/plus-aesthetic,/specialists/plus-aesthetic,301,live listing
/united-kingdom/birmingham-uk/aesthetic-doctors/queen-land-clinic-hair-beauty-skin-care-aesthetic,/specialists/queen-land-clinic-hair-beauty-skin-care-aesthetic,301,live listing
/united-kingdom/birmingham-uk/aesthetic-doctors/refined-glow-aesthetics,/specialists/refined-glow-aesthetics,301,live listing
/united-kingdom/birmingham-uk/aesthetic-doctors/rise-aesthetics,/specialists/rise-aesthetics,301,live listing
/united-kingdom/birmingham-uk/aesthetic-doctors/schon-aesthetic-clinic-birmingham,/specialists/schon-aesthetic-clinic-birmingham,301,live listing
/united-kingdom/birmingham-uk/aesthetic-doctors/sk-aesthetics-and-skincare-ltd,/specialists/sk-aesthetics-and-skincare-ltd,301,live listing
/united-kingdom/birmingham-uk/aesthetic-doctors/skin-care-aesthetic,/specialists/skin-care-aesthetic,301,live listing
/united-kingdom/birmingham-uk/aesthetic-doctors/skin-laser-aesthetics,/specialists/skin-laser-aesthetics,301,live listing
/united-kingdom/birmingham-uk/aesthetic-doctors/skinclin-aesthetics,/specialists/skinclin-aesthetics,301,live listing
/united-kingdom/birmingham-uk/aesthetic-doctors/skinfinity-mastery-aesthetics,/specialists/skinfinity-mastery-aesthetics,301,live listing
/united-kingdom/birmingham-uk/aesthetic-doctors/surgicare-aesthetics-birmingham-specialist-doctors-in-anti-wrinkle-non-surgical-rhinoplasty-lip-fillers-zo-skincare,/specialists/surgicare-aesthetics-birmingham-specialist-doctors-in-anti-wrinkle-non-surgical-rhinoplasty-lip-fillers-zo-skincare,301,live listing
/united-kingdom/birmingham-uk/aesthetic-doctors/the-aesthetics-company-uk,/specialists/the-aesthetics-company-uk,301,live listing
/united-kingdom/birmingham-uk/aesthetic-doctors/the-aesthetics-doctors-skincare-microneedling-polynucleotides-i-botox-i-fillers-edgbaston-birmingham,/specialists/the-aesthetics-doctors-skincare-microneedling-polynucleotides-i-botox-i-fillers-edgbaston-birmingham,301,live listing
/united-kingdom/birmingham-uk/aesthetic-doctors/tk-face-and-fillers-aesthetics-clinic-birmingham,/specialists/tk-face-and-fillers-aesthetics-clinic-birmingham,301,live listing
/united-kingdom/birmingham-uk/aesthetic-doctors/true-beauty-clinic,/specialists/true-beauty-clinic,301,live listing
/united-kingdom/birmingham-uk/aesthetic-doctors/wow-facial-aesthetics,/specialists/wow-facial-aesthetics,301,live listing
/united-kingdom/birmingham-uk/dentistry/261-dental-care,/specialists/261-dental-care,301,live listing
/united-kingdom/birmingham-uk/dentistry/321-dental-care,/specialists/321-dental-care,301,live listing
/united-kingdom/birmingham-uk/dentistry/44-maypole-lane-dentist,/specialists/44-maypole-lane-dentist,301,live listing
/united-kingdom/birmingham-uk/dentistry/488-smile-avenue,/specialists/488-smile-avenue,301,live listing
/united-kingdom/birmingham-uk/dentistry/76dental,/specialists/76dental,301,live listing
/united-kingdom/birmingham-uk/dentistry/acocks-green-dental-practice,/specialists/acocks-green-dental-practice,301,live listing
/united-kingdom/birmingham-uk/dentistry/acorn-dental,/specialists/acorn-dental,301,live listing
/united-kingdom/birmingham-uk/dentistry/aesthetic-dental-and-implant-surgery,/specialists/aesthetic-dental-and-implant-surgery,301,live listing
/united-kingdom/birmingham-uk/dentistry/all-saints-dental-implant-and-orthodontic-clinic-birmingham,/specialists/all-saints-dental-implant-and-orthodontic-clinic-birmingham,301,live listing
/united-kingdom/birmingham-uk/dentistry/be-aesthetic-dental,/specialists/be-aesthetic-dental,301,live listing
/united-kingdom/birmingham-uk/dentistry/birmingham-dental-hospital,/facilities/birmingham-dental-hospital,301,became a facility
/united-kingdom/birmingham-uk/dentistry/birmingham-smile-clinic,/specialists/birmingham-smile-clinic,301,live listing
/united-kingdom/birmingham-uk/dentistry/bournville-village-dental-practice,/specialists/bournville-village-dental-practice,301,live listing
/united-kingdom/birmingham-uk/dentistry/bpi-dental,/specialists/bpi-dental,301,live listing
/united-kingdom/birmingham-uk/dentistry/broadway-dental-suite,/specialists/broadway-dental-suite,301,live listing
/united-kingdom/birmingham-uk/dentistry/brownes-dental-surgery,/specialists/brownes-dental-surgery,301,live listing
/united-kingdom/birmingham-uk/dentistry/cadbury-dental-practice,/specialists/cadbury-dental-practice,301,live listing
/united-kingdom/birmingham-uk/dentistry/castle-care-castle-bromwich-dental-care,/specialists/castle-care-castle-bromwich-dental-care,301,live listing
/united-kingdom/birmingham-uk/dentistry/changing-faces-dentistry-harborne,/specialists/changing-faces-dentistry-harborne,301,live listing
/united-kingdom/birmingham-uk/dentistry/city-dental-practice,/specialists/city-dental-practice,301,live listing
/united-kingdom/birmingham-uk/dentistry/college-of-medicine-dentistry,/specialists/college-of-medicine-dentistry,301,live listing
/united-kingdom/birmingham-uk/dentistry/college-road-dental-practice,/specialists/college-road-dental-practice,301,live listing
/united-kingdom/birmingham-uk/dentistry/complete-dental,/specialists/complete-dental,301,live listing
/united-kingdom/birmingham-uk/dentistry/cottams-dental-harborne-dentist,/specialists/cottams-dental-harborne-dentist,301,live listing
/united-kingdom/birmingham-uk/dentistry/coventry-road-dental,/specialists/coventry-road-dental,301,live listing
/united-kingdom/birmingham-uk/dentistry/dental-opulence,/specialists/dental-opulence,301,live listing
/united-kingdom/birmingham-uk/dentistry/dental-surgery-dentist-in-harborne,/specialists/dental-surgery-dentist-in-harborne,301,live listing
/united-kingdom/birmingham-uk/dentistry/denturly-birmingham,/specialists/denturly-birmingham,301,live listing
/united-kingdom/birmingham-uk/dentistry/dr-amit-patel,/specialists/dr-amit-patel,301,live listing
/united-kingdom/birmingham-uk/dentistry/drs-s-n-waddell,/specialists/drs-s-n-waddell,301,live listing
/united-kingdom/birmingham-uk/dentistry/dsd-dental-laboratory-ltd,/specialists/dsd-dental-laboratory-ltd,301,live listing
/united-kingdom/birmingham-uk/dentistry/edgbaston-dental-centre,/specialists/edgbaston-dental-centre,301,live listing
/united-kingdom/birmingham-uk/dentistry/edgbaston-smile-clinic-birmingham-dentist,/specialists/edgbaston-smile-clinic-birmingham-dentist,301,live listing
/united-kingdom/birmingham-uk/dentistry/euro-dental-care,/specialists/euro-dental-care,301,live listing
/united-kingdom/birmingham-uk/dentistry/family-dental-centre,/specialists/family-dental-centre,301,live listing
/united-kingdom/birmingham-uk/dentistry/fox-goose-dental-centre,/specialists/fox-goose-dental-centre,301,live listing
/united-kingdom/birmingham-uk/dentistry/fox-hollies-dental-practice,/specialists/fox-hollies-dental-practice,301,live listing
/united-kingdom/birmingham-uk/dentistry/fraser-dental,/specialists/fraser-dental,301,live listing
/united-kingdom/birmingham-uk/dentistry/great-hampton-dental,/specialists/great-hampton-dental,301,live listing
/united-kingdom/birmingham-uk/dentistry/hall-green-dental-practice,/specialists/hall-green-dental-practice,301,live listing
/united-kingdom/birmingham-uk/dentistry/handsworth-wood-dental-practice-handsworth-wood-dentist,/specialists/handsworth-wood-dental-practice-handsworth-wood-dentist,301,live listing
/united-kingdom/birmingham-uk/dentistry/hapi-dental-sohal-dental-practice,/specialists/hapi-dental-sohal-dental-practice,301,live listing
/united-kingdom/birmingham-uk/dentistry/highfield-dental-clinic-edgbaston,/specialists/highfield-dental-clinic-edgbaston,301,live listing
/united-kingdom/birmingham-uk/dentistry/house-of-dental,/specialists/house-of-dental,301,live listing
/united-kingdom/birmingham-uk/dentistry/karun-dewan-specialist-periodontist-endodontics-dental-implants,/specialists/karun-dewan-specialist-periodontist-endodontics-dental-implants,301,live listing
/united-kingdom/birmingham-uk/dentistry/kings-heath-dental-and-implant-centre,/specialists/kings-heath-dental-and-implant-centre,301,live listing
/united-kingdom/birmingham-uk/dentistry/kings-heath-dental-practice,/specialists/kings-heath-dental-practice,301,live listing
/united-kingdom/birmingham-uk/dentistry/kings-norton-dental-practice,/specialists/kings-norton-dental-practice,301,live listing
/united-kingdom/birmingham-uk/dentistry/kingshurst-dental-surgery,/specialists/kingshurst-dental-surgery,301,live listing
/united-kingdom/birmingham-uk/dentistry/lansdown-dental-practice,/specialists/lansdown-dental-practice,301,live listing
/united-kingdom/birmingham-uk/dentistry/manor-house-dental-composite-bonding-birmingham,/specialists/manor-house-dental-composite-bonding-birmingham,301,live listing
/united-kingdom/birmingham-uk/dentistry/mark-tangri-dental-excellence,/specialists/mark-tangri-dental-excellence,301,live listing
/united-kingdom/birmingham-uk/dentistry/medical-dent-polski-dentysta-birmingham,/specialists/medical-dent-polski-dentysta-birmingham,301,live listing
/united-kingdom/birmingham-uk/dentistry/mere-green-dental-care,/specialists/mere-green-dental-care,301,live listing
/united-kingdom/birmingham-uk/dentistry/midlands-dental-therapist-birmingham,/specialists/midlands-dental-therapist-birmingham,301,live listing
/united-kingdom/birmingham-uk/dentistry/mismile-birmingham,/specialists/mismile-birmingham,301,live listing
/united-kingdom/birmingham-uk/dentistry/mydentist-aldridge-road-dental-practice,/specialists/mydentist-aldridge-road-dental-practice,301,live listing
/united-kingdom/birmingham-uk/dentistry/mydentist-birchfield-dental-practice,/specialists/mydentist-birchfield-dental-practice,301,live listing
/united-kingdom/birmingham-uk/dentistry/mydentist-soho-road-dental-practice,/specialists/mydentist-soho-road-dental-practice,301,live listing
/united-kingdom/birmingham-uk/dentistry/newhall-medical-dental-aesthetics,/specialists/newhall-medical-dental-aesthetics,301,live listing
/united-kingdom/birmingham-uk/dentistry/newtown-dental-practice-and-opticians,/specialists/newtown-dental-practice-and-opticians,301,live listing
/united-kingdom/birmingham-uk/dentistry/night-and-day-emergency-dentist-birmingham,/specialists/night-and-day-emergency-dentist-birmingham,301,live listing
/united-kingdom/birmingham-uk/dentistry/nothing-but-the-tooth,/specialists/nothing-but-the-tooth,301,live listing
/united-kingdom/birmingham-uk/dentistry/novos-dental-clinic,/specialists/novos-dental-clinic,301,live listing
/united-kingdom/birmingham-uk/dentistry/oldbury-smile-spa-dental-implants-birmingham,/specialists/oldbury-smile-spa-dental-implants-birmingham,301,live listing
/united-kingdom/birmingham-uk/dentistry/omnia-dental-spa,/specialists/omnia-dental-spa,301,live listing
/united-kingdom/birmingham-uk/dentistry/one-devonshire-place-orthodontics,/specialists/one-devonshire-place-orthodontics,301,live listing
/united-kingdom/birmingham-uk/dentistry/ora-dental,/specialists/ora-dental,301,live listing
/united-kingdom/birmingham-uk/dentistry/park-dental-surgery,/specialists/park-dental-surgery,301,live listing
/united-kingdom/birmingham-uk/dentistry/polska-przychodnia-birmingham-top-medical-clinic,/specialists/polska-przychodnia-birmingham-top-medical-clinic,301,live listing
/united-kingdom/birmingham-uk/dentistry/portland-dental-practice,/specialists/portland-dental-practice,301,live listing
/united-kingdom/birmingham-uk/dentistry/rai-dental-surgery,/specialists/rai-dental-surgery,301,live listing
/united-kingdom/birmingham-uk/dentistry/rit-premium-dental-care-birmingham,/specialists/rit-premium-dental-care-birmingham,301,live listing
/united-kingdom/birmingham-uk/dentistry/sameday-dentist-birmingham,/specialists/sameday-dentist-birmingham,301,live listing
/united-kingdom/birmingham-uk/dentistry/selly-oak-dental-practice,/specialists/selly-oak-dental-practice,301,live listing
/united-kingdom/birmingham-uk/dentistry/sheldon-dental-practice,/specialists/sheldon-dental-practice,301,live listing
/united-kingdom/birmingham-uk/dentistry/shergill-dental-implants-birmingham,/specialists/shergill-dental-implants-birmingham,301,live listing
/united-kingdom/birmingham-uk/dentistry/signature-orthodontics,/specialists/signature-orthodontics,301,live listing
/united-kingdom/birmingham-uk/dentistry/sparkhill-dental-surgery,/specialists/sparkhill-dental-surgery,301,live listing
/united-kingdom/birmingham-uk/dentistry/springfield-road-dental-practice,/specialists/springfield-road-dental-practice,301,live listing
/united-kingdom/birmingham-uk/dentistry/st-johns-dental-practice,/specialists/st-johns-dental-practice,301,live listing
/united-kingdom/birmingham-uk/dentistry/stella-maris-dental,/specialists/stella-maris-dental,301,live listing
/united-kingdom/birmingham-uk/dentistry/sutton-dental-implant-clinic,/specialists/sutton-dental-implant-clinic,301,live listing
/united-kingdom/birmingham-uk/dentistry/synergy-dental-birmingham,/specialists/synergy-dental-birmingham,301,live listing
/united-kingdom/birmingham-uk/dentistry/teeth-face,/specialists/teeth-face,301,live listing
/united-kingdom/birmingham-uk/dentistry/the-dental-centre,/specialists/the-dental-centre,301,live listing
/united-kingdom/birmingham-uk/dentistry/the-dentist-at-liberty-place-birmingham-dental-clinic,/specialists/the-dentist-at-liberty-place-birmingham-dental-clinic,301,live listing
/united-kingdom/birmingham-uk/dentistry/the-dentist-implants-veneers-emergency-center,/specialists/the-dentist-implants-veneers-emergency-center,301,live listing
/united-kingdom/birmingham-uk/dentistry/the-university-dental-and-implant-centre,/specialists/the-university-dental-and-implant-centre,301,live listing
/united-kingdom/birmingham-uk/dentistry/the-yardley-dental-clinic-birmingham,/specialists/the-yardley-dental-clinic-birmingham,301,live listing
/united-kingdom/birmingham-uk/dentistry/twelve-dental,/specialists/twelve-dental,301,live listing
/united-kingdom/birmingham-uk/dentistry/walmley-dental-practice,/specialists/walmley-dental-practice,301,live listing
/united-kingdom/birmingham-uk/dentistry/water-orton-dental-centre,/specialists/water-orton-dental-centre,301,live listing
/united-kingdom/birmingham-uk/dentistry/west-heath-dental-practice,/specialists/west-heath-dental-practice,301,live listing
/united-kingdom/birmingham-uk/dentistry/west-heath-dental-surgery,/specialists/west-heath-dental-surgery,301,live listing
/united-kingdom/birmingham-uk/dentistry/white-pearl-dental-practice,/specialists/white-pearl-dental-practice,301,live listing
/united-kingdom/birmingham-uk/dentistry/will-murphy-dentistry,/specialists/will-murphy-dentistry,301,live listing
/united-kingdom/birmingham-uk/dentistry/yew-tree-dental-care,/specialists/yew-tree-dental-care,301,live listing
/united-kingdom/birmingham-uk/dermatologist/dermoperfection-medical-skin-aesthetics-clinic-at-the-mailbox,/specialists/dermoperfection-medical-skin-aesthetics-clinic-at-the-mailbox,301,live listing
/united-kingdom/birmingham-uk/dermatologist/dr-ana--the-skin-clinic-medical-aesthetics-wellness-centre,/specialists/dr-ana--the-skin-clinic-medical-aesthetics-wellness-centre,301,live listing
/united-kingdom/birmingham-uk/dermatologist/dr-christos-kasparis,/specialists/dr-christos-kasparis,301,live listing
/united-kingdom/birmingham-uk/dermatologist/faciem-dermatology-birmingham-chamberlain-clinic,/specialists/faciem-dermatology-birmingham-chamberlain-clinic,301,live listing
/united-kingdom/birmingham-uk/dermatologist/fiji-skin-clinic,/specialists/fiji-skin-clinic,301,live listing
/united-kingdom/birmingham-uk/dermatologist/midland-health-private-gp,/search?specialty=aesthetics-specialists&location=Birmingham,301,not imported — specialty and town
/united-kingdom/birmingham-uk/dermatologist/sky-clinic-birmingham,/specialists/sky-clinic-birmingham,301,live listing
/united-kingdom/birmingham-uk/dermatologist/the-skin-practice,/specialists/the-skin-practice,301,live listing
/united-kingdom/birmingham-uk/dermatologist/ukskin,/specialists/ukskin,301,live listing
/united-kingdom/birmingham-uk/ent-specialist/earwax-specialist,/specialists/earwax-specialist,301,live listing
/united-kingdom/birmingham-uk/ent-specialist/earwaxspecialist-co-uk-ear-wax-removal-sutton-coldfield-hearing-aids,/specialists/earwaxspecialist-co-uk-ear-wax-removal-sutton-coldfield-hearing-aids,301,live listing
/united-kingdom/birmingham-uk/ent-specialist/healthscreen-uk-ltd-occupational-health-providers,/specialists/healthscreen-uk-ltd-occupational-health-providers,301,live listing
/united-kingdom/birmingham-uk/ent-specialist/nv-microsuction,/specialists/nv-microsuction,301,live listing
/united-kingdom/birmingham-uk/ent-specialist/the-birmingham-ear-clinic,/specialists/the-birmingham-ear-clinic,301,live listing
/united-kingdom/birmingham-uk/gynaecology/midlands-womens-health,/specialists/midlands-womens-health,301,live listing
/united-kingdom/birmingham-uk/gynaecology/philip-toozs-hobson,/specialists/philip-toozs-hobson,301,live listing
/united-kingdom/birmingham-uk/gynaecology/polski-ginekolog-birmingham,/specialists/polski-ginekolog-birmingham,301,live listing
/united-kingdom/birmingham-uk/gynaecology/spire-little-aston-hospital,/facilities/spire-little-aston-hospital,301,became a facility
/united-kingdom/birmingham-uk/gynaecology/the-endometriosis-clinic,/specialists/the-endometriosis-clinic,301,live listing
/united-kingdom/birmingham-uk/orthopaedics/birmingham-knee-and-shoulder-clinic,/specialists/birmingham-knee-and-shoulder-clinic,301,live listing
/united-kingdom/birmingham-uk/orthopaedics/birmingham-orthotic-services,/specialists/birmingham-orthotic-services,301,live listing
/united-kingdom/birmingham-uk/orthopaedics/jonathan-stevenson-orthopaedic-surgeon,/specialists/jonathan-stevenson-orthopaedic-surgeon,301,live listing
/united-kingdom/birmingham-uk/orthopaedics/mr-callum-mcbryde,/specialists/mr-callum-mcbryde,301,live listing
/united-kingdom/birmingham-uk/orthopaedics/mr-kenan-dehne-consultant-orthopaedic-surgeon,/specialists/mr-kenan-dehne-consultant-orthopaedic-surgeon,301,live listing
/united-kingdom/birmingham-uk/orthopaedics/ronan-tracey,/specialists/ronan-tracey,301,live listing
/united-kingdom/birmingham-uk/orthopaedics/sevilla-components-ltd,/specialists/sevilla-components-ltd,301,live listing
/united-kingdom/birmingham-uk/orthopaedics/the-midland-shoulder-clinic,/specialists/the-midland-shoulder-clinic,301,live listing
/united-kingdom/birmingham-uk/orthopaedics/the-roh-community-health-hub,/specialists/the-roh-community-health-hub,301,live listing
/united-kingdom/birmingham-uk/paediatrics/birmingham-childrens-hospital-eye-department,/search?specialty=paediatrics&location=Birmingham,301,not imported — specialty and town
/united-kingdom/birmingham-uk/paediatrics/birmingham-paediatric-cochlear-implant-programme,/search?specialty=paediatrics&location=Birmingham,301,not imported — specialty and town
/united-kingdom/birmingham-uk/paediatrics/chamberlainclinic,/search?specialty=paediatrics&location=Birmingham,301,not imported — specialty and town
/united-kingdom/birmingham-uk/paediatrics/dr-mary-salama-paediatrics,/search?specialty=paediatrics&location=Birmingham,301,not imported — specialty and town
/united-kingdom/birmingham-uk/paediatrics/dr-pradeep-naganna-paediatrics,/search?specialty=paediatrics&location=Birmingham,301,not imported — specialty and town
/united-kingdom/birmingham-uk/paediatrics/dr-tristan-ramcharan-consultant-paediatric-and-sport-cardiologist,/search?specialty=paediatrics&location=Sutton%20Coldfield,301,not imported — specialty and town
/united-kingdom/birmingham-uk/paediatrics/polski-pediatra-endokrynolog-internista-birmingham,/search?specialty=paediatrics&location=Birmingham,301,not imported — specialty and town
/united-kingdom/birmingham-uk/paediatrics/wellkid-clinic,/search?specialty=paediatrics&location=Birmingham,301,not imported — specialty and town
/united-kingdom/birmingham-uk/psychologist/achieve-health-edgbaston-birmingham,/specialists/achieve-health-edgbaston-birmingham,301,live listing
/united-kingdom/birmingham-uk/psychologist/active-clinics-hyperbaric-therapy-injury-pain-management,/specialists/active-clinics-hyperbaric-therapy-injury-pain-management,301,live listing
/united-kingdom/birmingham-uk/psychologist/adrian-thomas-soft-tissue-therapy,/specialists/adrian-thomas-soft-tissue-therapy,301,live listing
/united-kingdom/birmingham-uk/psychologist/ascending-minds-psychology,/specialists/ascending-minds-psychology,301,live listing
/united-kingdom/birmingham-uk/psychologist/be-mindful-counselling-psychotherapy,/specialists/be-mindful-counselling-psychotherapy,301,live listing
/united-kingdom/birmingham-uk/psychologist/birmingham-massage-and-sports-injury-therapy,/specialists/birmingham-massage-and-sports-injury-therapy,301,live listing
/united-kingdom/birmingham-uk/psychologist/birmingham-psychiatry-clinic,/specialists/birmingham-psychiatry-clinic,301,live listing
/united-kingdom/birmingham-uk/psychologist/birmingham-solihull-mental-health-nhs-trust,/facilities/birmingham-solihull-mental-health-nhs-trust,301,became a facility
/united-kingdom/birmingham-uk/psychologist/birmingham-solihull-therapy,/specialists/birmingham-solihull-therapy,301,live listing
/united-kingdom/birmingham-uk/psychologist/border-line-personality-disorder-birmingham,/specialists/border-line-personality-disorder-birmingham,301,live listing
/united-kingdom/birmingham-uk/psychologist/cascade-therapy,/specialists/cascade-therapy,301,live listing
/united-kingdom/birmingham-uk/psychologist/cayp-psychology,/specialists/cayp-psychology,301,live listing
/united-kingdom/birmingham-uk/psychologist/cayp-psychology-atherstone,/specialists/cayp-psychology-atherstone,301,live listing
/united-kingdom/birmingham-uk/psychologist/cayp-psychology-birmingham,/specialists/cayp-psychology-birmingham,301,live listing
/united-kingdom/birmingham-uk/psychologist/citizen-coaching,/specialists/citizen-coaching,301,live listing
/united-kingdom/birmingham-uk/psychologist/david-iles-psychotherapy,/specialists/david-iles-psychotherapy,301,live listing
/united-kingdom/birmingham-uk/psychologist/digbeth-counselling-psychotherapy,/specialists/digbeth-counselling-psychotherapy,301,live listing
/united-kingdom/birmingham-uk/psychologist/dr-bruno-silva-neuropsychiatrist-brain-matters,/specialists/dr-bruno-silva-neuropsychiatrist-brain-matters,301,live listing
/united-kingdom/birmingham-uk/psychologist/dr-faisal-mir-bsc-hons-dclinpsych,/specialists/dr-faisal-mir-bsc-hons-dclinpsych,301,live listing
/united-kingdom/birmingham-uk/psychologist/dr-judith-holden-seren-bay-limited,/specialists/dr-judith-holden-seren-bay-limited,301,live listing
/united-kingdom/birmingham-uk/psychologist/dr-lisa-brownell-frcpsych-edgbaston-consultants,/specialists/dr-lisa-brownell-frcpsych-edgbaston-consultants,301,live listing
/united-kingdom/birmingham-uk/psychologist/dr-mark-paget-psychotherapist,/specialists/dr-mark-paget-psychotherapist,301,live listing
/united-kingdom/birmingham-uk/psychologist/dr-sarah-bishop,/specialists/dr-sarah-bishop,301,live listing
/united-kingdom/birmingham-uk/psychologist/dr-vicky-lewis-clinical-psychology-and-counselling-services,/specialists/dr-vicky-lewis-clinical-psychology-and-counselling-services,301,live listing
/united-kingdom/birmingham-uk/psychologist/edge-performance-therapy,/specialists/edge-performance-therapy,301,live listing
/united-kingdom/birmingham-uk/psychologist/evolving-families,/specialists/evolving-families,301,live listing
/united-kingdom/birmingham-uk/psychologist/forensic-psychology-practice,/specialists/forensic-psychology-practice,301,live listing
/united-kingdom/birmingham-uk/psychologist/forensic-psychology-practice-ltd,/specialists/forensic-psychology-practice-ltd,301,live listing
/united-kingdom/birmingham-uk/psychologist/four-oaks-psychology,/specialists/four-oaks-psychology,301,live listing
/united-kingdom/birmingham-uk/psychologist/gina,/specialists/gina,301,live listing
/united-kingdom/birmingham-uk/psychologist/harborne-chiropractic-clinic,/search?specialty=psychology&location=Birmingham,301,not imported — specialty and town
/united-kingdom/birmingham-uk/psychologist/heart-healing-therapy,/specialists/heart-healing-therapy,301,live listing
/united-kingdom/birmingham-uk/psychologist/helpee,/specialists/helpee,301,live listing
/united-kingdom/birmingham-uk/psychologist/ihya-house-of-aesthetics,/specialists/ihya-house-of-aesthetics,301,live listing
/united-kingdom/birmingham-uk/psychologist/isabel-price,/specialists/isabel-price,301,live listing
/united-kingdom/birmingham-uk/psychologist/kays-counselling,/specialists/kays-counselling,301,live listing
/united-kingdom/birmingham-uk/psychologist/key-counselling-training,/specialists/key-counselling-training,301,live listing
/united-kingdom/birmingham-uk/psychologist/lucy-mills-child-adolescent-psychotherapy,/specialists/lucy-mills-child-adolescent-psychotherapy,301,live listing
/united-kingdom/birmingham-uk/psychologist/natasha-williams-therapy,/specialists/natasha-williams-therapy,301,live listing
/united-kingdom/birmingham-uk/psychologist/nick-stagg-therapy,/specialists/nick-stagg-therapy,301,live listing
/united-kingdom/birmingham-uk/psychologist/oaktree-connect,/specialists/oaktree-connect,301,live listing
/united-kingdom/birmingham-uk/psychologist/olive-tree-therapy-solutions,/specialists/olive-tree-therapy-solutions,301,live listing
/united-kingdom/birmingham-uk/psychologist/openforwards,/specialists/openforwards,301,live listing
/united-kingdom/birmingham-uk/psychologist/oxford-cbt,/specialists/oxford-cbt,301,live listing
/united-kingdom/birmingham-uk/psychologist/pattigift-therapy-cic,/specialists/pattigift-therapy-cic,301,live listing
/united-kingdom/birmingham-uk/psychologist/pause-and-co-healthcare,/specialists/pause-and-co-healthcare,301,live listing
/united-kingdom/birmingham-uk/psychologist/pauses-digbeth-hub,/specialists/pauses-digbeth-hub,301,live listing
/united-kingdom/birmingham-uk/psychologist/phinity-therapy-psychotherapy-counselling-birmingham,/specialists/phinity-therapy-psychotherapy-counselling-birmingham,301,live listing
/united-kingdom/birmingham-uk/psychologist/phoenix-psychology,/specialists/phoenix-psychology,301,live listing
/united-kingdom/birmingham-uk/psychologist/power-of-change-therapy-cic,/specialists/power-of-change-therapy-cic,301,live listing
/united-kingdom/birmingham-uk/psychologist/priory-birmingham-outpatient-mental-health-and-eating-disorder-treatment,/specialists/priory-birmingham-outpatient-mental-health-and-eating-disorder-treatment,301,live listing
/united-kingdom/birmingham-uk/psychologist/qaya-clinic-prp-prf-microneedling-hydrafacial-hijama-cupping-lymphatic-massage-vampire-facial-birmingham,/specialists/qaya-clinic-prp-prf-microneedling-hydrafacial-hijama-cupping-lymphatic-massage-vampire-facial-birmingham,301,live listing
/united-kingdom/birmingham-uk/psychologist/rape-sexual-violence-project,/specialists/rape-sexual-violence-project,301,live listing
/united-kingdom/birmingham-uk/psychologist/renaissance-therapy-centre,/specialists/renaissance-therapy-centre,301,live listing
/united-kingdom/birmingham-uk/psychologist/restore-harmony,/specialists/restore-harmony,301,live listing
/united-kingdom/birmingham-uk/psychologist/sarah-barker-speech-and-language-therapist,/specialists/sarah-barker-speech-and-language-therapist,301,live listing
/united-kingdom/birmingham-uk/psychologist/solihull-well-being-clinic,/specialists/solihull-well-being-clinic,301,live listing
/united-kingdom/birmingham-uk/psychologist/st-martins-counselling,/specialists/st-martins-counselling,301,live listing
/united-kingdom/birmingham-uk/psychologist/st-pauls-physio,/specialists/st-pauls-physio,301,live listing
/united-kingdom/birmingham-uk/psychologist/the-autism-service-birmingham,/specialists/the-autism-service-birmingham,301,live listing
/united-kingdom/birmingham-uk/psychologist/the-counselling-clinic,/specialists/the-counselling-clinic,301,live listing
/united-kingdom/birmingham-uk/psychologist/the-growth-guidance-clinic,/specialists/the-growth-guidance-clinic,301,live listing
/united-kingdom/birmingham-uk/psychologist/the-guildhall-practice-birmingham-city-centre,/specialists/the-guildhall-practice-birmingham-city-centre,301,live listing
/united-kingdom/birmingham-uk/psychologist/the-purple-house-clinic-birmingham,/specialists/the-purple-house-clinic-birmingham,301,live listing
/united-kingdom/birmingham-uk/psychologist/the-righttherapy,/specialists/the-righttherapy,301,live listing
/united-kingdom/birmingham-uk/psychologist/the-well-health-centre,/specialists/the-well-health-centre,301,live listing
/united-kingdom/birmingham-uk/psychologist/therapy-touch,/specialists/therapy-touch,301,live listing
/united-kingdom/birmingham-uk/psychologist/think-psychology,/specialists/think-psychology,301,live listing
/united-kingdom/birmingham-uk/psychologist/two-ten-therapy,/specialists/two-ten-therapy,301,live listing
/united-kingdom/birmingham-uk/psychologist/wellqo-wellbeing-therapy-birmingham,/specialists/wellqo-wellbeing-therapy-birmingham,301,live listing
/united-kingdom/birmingham-uk/psychologist/working-minds-uk,/specialists/working-minds-uk,301,live listing
/united-kingdom/birmingham-uk/rheumatologist/central-podiatry-clinic-birmingham,/search?location=Birmingham,301,not imported — town only
/united-kingdom/birmingham/aesthetic-doctors/dr-majid-shah-aesthetics-birmingham,/specialists/dr-majid-shah-aesthetics-birmingham,301,live listing
/united-kingdom/birmingham/edgbaston-physiotherapy-clinic,/search?location=Birmingham,301,not imported — town only
/united-kingdom/birmingham/general-practioners/guy-ratu,/specialists/guy-ratu,301,live listing
/united-kingdom/birmingham/general-practioners/jonathan-stevenson,/search?specialty=general-practice&location=Birmingham,301,not imported — specialty and town
/united-kingdom/birmingham/general-practioners/samuel-chan,/search?specialty=general-practice&location=Birmingham,301,not imported — specialty and town
/united-kingdom/birmingham/orthopaedics/amit-kotecha,/search?specialty=orthopaedics&location=Birmingham,301,not imported — specialty and town
/united-kingdom/birmingham/orthopaedics/guy-morris,/search?specialty=orthopaedics&location=Birmingham,301,not imported — specialty and town
/united-kingdom/birmingham/orthopaedics/kanai-garala,/search?specialty=orthopaedics&location=Birmingham,301,not imported — specialty and town
/united-kingdom/birmingham/orthopaedics/lee-jeys,/search?specialty=orthopaedics&location=Birmingham,301,not imported — specialty and town
/united-kingdom/birmingham/orthopaedics/maulik-gandhi,/search?specialty=orthopaedics&location=Birmingham,301,not imported — specialty and town
/united-kingdom/birmingham/orthopaedics/rajpal-nandra,/search?specialty=orthopaedics&location=Birmingham,301,not imported — specialty and town
/united-kingdom/birmingham/orthopaedics/sokratis-kalogrianitis,/search?specialty=orthopaedics&location=Birmingham,301,not imported — specialty and town
/united-kingdom/birmingham/orthopaedics/sujit-agarwal,/search?specialty=orthopaedics&location=Birmingham,301,not imported — specialty and town
/united-kingdom/birmingham/orthopaedics/tanweer-ashraf,/search?specialty=orthopaedics&location=Birmingham,301,not imported — specialty and town
/united-kingdom/birmingham/orthopaedics/yuvraj-agrawal,/search?specialty=orthopaedics&location=Birmingham,301,not imported — specialty and town
/united-kingdom/birmingham/orthopaedics/ziali-sivardeen,/search?specialty=orthopaedics&location=Birmingham,301,not imported — specialty and town
/united-kingdom/birmingham/physiotherapist/four-oaks-physio,/search?specialty=physiotherapy&location=Birmingham,301,not imported — specialty and town
/united-kingdom/birmingham/physiotherapist/harborne-physiotherapy-clinic,/search?specialty=physiotherapy&location=Birmingham,301,not imported — specialty and town
/united-kingdom/birmingham/physiotherapist/mt-clinics-ltd,/search?specialty=physiotherapy&location=Birmingham,301,not imported — specialty and town
/united-kingdom/birmingham/physiotherapist/physiopoint-occupational-health-limited,/search?specialty=physiotherapy&location=Birmingham,301,not imported — specialty and town
/united-kingdom/birmingham/psychologist/bright-psychotherapy,/search?specialty=psychology&location=Birmingham,301,not imported — specialty and town
/united-kingdom/blackheath/orthopaedics/mr-shah-punwar,/specialists/mr-shah-punwar,301,live listing
/united-kingdom/bodenham/orthopaedics/mr-rakesh-choudhary,/specialists/mr-rakesh-choudhary,301,live listing
/united-kingdom/borehamwood/general-practioners/vimalendran-ratheesh,/specialists/vimalendran-ratheesh,301,live listing
/united-kingdom/bournemouth/orthopaedics/mr-mark-farrar,/specialists/mr-mark-farrar,301,live listing
/united-kingdom/brentford/orthopaedics/mr-richard-sinnerton,/specialists/mr-richard-sinnerton,301,live listing
/united-kingdom/brentwood/general-practioners/alice-scott,/specialists/alice-scott,301,live listing
/united-kingdom/brighton-and-hove/general-practioners/elizabeth-mcculloch,/search?specialty=general-practice&location=33%20Montefiore%20Rd,301,not imported — specialty and town
/united-kingdom/brighton-and-hove/orthopaedics/mr-enis-guryel,/specialists/mr-enis-guryel,301,live listing
/united-kingdom/brighton/brighton-physiotherapy-clinic,/search?location=Brighton,301,not imported — town only
/united-kingdom/bristol/the-physio-clinic,/search?location=Bristol,301,not imported — town only
/united-kingdom/buckhurst-hill/gynaecology/miss-roopa-nair,/specialists/miss-roopa-nair,301,live listing
/united-kingdom/buckhurst-hill/orthopaedics/mr-hasan-ahmed,/specialists/mr-hasan-ahmed,301,live listing
/united-kingdom/buckhurst-hill/orthopaedics/mr-james-wong,/specialists/mr-james-wong,301,live listing
/united-kingdom/buckhurst-hill/orthopaedics/mr-mandeep-lamba,/specialists/mr-mandeep-lamba,301,live listing
/united-kingdom/buckhurst-hill/orthopaedics/mr-sunil-kumar,/specialists/mr-sunil-kumar,301,live listing
/united-kingdom/bury/dentistry/eye-dental-clinic,/search?specialty=dentistry&location=Bury,301,not imported — specialty and town
/united-kingdom/bushey/ent-surgeon/onathan-hughes,/specialists/onathan-hughes,301,live listing
/united-kingdom/bushey/orthopaedics/mr-peter-domos,/specialists/mr-peter-domos,301,live listing
/united-kingdom/bushey/orthopaedics/mr-pinak-ray,/specialists/mr-pinak-ray,301,live listing
/united-kingdom/cambridge/general-practioners/susanna-unsworth,/specialists/susanna-unsworth,301,live listing
/united-kingdom/cambridge/orthopaedics/mr-mark-latimer,/specialists/mr-mark-latimer,301,live listing
/united-kingdom/cambridge/physiofit-cambridge,/search?location=Cambridge,301,not imported — town only
/united-kingdom/canterbury/orthopaedics/mr-sathya-murthy,/specialists/mr-sathya-murthy,301,live listing
/united-kingdom/cardiff/ent-specialist/clear-ears-wales,/search?specialty=ent&location=Cardiff,301,not imported — specialty and town
/united-kingdom/cardiff/oh-one-physiotherapy-clinic,/search?location=Cardiff,301,not imported — town only
/united-kingdom/chatham/orthopaedics/mr-sunil-jain,/specialists/mr-sunil-jain,301,live listing
/united-kingdom/cheadle/orthopaedics/mr-sanat-shah,/specialists/mr-sanat-shah,301,live listing
/united-kingdom/cheadle/orthopaedics/mr-timothy-clough,/specialists/mr-timothy-clough,301,live listing
/united-kingdom/cheadle/orthopaedics/timothy-clough,/specialists/timothy-clough,301,live listing
/united-kingdom/chelsfield/orthopaedics/mr-jonathan-walczak,/specialists/mr-jonathan-walczak,301,live listing
/united-kingdom/chelsfield/orthopaedics/mr-robbie-ray,/specialists/mr-robbie-ray,301,live listing
/united-kingdom/chelsfield/orthopaedics/robbie-ray,/specialists/robbie-ray,301,live listing
/united-kingdom/cheltenham/bioidentical-hormone-therapy-ltd,/search?location=Cheltenham,301,not imported — town only
/united-kingdom/cheltenham/orthopaedics/mr-alexander-dodds,/specialists/mr-alexander-dodds,301,live listing
/united-kingdom/cheltenham/psychologist/children-in-mind,/search?specialty=psychology&location=Cheltenham,301,not imported — specialty and town
/united-kingdom/chertsey/gynaecology/anil-tailor,/specialists/anil-tailor,301,live listing
/united-kingdom/chichester/gynaecology/melanie-tipples,/specialists/melanie-tipples,301,live listing
/united-kingdom/chichester/orthopaedics/ms-samantha-hook,/specialists/ms-samantha-hook,301,live listing
/united-kingdom/colchester/orthopaedics/mr-tim-parratt,/specialists/mr-tim-parratt,301,live listing
/united-kingdom/coventry-uk/aesthetic-doctors/aesthetics-by-cheri-limited,/specialists/aesthetics-by-cheri-limited,301,live listing
/united-kingdom/coventry-uk/aesthetic-doctors/allure-aesthetics-and-wellbeing,/specialists/allure-aesthetics-and-wellbeing,301,live listing
/united-kingdom/coventry-uk/aesthetic-doctors/angels-beauty-laser-and-skin-clinic-ltd,/specialists/angels-beauty-laser-and-skin-clinic-ltd,301,live listing
/united-kingdom/coventry-uk/aesthetic-doctors/astounding-skin-aesthetics,/specialists/astounding-skin-aesthetics,301,live listing
/united-kingdom/coventry-uk/aesthetic-doctors/bhandal-facial-aesthetics,/specialists/bhandal-facial-aesthetics,301,live listing
/united-kingdom/coventry-uk/aesthetic-doctors/deluxe-skincare-clinic,/specialists/deluxe-skincare-clinic,301,live listing
/united-kingdom/coventry-uk/aesthetic-doctors/dr-zoe-beauty,/specialists/dr-zoe-beauty,301,live listing
/united-kingdom/coventry-uk/aesthetic-doctors/feeling-fabulous-beauty-and-aesthetics,/specialists/feeling-fabulous-beauty-and-aesthetics,301,live listing
/united-kingdom/coventry-uk/aesthetic-doctors/freyja-aesthetics,/specialists/freyja-aesthetics,301,live listing
/united-kingdom/coventry-uk/aesthetic-doctors/haven-beauty-aesthetics-walk-ins-welcome-facials-makeup-waxing-more-in-coventry,/specialists/haven-beauty-aesthetics-walk-ins-welcome-facials-makeup-waxing-more-in-coventry,301,live listing
/united-kingdom/coventry-uk/aesthetic-doctors/helens-holistic-beauty-and-aesthetics,/specialists/helens-holistic-beauty-and-aesthetics,301,live listing
/united-kingdom/coventry-uk/aesthetic-doctors/katherine-allen-aesthetics,/specialists/katherine-allen-aesthetics,301,live listing
/united-kingdom/coventry-uk/aesthetic-doctors/nova-skin-laser-clinic,/specialists/nova-skin-laser-clinic,301,live listing
/united-kingdom/coventry-uk/aesthetic-doctors/rebecca-jayne-aesthetics,/specialists/rebecca-jayne-aesthetics,301,live listing
/united-kingdom/coventry-uk/aesthetic-doctors/samo-clinic,/specialists/samo-clinic,301,live listing
/united-kingdom/coventry-uk/aesthetic-doctors/skin-avenue,/specialists/skin-avenue,301,live listing
/united-kingdom/coventry-uk/aesthetic-doctors/skinox-aesthetics-clinic-warwickshire,/specialists/skinox-aesthetics-clinic-warwickshire,301,live listing
/united-kingdom/coventry-uk/dentistry/allesley-park-dental-practice,/specialists/allesley-park-dental-practice,301,live listing
/united-kingdom/coventry-uk/dentistry/balsall-common-dental-practice,/specialists/balsall-common-dental-practice,301,live listing
/united-kingdom/coventry-uk/dentistry/bell-green-dental-surgery,/specialists/bell-green-dental-surgery,301,live listing
/united-kingdom/coventry-uk/dentistry/binley-woods-dentistry,/specialists/binley-woods-dentistry,301,live listing
/united-kingdom/coventry-uk/dentistry/broad-lane-dental-surgery,/specialists/broad-lane-dental-surgery,301,live listing
/united-kingdom/coventry-uk/dentistry/canley-dental-surgery,/specialists/canley-dental-surgery,301,live listing
/united-kingdom/coventry-uk/dentistry/chapelfields-dental-practice,/specialists/chapelfields-dental-practice,301,live listing
/united-kingdom/coventry-uk/dentistry/community-dental-service,/specialists/community-dental-service,301,live listing
/united-kingdom/coventry-uk/dentistry/coventry-denture-centre,/specialists/coventry-denture-centre,301,live listing
/united-kingdom/coventry-uk/dentistry/densmile-dental-care,/specialists/densmile-dental-care,301,live listing
/united-kingdom/coventry-uk/dentistry/denture-repairs-coventry-while-u-wait,/specialists/denture-repairs-coventry-while-u-wait,301,live listing
/united-kingdom/coventry-uk/dentistry/face-dental-practice,/specialists/face-dental-practice,301,live listing
/united-kingdom/coventry-uk/dentistry/hillfields-dental-surgery,/specialists/hillfields-dental-surgery,301,live listing
/united-kingdom/coventry-uk/dentistry/holbrooks-dental-care,/specialists/holbrooks-dental-care,301,live listing
/united-kingdom/coventry-uk/dentistry/holbrooks-dental-practice,/specialists/holbrooks-dental-practice,301,live listing
/united-kingdom/coventry-uk/dentistry/holyhead-dental-practice,/specialists/holyhead-dental-practice,301,live listing
/united-kingdom/coventry-uk/dentistry/j-h-dental-clinic,/specialists/j-h-dental-clinic,301,live listing
/united-kingdom/coventry-uk/dentistry/jubilee-dental-practice-dentist-radford,/specialists/jubilee-dental-practice-dentist-radford,301,live listing
/united-kingdom/coventry-uk/dentistry/leamington-road-dental-practice,/specialists/leamington-road-dental-practice,301,live listing
/united-kingdom/coventry-uk/dentistry/light-lane-dental-practice,/specialists/light-lane-dental-practice,301,live listing
/united-kingdom/coventry-uk/dentistry/longfellow-road-dental-practice,/specialists/longfellow-road-dental-practice,301,live listing
/united-kingdom/coventry-uk/dentistry/marlborough-road-dental-practice,/specialists/marlborough-road-dental-practice,301,live listing
/united-kingdom/coventry-uk/dentistry/modus-advanced-dental-clinic,/specialists/modus-advanced-dental-clinic,301,live listing
/united-kingdom/coventry-uk/dentistry/murray-dental,/specialists/murray-dental,301,live listing
/united-kingdom/coventry-uk/dentistry/park-road-dental-care,/specialists/park-road-dental-care,301,live listing
/united-kingdom/coventry-uk/dentistry/pinnacle-orthodontics-coventry,/specialists/pinnacle-orthodontics-coventry,301,live listing
/united-kingdom/coventry-uk/dentistry/polski-dentysta-w-coventry-medicovdent,/specialists/polski-dentysta-w-coventry-medicovdent,301,live listing
/united-kingdom/coventry-uk/dentistry/spencer-road-dental-surgery,/specialists/spencer-road-dental-surgery,301,live listing
/united-kingdom/coventry-uk/dentistry/styvechale-dental-care,/specialists/styvechale-dental-care,301,live listing
/united-kingdom/coventry-uk/dentistry/the-dental-parlour,/specialists/the-dental-parlour,301,live listing
/united-kingdom/coventry-uk/dentistry/torcross-dental-practice,/specialists/torcross-dental-practice,301,live listing
/united-kingdom/coventry-uk/dentistry/verum-cosmetic-dentists,/specialists/verum-cosmetic-dentists,301,live listing
/united-kingdom/coventry-uk/dermatologist/aestheticology-dr-kam-lally,/specialists/aestheticology-dr-kam-lally,301,live listing
/united-kingdom/coventry-uk/dermatologist/authentic-aesthetics,/specialists/authentic-aesthetics,301,live listing
/united-kingdom/coventry-uk/dermatologist/derm-aesthetics-clinique,/specialists/derm-aesthetics-clinique,301,live listing
/united-kingdom/coventry-uk/dermatologist/dr-bikram-clinics,/specialists/dr-bikram-clinics,301,live listing
/united-kingdom/coventry-uk/dermatologist/dr-sharons-facial-aesthetics,/search?specialty=aesthetics-specialists&location=Coventry,301,not imported — specialty and town
/united-kingdom/coventry-uk/dermatologist/love-your-skin-clinic,/specialists/love-your-skin-clinic,301,live listing
/united-kingdom/coventry-uk/dermatologist/midland-aesthetics-clinic,/specialists/midland-aesthetics-clinic,301,live listing
/united-kingdom/coventry-uk/dermatologist/poland-medical-coventry-medical-clinic-polska-przychodnia,/specialists/poland-medical-coventry-medical-clinic-polska-przychodnia,301,live listing
/united-kingdom/coventry-uk/dermatologist/softerlines,/specialists/softerlines,301,live listing
/united-kingdom/coventry-uk/dermatologist/uk-skin,/specialists/uk-skin,301,live listing
/united-kingdom/coventry-uk/dermatologist/university-hospital-coventry-warwickshire,/facilities/university-hospital-coventry-and-warwickshire,301,became a facility
/united-kingdom/coventry-uk/dermatologist/warwick-hospital-dermatology,/facilities/warwick-hospital,301,became a facility
/united-kingdom/coventry-uk/ent-specialist/coventry-university-medical-centre,/specialists/coventry-university-medical-centre,301,live listing
/united-kingdom/coventry-uk/ent-specialist/earwaxspecialist-co-uk,/specialists/earwaxspecialist-co-uk,301,live listing
/united-kingdom/coventry-uk/ent-specialist/euphonic-hearing-care-ear-wax-removal-specialist-warwick,/specialists/euphonic-hearing-care-ear-wax-removal-specialist-warwick,301,live listing
/united-kingdom/coventry-uk/gynaecology/window-to-the-womb-coventry,/specialists/window-to-the-womb-coventry,301,live listing
/united-kingdom/coventry-uk/orthopaedics/coventry-osteopathic-sports-injury-clinic,/specialists/coventry-osteopathic-sports-injury-clinic,301,live listing
/united-kingdom/coventry-uk/orthopaedics/mr-gev-bhabra,/specialists/mr-gev-bhabra,301,live listing
/united-kingdom/coventry-uk/orthopaedics/mr-vivekanandan-dhukaram,/specialists/mr-vivekanandan-dhukaram,301,live listing
/united-kingdom/coventry-uk/orthopaedics/technology-in-motion-ltd-coventry,/specialists/technology-in-motion-ltd-coventry,301,live listing
/united-kingdom/coventry-uk/orthopaedics/university-hospital-coventry-warwickshire-fracture-clinic,/facilities/university-hospital-coventry-and-warwickshire,301,became a facility
/united-kingdom/coventry-uk/orthopaedics/warwickshire-knee-surgeon,/specialists/warwickshire-knee-surgeon,301,live listing
/united-kingdom/coventry-uk/orthopaedics/warwickshire-orthopaedic-clinic-coventy-mr-roger-sloan,/specialists/warwickshire-orthopaedic-clinic-coventy-mr-roger-sloan,301,live listing
/united-kingdom/coventry-uk/orthopaedics/witty-pask-buckingham-chartered-physiotherapists,/specialists/witty-pask-buckingham-chartered-physiotherapists,301,live listing
/united-kingdom/coventry-uk/paediatrics/dr-s-matthews,/search?specialty=paediatrics&location=Coventry,301,not imported — specialty and town
/united-kingdom/coventry-uk/psychologist/abacus-counselling-services-ltd,/specialists/abacus-counselling-services-ltd,301,live listing
/united-kingdom/coventry-uk/psychologist/association-of-christian-counsellors,/specialists/association-of-christian-counsellors,301,live listing
/united-kingdom/coventry-uk/psychologist/blossom-counselling,/specialists/blossom-counselling,301,live listing
/united-kingdom/coventry-uk/psychologist/blue-sky-therapy,/specialists/blue-sky-therapy,301,live listing
/united-kingdom/coventry-uk/psychologist/cbt-with-linzi-coventry,/specialists/cbt-with-linzi-coventry,301,live listing
/united-kingdom/coventry-uk/psychologist/chanel-inner-key-therapy-counselling,/specialists/chanel-inner-key-therapy-counselling,301,live listing
/united-kingdom/coventry-uk/psychologist/coventry-and-south-warwickshire-counselling,/specialists/coventry-and-south-warwickshire-counselling,301,live listing
/united-kingdom/coventry-uk/psychologist/coventry-central-chiropractic-clinic,/specialists/coventry-central-chiropractic-clinic,301,live listing
/united-kingdom/coventry-uk/psychologist/cygnet-joyce-parker-hospital,/facilities/cygnet-joyce-parker-hospital,301,became a facility
/united-kingdom/coventry-uk/psychologist/dr-kimberley-wade,/specialists/dr-kimberley-wade,301,live listing
/united-kingdom/coventry-uk/psychologist/emotionally-connected,/specialists/emotionally-connected,301,live listing
/united-kingdom/coventry-uk/psychologist/fire-earth-sports-massage,/specialists/fire-earth-sports-massage,301,live listing
/united-kingdom/coventry-uk/psychologist/i-m-massages-deep-tissue-massage-sports-massage-swedish-hijama-cupping-therapy,/specialists/i-m-massages-deep-tissue-massage-sports-massage-swedish-hijama-cupping-therapy,301,live listing
/united-kingdom/coventry-uk/psychologist/inner-space-therapy,/specialists/inner-space-therapy,301,live listing
/united-kingdom/coventry-uk/psychologist/just-being-human-counselling,/specialists/just-being-human-counselling,301,live listing
/united-kingdom/coventry-uk/psychologist/mercia-ms-therapy-centre,/specialists/mercia-ms-therapy-centre,301,live listing
/united-kingdom/coventry-uk/psychologist/michalowski-therapy-clinic,/specialists/michalowski-therapy-clinic,301,live listing
/united-kingdom/coventry-uk/psychologist/my-solution-wellbeing-counselling-coventry,/specialists/my-solution-wellbeing-counselling-coventry,301,live listing
/united-kingdom/coventry-uk/psychologist/nancy-psychotherapy,/specialists/nancy-psychotherapy,301,live listing
/united-kingdom/coventry-uk/psychologist/newfield-house,/specialists/newfield-house,301,live listing
/united-kingdom/coventry-uk/psychologist/prywatny-gabinet-psychoterapii-systemowej,/specialists/prywatny-gabinet-psychoterapii-systemowej,301,live listing
/united-kingdom/coventry-uk/psychologist/relate,/specialists/relate,301,live listing
/united-kingdom/coventry-uk/psychologist/resolve-psychological-services,/specialists/resolve-psychological-services,301,live listing
/united-kingdom/coventry-uk/psychologist/revive-wellness-club,/specialists/revive-wellness-club,301,live listing
/united-kingdom/coventry-uk/psychologist/rhian-king-counselling-psychotherapy,/specialists/rhian-king-counselling-psychotherapy,301,live listing
/united-kingdom/coventry-uk/psychologist/serene-mind-body-complementary-therapy-centre-training-college,/specialists/serene-mind-body-complementary-therapy-centre-training-college,301,live listing
/united-kingdom/coventry-uk/psychologist/seven-care-services,/specialists/seven-care-services,301,live listing
/united-kingdom/coventry-uk/psychologist/shed-counselling,/specialists/shed-counselling,301,live listing
/united-kingdom/coventry-uk/psychologist/the-clarendon-practice,/specialists/the-clarendon-practice,301,live listing
/united-kingdom/coventry-uk/psychologist/the-flame,/specialists/the-flame,301,live listing
/united-kingdom/coventry-uk/psychologist/trauma-therapy-by-trish,/specialists/trauma-therapy-by-trish,301,live listing
/united-kingdom/coventry-uk/rheumatologist/university-hospital-coventry-warwickshire-rheumatology,/search?location=Coventry,301,not imported — town only
/united-kingdom/coventry-warwickshire/dentistry/binley-woods-dentistry,/specialists/binley-woods-dentistry,301,live listing
/united-kingdom/coventry/general-practioners/central-chiropractic-clinic,/search?specialty=general-practice&location=Coventry,301,not imported — specialty and town
/united-kingdom/coventry/general-practioners/central-shockwave-therapy-clinic,/search?specialty=general-practice&location=Coventry,301,not imported — specialty and town
/united-kingdom/coventry/gynaecology/supriya-bulchandani,/specialists/supriya-bulchandani,301,live listing
/united-kingdom/coventry/orthopaedics/mr-feisal-ali-shah,/specialists/mr-feisal-ali-shah,301,live listing
/united-kingdom/coventry/orthopaedics/mr-gev-bhabra,/specialists/mr-gev-bhabra,301,live listing
/united-kingdom/coventry/orthopaedics/mr-stephen-drew,/specialists/mr-stephen-drew,301,live listing
/united-kingdom/coventry/physiotherapist/coventry-back-pain-clinic,/search?specialty=physiotherapy&location=Coventry,301,not imported — specialty and town
/united-kingdom/croydon/orthopaedics/mr-anestis-iossifidis,/specialists/mr-anestis-iossifidis,301,live listing
/united-kingdom/croydon/orthopaedics/mr-mohammed-al-maiyah,/specialists/mr-mohammed-al-maiyah,301,live listing
/united-kingdom/darlington/orthopaedics/mr-jonathan-mark-loughead,/specialists/mr-jonathan-mark-loughead,301,live listing
/united-kingdom/dorchester/orthopaedics/mr-tim-crook,/specialists/mr-tim-crook,301,live listing
/united-kingdom/droitwich-spa/gynaecology/jamila-shahid,/specialists/jamila-shahid,301,live listing
/united-kingdom/dudley-uk/aesthetic-doctors/glow-up-beauty-aesthetics-training,/specialists/glow-up-beauty-aesthetics-training,301,live listing
/united-kingdom/dudley-uk/aesthetic-doctors/like-a-princess-aesthetics,/specialists/like-a-princess-aesthetics,301,live listing
/united-kingdom/dudley-uk/aesthetic-doctors/lynsey-new-aesthetics,/specialists/lynsey-new-aesthetics,301,live listing
/united-kingdom/dudley-uk/aesthetic-doctors/mcs-aesthetics,/specialists/mcs-aesthetics,301,live listing
/united-kingdom/dudley-uk/aesthetic-doctors/reform-aesthetics-by-deanna-baker,/specialists/reform-aesthetics-by-deanna-baker,301,live listing
/united-kingdom/dudley-uk/aesthetic-doctors/thérapie-clinic-dudley,/specialists/thérapie-clinic-dudley,301,live listing
/united-kingdom/dudley-uk/dentistry/amblecote-dental-care-dentist-in-brierley-hill,/specialists/amblecote-dental-care-dentist-in-brierley-hill,301,live listing
/united-kingdom/dudley-uk/dentistry/benson-dental-practice,/specialists/benson-dental-practice,301,live listing
/united-kingdom/dudley-uk/dentistry/clear-smiles-wolverhampton-invisalign-cosmetic-dentistry,/specialists/clear-smiles-wolverhampton-invisalign-cosmetic-dentistry,301,live listing
/united-kingdom/dudley-uk/dentistry/highview-dental-practice,/specialists/highview-dental-practice,301,live listing
/united-kingdom/dudley-uk/dentistry/purity-dental-dudley-dentist,/specialists/purity-dental-dudley-dentist,301,live listing
/united-kingdom/dudley-uk/dentistry/sedgley-dental-care,/specialists/sedgley-dental-care,301,live listing
/united-kingdom/dudley-uk/dermatologist/dudley-group-nhs-foundation-trust,/facilities/dudley-group-nhs-foundation-trust,301,became a facility
/united-kingdom/dudley-uk/dermatologist/skin-etc-medical-aesthetics-clinic,/specialists/skin-etc-medical-aesthetics-clinic,301,live listing
/united-kingdom/dudley-uk/ent-specialist/ear-wax-removal,/specialists/ear-wax-removal,301,live listing
/united-kingdom/dudley-uk/ent-specialist/new-cross-hospital-ent,/facilities/new-cross-hospital,301,became a facility
/united-kingdom/dudley-uk/ent-specialist/the-hearing-care-partnership,/specialists/the-hearing-care-partnership,301,live listing
/united-kingdom/dudley-uk/gynaecology/new-cross-hospital-gynaecology,/facilities/new-cross-hospital,301,became a facility
/united-kingdom/dudley-uk/orthopaedics/guy-morris-orthopaedics,/specialists/guy-morris-orthopaedics,301,live listing
/united-kingdom/dudley-uk/orthopaedics/knee-and-hip-surgeon-birmingham-halesowen-and-stourbridge,/specialists/knee-and-hip-surgeon-birmingham-halesowen-and-stourbridge,301,live listing
/united-kingdom/dudley-uk/orthopaedics/mr-kowshik-jain,/specialists/mr-kowshik-jain,301,live listing
/united-kingdom/dudley-uk/orthopaedics/rsw-medico-legal-ltd,/specialists/rsw-medico-legal-ltd,301,live listing
/united-kingdom/dudley-uk/paediatrics/russells-hall-hospital,/search?specialty=paediatrics&location=Dudley,301,not imported — specialty and town
/united-kingdom/dudley-uk/physiotherapist/ledbrook-private-orthotic-and-prosthetic-clinic,/specialists/ledbrook-private-orthotic-and-prosthetic-clinic,301,live listing
/united-kingdom/dudley-uk/psychologist/counselling-directory,/specialists/counselling-directory,301,live listing
/united-kingdom/dudley-uk/psychologist/dr-natasha-sharma,/specialists/dr-natasha-sharma,301,live listing
/united-kingdom/dudley-uk/psychologist/lewis-psychology-cic,/specialists/lewis-psychology-cic,301,live listing
/united-kingdom/dudley-uk/psychologist/mind-verses-hypnotherapy-wolverhampton,/specialists/mind-verses-hypnotherapy-wolverhampton,301,live listing
/united-kingdom/dudley-uk/psychologist/optimum-therapy,/specialists/optimum-therapy,301,live listing
/united-kingdom/dudley-uk/psychologist/sn-clinic-massage-dudley-sports-massage,/specialists/sn-clinic-massage-dudley-sports-massage,301,live listing
/united-kingdom/dudley-uk/psychologist/the-lighthouse-centre,/specialists/the-lighthouse-centre,301,live listing
/united-kingdom/dudley-uk/psychologist/tim-crisp-counselling,/specialists/tim-crisp-counselling,301,live listing
/united-kingdom/dudley-uk/psychologist/tt-training-academy,/specialists/tt-training-academy,301,live listing
/united-kingdom/dudley-uk/psychologist/turn-the-tide-counselling-with-karen-frances,/specialists/turn-the-tide-counselling-with-karen-frances,301,live listing
/united-kingdom/eastleigh/physio-soton,/search?location=Eastleigh,301,not imported — town only
/united-kingdom/edgbaston/general-practioners/elios-clinics,/search?specialty=general-practice&location=Edgbaston,301,not imported — specialty and town
/united-kingdom/edgbaston/orthopaedics/mr-feiran-wu,/specialists/mr-feiran-wu,301,live listing
/united-kingdom/edgware/orthopaedics/mr-michael-mokawem,/specialists/mr-michael-mokawem,301,live listing
/united-kingdom/edinburgh/envigore,/search?location=Edinburgh,301,not imported — town only
/united-kingdom/edinburgh/physis-physiotherapy,/search?location=Edinburgh,301,not imported — town only
/united-kingdom/elland/gynaecology/chin-hooi-gan,/specialists/chin-hooi-gan,301,live listing
/united-kingdom/enfield/dentistry/bullsmoor-dental-aesthetics-clinic,/search?specialty=dentistry&location=Enfield,301,not imported — specialty and town
/united-kingdom/ent-surgeon/dr-hiba-al-reefy,/specialists/dr-hiba-al-reefy,301,live listing
/united-kingdom/ent-surgeon/mr-christian-west,/specialists/mr-christian-west,301,live listing
/united-kingdom/ent-surgeon/mr-dermot-burke,/specialists/mr-dermot-burke,301,live listing
/united-kingdom/erskine/dentistry/erskine-dental-care-dental-implant-centre,/search?specialty=dentistry&location=Erskine,301,not imported — specialty and town
/united-kingdom/exeter/cathedral-physiotherapy,/search?location=Exeter,301,not imported — town only
/united-kingdom/farnham/orthopaedics/mr-richard-hargrove,/specialists/mr-richard-hargrove,301,live listing
/united-kingdom/farnham/orthopaedics/mr-seb-sturridge,/specialists/mr-seb-sturridge,301,live listing
/united-kingdom/forest-row/dentistry/smile-with-vips,/search?specialty=dentistry&location=Forest%20Row,301,not imported — specialty and town
/united-kingdom/general-practioners/dr-george-ross,/search?specialty=general-practice&location=London,301,not imported — specialty and town
/united-kingdom/general-practioners/mr-bav-raindi,/search?specialty=general-practice&location=London,301,not imported — specialty and town
/united-kingdom/general-practioners/mr-dave-baker,/specialists/mr-dave-baker,301,live listing
/united-kingdom/general-practioners/mr-mark-wilkinson,/search?specialty=general-practice&location=London,301,not imported — specialty and town
/united-kingdom/general-practioners/mrs-caroline-wright,/search?specialty=general-practice&location=London,301,not imported — specialty and town
/united-kingdom/glasgow/dentistry/michael-kelly-dentistry,/search?specialty=dentistry&location=Glasgow,301,not imported — specialty and town
/united-kingdom/glasgow/general-practioners/certified-peptides,/search?specialty=general-practice&location=Glasgow,301,not imported — specialty and town
/united-kingdom/great-missenden/orthopaedics/mr-kinner-davda,/specialists/mr-kinner-davda,301,live listing
/united-kingdom/great-missenden/orthopaedics/mr-shibu-krishnan,/specialists/mr-shibu-krishnan,301,live listing
/united-kingdom/great-warley/ent-surgeon/bhik-kotecha,/specialists/bhik-kotecha,301,live listing
/united-kingdom/halsall/orthopaedics/ravi-pydisetty,/specialists/ravi-pydisetty,301,live listing
/united-kingdom/happy-puzzle,/,301,nothing known
/united-kingdom/harpenden/gynaecology/constantin-durnea,/specialists/constantin-durnea,301,live listing
/united-kingdom/harpenden/orthopaedics/mr-adam-rumian,/specialists/mr-adam-rumian,301,live listing
/united-kingdom/harpenden/orthopaedics/mr-harish-parmar,/specialists/mr-harish-parmar,301,live listing
/united-kingdom/harpenden/orthopaedics/mr-joby-george-malal,/specialists/mr-joby-george-malal,301,live listing
/united-kingdom/harrogate/orthopaedics/mr-david-duffy,/specialists/mr-david-duffy,301,live listing
/united-kingdom/harrow/general-practioners/sami-mirza,/search?specialty=general-practice&location=158-160%20Kenton%20Rd,301,not imported — specialty and town
/united-kingdom/harrow/gynaecology/tilottama-nandy,/specialists/tilottama-nandy,301,live listing
/united-kingdom/harrow/orthopaedics/mr-garth-allardice,/specialists/mr-garth-allardice,301,live listing
/united-kingdom/harrow/orthopaedics/mr-ghias-bhattee,/specialists/mr-ghias-bhattee,301,live listing
/united-kingdom/harrow/orthopaedics/mr-jay-smith,/specialists/mr-jay-smith,301,live listing
/united-kingdom/harrow/orthopaedics/sherif-el-tawil,/specialists/sherif-el-tawil,301,live listing
/united-kingdom/headington/orthopaedics/mr-chris-little,/specialists/mr-chris-little,301,live listing
/united-kingdom/headington/orthopaedics/mr-nicholas-riley,/specialists/mr-nicholas-riley,301,live listing
/united-kingdom/hemel-hempstead/gynaecology/mr-arvind-mittal,/specialists/mr-arvind-mittal,301,live listing
/united-kingdom/hemel-hempstead/orthopaedics/mr-andrew-irwin,/specialists/mr-andrew-irwin,301,live listing
/united-kingdom/hemel-hempstead/orthopaedics/mr-ben-rudge,/specialists/mr-ben-rudge,301,live listing
/united-kingdom/hemel-hempstead/orthopaedics/mr-edmund-leong,/specialists/mr-edmund-leong,301,live listing
/united-kingdom/hemel-hempstead/orthopaedics/mr-tony-corner,/specialists/mr-tony-corner,301,live listing
/united-kingdom/hemel-hempstead/orthopaedics/mr-yegappan-kalairajah,/specialists/mr-yegappan-kalairajah,301,live listing
/united-kingdom/hove/home-physio-company,/search?location=Hove,301,not imported — town only
/united-kingdom/ilford/ent-surgeon/kiran-jumani,/specialists/kiran-jumani,301,live listing
/united-kingdom/ilford/orthopaedics/mr-mahesh-r-akula,/specialists/mr-mahesh-r-akula,301,live listing
/united-kingdom/ilford/orthopaedics/mr-shobhit-verma,/specialists/mr-shobhit-verma,301,live listing
/united-kingdom/impington/orthopaedics/mr-andrzej-s-wojcik,/specialists/mr-andrzej-s-wojcik,301,live listing
/united-kingdom/impington/orthopaedics/mr-christopher-rees-gooding,/specialists/mr-christopher-rees-gooding,301,live listing
/united-kingdom/impington/orthopaedics/mr-michael-barrett,/specialists/mr-michael-barrett,301,live listing
/united-kingdom/impington/orthopaedics/professor-stephen-mcdonnell,/specialists/professor-stephen-mcdonnell,301,live listing
/united-kingdom/kettering/gynaecology/ami-shukla,/specialists/ami-shukla,301,live listing
/united-kingdom/kidlington/oxford-physios,/search?location=Kidlington,301,not imported — town only
/united-kingdom/kingston-upon-thames/general-practioners/lowri-bailey,/search?specialty=general-practice&location=184%20Coombe%20Ln%20W,301,not imported — specialty and town
/united-kingdom/kingston-upon-thames/orthopaedics/mr-arvind-mohan,/specialists/mr-arvind-mohan,301,live listing
/united-kingdom/kingston-upon-thames/orthopaedics/mr-khalid-al-dadah,/specialists/mr-khalid-al-dadah,301,live listing
/united-kingdom/kingston-upon-thames/orthopaedics/mr-nashat-siddiqui,/specialists/mr-nashat-siddiqui,301,live listing
/united-kingdom/kingston-upon-thames/orthopaedics/mr-palanisamy-ramesh,/specialists/mr-palanisamy-ramesh,301,live listing
/united-kingdom/lanark-lanarkshire/general-practioners/alessia-renganeschi-adhd-her-northern-lights-therapy,/search?specialty=general-practice&location=Lanark%20Lanarkshire,301,not imported — specialty and town
/united-kingdom/leeds/leeds-physiotherapy-clinic,/search?location=Leeds,301,not imported — town only
/united-kingdom/leeds/orthopaedics/mr-james-hahnel,/specialists/mr-james-hahnel,301,live listing
/united-kingdom/leicester/ent-specialist/rang-jah,/search?specialty=ent&location=Leicester,301,not imported — specialty and town
/united-kingdom/lenzie/general-practioners/frowndocs-lenzie,/search?specialty=general-practice&location=Lenzie,301,not imported — specialty and town
/united-kingdom/littleover/gynaecology/mr-summi-abdul,/specialists/mr-summi-abdul,301,live listing
/united-kingdom/liverpool/liverpool-physio,/search?location=Liverpool,301,not imported — town only
/united-kingdom/liverpool/orthopaedics/mr-andrew-p-molloy,/specialists/mr-andrew-p-molloy,301,live listing
/united-kingdom/livingston/randex,/search?location=Livingston,301,not imported — town only
/united-kingdom/london/dentistry/smilepod-bank,/search?specialty=dentistry&location=London,301,not imported — specialty and town
/united-kingdom/london/dermatologist/6927,/search?specialty=aesthetics-specialists&location=London,301,not imported — specialty and town
/united-kingdom/london/dermatologist/6931,/search?specialty=aesthetics-specialists&location=London,301,not imported — specialty and town
/united-kingdom/london/ent-surgeon/florian-bast,/specialists/florian-bast,301,live listing
/united-kingdom/london/ent-surgeon/hassan-elhassan,/specialists/hassan-elhassan,301,live listing
/united-kingdom/london/ent-surgeon/ian-lilly,/specialists/ian-lilly,301,live listing
/united-kingdom/london/ent-surgeon/jahangir-ahmed,/specialists/jahangir-ahmed,301,live listing
/united-kingdom/london/ent-surgeon/paul-stimpson,/specialists/paul-stimpson,301,live listing
/united-kingdom/london/ent-surgeon/thomas-jacques,/specialists/thomas-jacques,301,live listing
/united-kingdom/london/ent-surgeon/yogesh-bajaj,/specialists/yogesh-bajaj,301,live listing
/united-kingdom/london/general-practioners/amarjit-raindi,/specialists/amarjit-raindi,301,live listing
/united-kingdom/london/general-practioners/beata-durtan,/search?specialty=general-practice&location=London,301,not imported — specialty and town
/united-kingdom/london/general-practioners/cliona-o-connell,/specialists/cliona-o-connell,301,live listing
/united-kingdom/london/general-practioners/daniel-gordon,/specialists/daniel-gordon,301,live listing
/united-kingdom/london/general-practioners/dhara-pannick,/specialists/dhara-pannick,301,live listing
/united-kingdom/london/general-practioners/di-loudon,/specialists/di-loudon,301,live listing
/united-kingdom/london/general-practioners/dr-james-wilson-clinical-oncologist,/search?specialty=general-practice&location=London,301,not imported — specialty and town
/united-kingdom/london/general-practioners/elaine-tickle,/search?specialty=general-practice&location=88%20Harley%20St,301,not imported — specialty and town
/united-kingdom/london/general-practioners/garry-savin,/specialists/garry-savin,301,live listing
/united-kingdom/london/general-practioners/iv-vitamin-therapy-london,/search?specialty=general-practice&location=London,301,not imported — specialty and town
/united-kingdom/london/general-practioners/jagrati-acharya,/specialists/jagrati-acharya,301,live listing
/united-kingdom/london/general-practioners/laila-kaikavoosi,/specialists/laila-kaikavoosi,301,live listing
/united-kingdom/london/general-practioners/lisa-anderson,/search?specialty=general-practice&location=17%20Lodge%20Rd,301,not imported — specialty and town
/united-kingdom/london/general-practioners/martin-saweirs,/specialists/martin-saweirs,301,live listing
/united-kingdom/london/general-practioners/mr-marco-scarci-consultant-thoracic-surgeon-london-6803,/search?specialty=general-practice&location=London,301,not imported — specialty and town
/united-kingdom/london/general-practioners/pixie-mckenna,/search?specialty=general-practice&location=5%20Devonshire%20Pl,301,not imported — specialty and town
/united-kingdom/london/general-practioners/precision-vision-london,/search?specialty=general-practice&location=London,301,not imported — specialty and town
/united-kingdom/london/general-practioners/ravleen-sabharwal,/search?specialty=general-practice&location=25%20Harley%20St,301,not imported — specialty and town
/united-kingdom/london/general-practioners/ruth-whitby,/search?specialty=general-practice&location=24%20Portland%20Pl,301,not imported — specialty and town
/united-kingdom/london/general-practioners/sanjay-mehta,/search?specialty=general-practice&location=114A%20Harley%20St,301,not imported — specialty and town
/united-kingdom/london/general-practioners/selwyn-dexter,/specialists/selwyn-dexter,301,live listing
/united-kingdom/london/general-practioners/shahzadi-harper,/specialists/shahzadi-harper,301,live listing
/united-kingdom/london/general-practioners/sophia-khalique,/specialists/sophia-khalique,301,live listing
/united-kingdom/london/general-practioners/tim-lebens,/specialists/tim-lebens,301,live listing
/united-kingdom/london/general-practioners/wayne-cottrell,/specialists/wayne-cottrell,301,live listing
/united-kingdom/london/gynaecology/bhushan-mokoonlall,/specialists/bhushan-mokoonlall,301,live listing
/united-kingdom/london/gynaecology/kuhan-rajah,/specialists/kuhan-rajah,301,live listing
/united-kingdom/london/gynaecology/mahantesh-karoshi,/specialists/mahantesh-karoshi,301,live listing
/united-kingdom/london/gynaecology/mr-ellis-downes,/specialists/mr-ellis-downes,301,live listing
/united-kingdom/london/gynaecology/narendra-pisal,/specialists/narendra-pisal,301,live listing
/united-kingdom/london/gynaecology/osama-naji,/specialists/osama-naji,301,live listing
/united-kingdom/london/gynaecology/sheela-purkayastha,/specialists/sheela-purkayastha,301,live listing
/united-kingdom/london/gynaecology/sushma-srikrishna,/specialists/sushma-srikrishna,301,live listing
/united-kingdom/london/orthopaedics/dr-arjuna-imbuldeniya,/specialists/dr-arjuna-imbuldeniya,301,live listing
/united-kingdom/london/orthopaedics/dr-padmanabhan-subramanian,/specialists/dr-padmanabhan-subramanian,301,live listing
/united-kingdom/london/orthopaedics/dr-richard-seah,/specialists/dr-richard-seah,301,live listing
/united-kingdom/london/orthopaedics/kash-patel,/specialists/kash-patel,301,live listing
/united-kingdom/london/orthopaedics/lt-col-benjamin-c-caesar,/specialists/lt-col-benjamin-c-caesar,301,live listing
/united-kingdom/london/orthopaedics/miss-claire-fitzgerald,/specialists/miss-claire-fitzgerald,301,live listing
/united-kingdom/london/orthopaedics/miss-homa-arshad,/specialists/miss-homa-arshad,301,live listing
/united-kingdom/london/orthopaedics/miss-samantha-tross,/specialists/miss-samantha-tross,301,live listing
/united-kingdom/london/orthopaedics/miss-sarah-muirhead-allwood,/specialists/miss-sarah-muirhead-allwood,301,live listing
/united-kingdom/london/orthopaedics/mr-abhinav-gulihar,/specialists/mr-abhinav-gulihar,301,live listing
/united-kingdom/london/orthopaedics/mr-adel-tavakkolizadeh,/specialists/mr-adel-tavakkolizadeh,301,live listing
/united-kingdom/london/orthopaedics/mr-adil-ajuied,/specialists/mr-adil-ajuied,301,live listing
/united-kingdom/london/orthopaedics/mr-aditya-prinja,/specialists/mr-aditya-prinja,301,live listing
/united-kingdom/london/orthopaedics/mr-ahsan-sheeraz,/specialists/mr-ahsan-sheeraz,301,live listing
/united-kingdom/london/orthopaedics/mr-akash-patel,/specialists/mr-akash-patel,301,live listing
/united-kingdom/london/orthopaedics/mr-ali-noorani,/specialists/mr-ali-noorani,301,live listing
/united-kingdom/london/orthopaedics/mr-alistair-hunter,/specialists/mr-alistair-hunter,301,live listing
/united-kingdom/london/orthopaedics/mr-alistair-jepson,/specialists/mr-alistair-jepson,301,live listing
/united-kingdom/london/orthopaedics/mr-amer-khan,/specialists/mr-amer-khan,301,live listing
/united-kingdom/london/orthopaedics/mr-amit-amin,/specialists/mr-amit-amin,301,live listing
/united-kingdom/london/orthopaedics/mr-andrew-forester,/specialists/mr-andrew-forester,301,live listing
/united-kingdom/london/orthopaedics/mr-andrew-goldberg-obe,/specialists/mr-andrew-goldberg-obe,301,live listing
/united-kingdom/london/orthopaedics/mr-angus-d-lewis,/specialists/mr-angus-d-lewis,301,live listing
/united-kingdom/london/orthopaedics/mr-atif-malik,/specialists/mr-atif-malik,301,live listing
/united-kingdom/london/orthopaedics/mr-baljinder-singh-dhinsa,/specialists/mr-baljinder-singh-dhinsa,301,live listing
/united-kingdom/london/orthopaedics/mr-barry-andrews,/specialists/mr-barry-andrews,301,live listing
/united-kingdom/london/orthopaedics/mr-bob-chatterjee,/specialists/mr-bob-chatterjee,301,live listing
/united-kingdom/london/orthopaedics/mr-brian-cohen,/specialists/mr-brian-cohen,301,live listing
/united-kingdom/london/orthopaedics/mr-colin-nnadi,/specialists/mr-colin-nnadi,301,live listing
/united-kingdom/london/orthopaedics/mr-dafydd-taff-edwards,/specialists/mr-dafydd-taff-edwards,301,live listing
/united-kingdom/london/orthopaedics/mr-dan-shaerf,/specialists/mr-dan-shaerf,301,live listing
/united-kingdom/london/orthopaedics/mr-darren-f-lui,/specialists/mr-darren-f-lui,301,live listing
/united-kingdom/london/orthopaedics/mr-deepu-sethi,/specialists/mr-deepu-sethi,301,live listing
/united-kingdom/london/orthopaedics/mr-dimitrios-karadaglis,/specialists/mr-dimitrios-karadaglis,301,live listing
/united-kingdom/london/orthopaedics/mr-dimpu-bhagawati,/specialists/mr-dimpu-bhagawati,301,live listing
/united-kingdom/london/orthopaedics/mr-dominic-spicer,/specialists/mr-dominic-spicer,301,live listing
/united-kingdom/london/orthopaedics/mr-emeka-oragui,/specialists/mr-emeka-oragui,301,live listing
/united-kingdom/london/orthopaedics/mr-fady-sedra,/specialists/mr-fady-sedra,301,live listing
/united-kingdom/london/orthopaedics/mr-francesco-malagelada,/specialists/mr-francesco-malagelada,301,live listing
/united-kingdom/london/orthopaedics/mr-gareth-g-jones,/specialists/mr-gareth-g-jones,301,live listing
/united-kingdom/london/orthopaedics/mr-gareth-stables,/specialists/mr-gareth-stables,301,live listing
/united-kingdom/london/orthopaedics/mr-giles-stafford,/specialists/mr-giles-stafford,301,live listing
/united-kingdom/london/orthopaedics/mr-gurdeep-biring,/specialists/mr-gurdeep-biring,301,live listing
/united-kingdom/london/orthopaedics/mr-hani-abdul-jabar,/specialists/mr-hani-abdul-jabar,301,live listing
/united-kingdom/london/orthopaedics/mr-henry-atkinson,/specialists/mr-henry-atkinson,301,live listing
/united-kingdom/london/orthopaedics/mr-henry-colaco,/specialists/mr-henry-colaco,301,live listing
/united-kingdom/london/orthopaedics/mr-hugh-apthorp,/specialists/mr-hugh-apthorp,301,live listing
/united-kingdom/london/orthopaedics/mr-ian-holloway,/specialists/mr-ian-holloway,301,live listing
/united-kingdom/london/orthopaedics/mr-jae-rhee,/specialists/mr-jae-rhee,301,live listing
/united-kingdom/london/orthopaedics/mr-james-bliss,/specialists/mr-james-bliss,301,live listing
/united-kingdom/london/orthopaedics/mr-james-white,/specialists/mr-james-white,301,live listing
/united-kingdom/london/orthopaedics/mr-jehangir-mahaluxmivala,/specialists/mr-jehangir-mahaluxmivala,301,live listing
/united-kingdom/london/orthopaedics/mr-jeremy-reynolds,/specialists/mr-jeremy-reynolds,301,live listing
/united-kingdom/london/orthopaedics/mr-jerome-davidson,/specialists/mr-jerome-davidson,301,live listing
/united-kingdom/london/orthopaedics/mr-jignesh-patel,/specialists/mr-jignesh-patel,301,live listing
/united-kingdom/london/orthopaedics/mr-jonathan-bird,/specialists/mr-jonathan-bird,301,live listing
/united-kingdom/london/orthopaedics/mr-jonathan-miles,/specialists/mr-jonathan-miles,301,live listing
/united-kingdom/london/orthopaedics/mr-joshua-lee,/specialists/mr-joshua-lee,301,live listing
/united-kingdom/london/orthopaedics/mr-joydeep-sinha,/specialists/mr-joydeep-sinha,301,live listing
/united-kingdom/london/orthopaedics/mr-joyti-saksena,/specialists/mr-joyti-saksena,301,live listing
/united-kingdom/london/orthopaedics/mr-k-a-ziali-sivardeen,/specialists/mr-k-a-ziali-sivardeen,301,live listing
/united-kingdom/london/orthopaedics/mr-khaled-sarraf,/specialists/mr-khaled-sarraf,301,live listing
/united-kingdom/london/orthopaedics/mr-kostas-tsitskaris,/specialists/mr-kostas-tsitskaris,301,live listing
/united-kingdom/london/orthopaedics/mr-laurence-james,/specialists/mr-laurence-james,301,live listing
/united-kingdom/london/orthopaedics/mr-lee-parker,/specialists/mr-lee-parker,301,live listing
/united-kingdom/london/orthopaedics/mr-luckshmana-jeyaseelan,/specialists/mr-luckshmana-jeyaseelan,301,live listing
/united-kingdom/london/orthopaedics/mr-luke-jones,/specialists/mr-luke-jones,301,live listing
/united-kingdom/london/orthopaedics/mr-manoj-sood,/specialists/mr-manoj-sood,301,live listing
/united-kingdom/london/orthopaedics/mr-mark-phillips,/specialists/mr-mark-phillips,301,live listing
/united-kingdom/london/orthopaedics/mr-mark-s-falworth,/specialists/mr-mark-s-falworth,301,live listing
/united-kingdom/london/orthopaedics/mr-mark-thomas,/specialists/mr-mark-thomas,301,live listing
/united-kingdom/london/orthopaedics/mr-martin-klinke,/specialists/mr-martin-klinke,301,live listing
/united-kingdom/london/orthopaedics/mr-matthew-gee,/specialists/mr-matthew-gee,301,live listing
/united-kingdom/london/orthopaedics/mr-matthew-j-welck,/specialists/mr-matthew-j-welck,301,live listing
/united-kingdom/london/orthopaedics/mr-matthew-sala,/specialists/mr-matthew-sala,301,live listing
/united-kingdom/london/orthopaedics/mr-mazin-ibrahim,/specialists/mr-mazin-ibrahim,301,live listing
/united-kingdom/london/orthopaedics/mr-michael-j-oddy,/specialists/mr-michael-j-oddy,301,live listing
/united-kingdom/london/orthopaedics/mr-michael-philip-fox,/specialists/mr-michael-philip-fox,301,live listing
/united-kingdom/london/orthopaedics/mr-moataz-el-husseiny,/specialists/mr-moataz-el-husseiny,301,live listing
/united-kingdom/london/orthopaedics/mr-mohammed-akmal,/specialists/mr-mohammed-akmal,301,live listing
/united-kingdom/london/orthopaedics/mr-nicholas-ferran,/specialists/mr-nicholas-ferran,301,live listing
/united-kingdom/london/orthopaedics/mr-nicholas-p-cullen,/specialists/mr-nicholas-p-cullen,301,live listing
/united-kingdom/london/orthopaedics/mr-nick-aresti,/specialists/mr-nick-aresti,301,live listing
/united-kingdom/london/orthopaedics/mr-nimalan-maruthainar,/specialists/mr-nimalan-maruthainar,301,live listing
/united-kingdom/london/orthopaedics/mr-onur-berber,/specialists/mr-onur-berber,301,live listing
/united-kingdom/london/orthopaedics/mr-panagiotis-liantis,/specialists/mr-panagiotis-liantis,301,live listing
/united-kingdom/london/orthopaedics/mr-parag-jaiswal,/specialists/mr-parag-jaiswal,301,live listing
/united-kingdom/london/orthopaedics/mr-paul-culpan,/specialists/mr-paul-culpan,301,live listing
/united-kingdom/london/orthopaedics/mr-paul-j-halliwell,/specialists/mr-paul-j-halliwell,301,live listing
/united-kingdom/london/orthopaedics/mr-pavlos-panteliadis,/specialists/mr-pavlos-panteliadis,301,live listing
/united-kingdom/london/orthopaedics/mr-peter-kempshall,/specialists/mr-peter-kempshall,301,live listing
/united-kingdom/london/orthopaedics/mr-pramod-achan,/specialists/mr-pramod-achan,301,live listing
/united-kingdom/london/orthopaedics/mr-raghbir-khakha,/specialists/mr-raghbir-khakha,301,live listing
/united-kingdom/london/orthopaedics/mr-rahul-patel,/specialists/mr-rahul-patel,301,live listing
/united-kingdom/london/orthopaedics/mr-ramon-tahmassebi,/specialists/mr-ramon-tahmassebi,301,live listing
/united-kingdom/london/orthopaedics/mr-richard-carrington,/specialists/mr-richard-carrington,301,live listing
/united-kingdom/london/orthopaedics/mr-rob-pollock,/specialists/mr-rob-pollock,301,live listing
/united-kingdom/london/orthopaedics/mr-robert-gleeson,/specialists/mr-robert-gleeson,301,live listing
/united-kingdom/london/orthopaedics/mr-robert-lee,/specialists/mr-robert-lee,301,live listing
/united-kingdom/london/orthopaedics/mr-robert-lloyd-williams,/specialists/mr-robert-lloyd-williams,301,live listing
/united-kingdom/london/orthopaedics/mr-rohit-jain,/specialists/mr-rohit-jain,301,live listing
/united-kingdom/london/orthopaedics/mr-rohit-madhav,/specialists/mr-rohit-madhav,301,live listing
/united-kingdom/london/orthopaedics/mr-rupen-dattani,/specialists/mr-rupen-dattani,301,live listing
/united-kingdom/london/orthopaedics/mr-sam-gidwani,/specialists/mr-sam-gidwani,301,live listing
/united-kingdom/london/orthopaedics/mr-sam-singh,/specialists/mr-sam-singh,301,live listing
/united-kingdom/london/orthopaedics/mr-sammy-hanna,/specialists/mr-sammy-hanna,301,live listing
/united-kingdom/london/orthopaedics/mr-sanjeev-anand,/specialists/mr-sanjeev-anand,301,live listing
/united-kingdom/london/orthopaedics/mr-satya-naique,/specialists/mr-satya-naique,301,live listing
/united-kingdom/london/orthopaedics/mr-sherif-el-tawil,/specialists/mr-sherif-el-tawil,301,live listing
/united-kingdom/london/orthopaedics/mr-simon-moyes,/specialists/mr-simon-moyes,301,live listing
/united-kingdom/london/orthopaedics/mr-simon-newman,/specialists/mr-simon-newman,301,live listing
/united-kingdom/london/orthopaedics/mr-simon-owen-johnstone,/specialists/mr-simon-owen-johnstone,301,live listing
/united-kingdom/london/orthopaedics/mr-simon-sturdee,/specialists/mr-simon-sturdee,301,live listing
/united-kingdom/london/orthopaedics/mr-stefan-weitzel,/specialists/mr-stefan-weitzel,301,live listing
/united-kingdom/london/orthopaedics/mr-steven-millington,/specialists/mr-steven-millington,301,live listing
/united-kingdom/london/orthopaedics/mr-suresh-chandrashekar,/specialists/mr-suresh-chandrashekar,301,live listing
/united-kingdom/london/orthopaedics/mr-syed-aftab,/specialists/mr-syed-aftab,301,live listing
/united-kingdom/london/orthopaedics/mr-sylvester-amamilo,/specialists/mr-sylvester-amamilo,301,live listing
/united-kingdom/london/orthopaedics/mr-tarun-taneja,/specialists/mr-tarun-taneja,301,live listing
/united-kingdom/london/orthopaedics/mr-tim-sinnett,/specialists/mr-tim-sinnett,301,live listing
/united-kingdom/london/orthopaedics/mr-toby-baring,/specialists/mr-toby-baring,301,live listing
/united-kingdom/london/orthopaedics/mr-vivek-gulati,/specialists/mr-vivek-gulati,301,live listing
/united-kingdom/london/orthopaedics/mr-wai-yoon,/specialists/mr-wai-yoon,301,live listing
/united-kingdom/london/orthopaedics/mr-zameer-shah,/specialists/mr-zameer-shah,301,live listing
/united-kingdom/london/orthopaedics/ms-susan-alexander,/specialists/ms-susan-alexander,301,live listing
/united-kingdom/london/orthopaedics/professor-ali-ghoz,/specialists/professor-ali-ghoz,301,live listing
/united-kingdom/london/orthopaedics/professor-john-hollingdale,/specialists/professor-john-hollingdale,301,live listing
/united-kingdom/london/orthopaedics/professor-justin-cobb,/specialists/professor-justin-cobb,301,live listing
/united-kingdom/london/orthopaedics/professor-mohamed-imam,/specialists/professor-mohamed-imam,301,live listing
/united-kingdom/london/orthopaedics/professor-rajarshi-bhattacharya,/specialists/professor-rajarshi-bhattacharya,301,live listing
/united-kingdom/london/orthopaedics/professor-richard-field,/specialists/professor-richard-field,301,live listing
/united-kingdom/london/orthopaedics/professor-roslyn-j-miller,/specialists/professor-roslyn-j-miller,301,live listing
/united-kingdom/london/orthopaedics/professor-tony-kochhar,/specialists/professor-tony-kochhar,301,live listing
/united-kingdom/london/orthopaedics/professor-venu-kavarthapu,/specialists/professor-venu-kavarthapu,301,live listing
/united-kingdom/london/physiotherapist/rehab-therapist,/search?specialty=physiotherapy&location=London,301,not imported — specialty and town
/united-kingdom/london/private-physiotherapy-rehabilitation-centre-ltd,/search?location=London,301,not imported — town only
/united-kingdom/londonderry/general-practioners/mahima-gattani,/search?specialty=general-practice&location=8%20Clooney%20Terrace,301,not imported — specialty and town
/united-kingdom/longford/orthopaedics/mr-richard-barksfield,/specialists/mr-richard-barksfield,301,live listing
/united-kingdom/lostock/gynaecology/jonathan-broome,/specialists/jonathan-broome,301,live listing
/united-kingdom/macclesfield/orthopaedics/mr-steven-andrew-kershaw,/specialists/mr-steven-andrew-kershaw,301,live listing
/united-kingdom/maidstone/orthopaedics/mr-james-young,/specialists/mr-james-young,301,live listing
/united-kingdom/maidstone/orthopaedics/mr-syed-s-ahmed,/specialists/mr-syed-s-ahmed,301,live listing
/united-kingdom/maidstone/orthopaedics/professor-bijayendra-singh,/specialists/professor-bijayendra-singh,301,live listing
/united-kingdom/manchester/ent-surgeon/iain-bruce,/specialists/iain-bruce,301,live listing
/united-kingdom/manchester/gynaecology/mr-sachchidananda-maiti,/specialists/mr-sachchidananda-maiti,301,live listing
/united-kingdom/manchester/manchester-physio,/search?location=Manchester,301,not imported — town only
/united-kingdom/milton-keynes/orthopaedics/mr-andrew-james,/specialists/mr-andrew-james,301,live listing
/united-kingdom/milton-keynes/orthopaedics/mr-arul-ramasamy,/specialists/mr-arul-ramasamy,301,live listing
/united-kingdom/milton-keynes/orthopaedics/mr-joel-humphrey,/specialists/mr-joel-humphrey,301,live listing
/united-kingdom/milton-keynes/orthopaedics/mr-julian-flynn,/specialists/mr-julian-flynn,301,live listing
/united-kingdom/mitcham/general-practioners/ultrasound-care-london,/search?specialty=general-practice&location=Mitcham,301,not imported — specialty and town
/united-kingdom/newcastle-upon-tyne/newcastle-physiotherapy,/search?location=Newcastle%20Upon%20Tyne,301,not imported — town only
/united-kingdom/newcastle-upon-tyne/physiotherapist/cathryn-clark-physiotherapy,/search?specialty=physiotherapy&location=Newcastle%20Upon%20Tyne,301,not imported — specialty and town
/united-kingdom/newcastle-upon-tyne/physiotherapist/roseanna-grace-physiotherapy,/search?specialty=physiotherapy&location=Newcastle%20Upon%20Tyne,301,not imported — specialty and town
/united-kingdom/newcastle-upon-tyne/physiotherapist/the-performance-clinic,/search?specialty=physiotherapy&location=Newcastle%20Upon%20Tyne,301,not imported — specialty and town
/united-kingdom/northampton/orthopaedics/mr-david-stock,/specialists/mr-david-stock,301,live listing
/united-kingdom/norwich/orthopaedics/mr-adam-cohen,/specialists/mr-adam-cohen,301,live listing
/united-kingdom/norwich/orthopaedics/mr-hersh-deo,/specialists/mr-hersh-deo,301,live listing
/united-kingdom/norwich/recover-physio,/search?location=Norwich,301,not imported — town only
/united-kingdom/nottingham/nottingham-physio-johnny-wilson,/search?location=Nottingham,301,not imported — town only
/united-kingdom/nuneaton/general-practioners/whitestone-pharmacy,/search?specialty=general-practice&location=Nuneaton,301,not imported — specialty and town
/united-kingdom/oadby/orthopaedics/dr-randeep-aujla,/specialists/dr-randeep-aujla,301,live listing
/united-kingdom/old-basing/orthopaedics/mr-andrew-quaile,/specialists/mr-andrew-quaile,301,live listing
/united-kingdom/orpington/gynaecology/kazal-omar,/specialists/kazal-omar,301,live listing
/united-kingdom/orthopaedics/dr-lisa-tourret,/specialists/dr-lisa-tourret,301,live listing
/united-kingdom/orthopaedics/dr-muhammad-fazal,/specialists/dr-muhammad-fazal,301,live listing
/united-kingdom/orthopaedics/dr-nikolaos-pyrovolou,/specialists/dr-nikolaos-pyrovolou,301,live listing
/united-kingdom/orthopaedics/dr-pierluigi-cuomo,/specialists/dr-pierluigi-cuomo,301,live listing
/united-kingdom/orthopaedics/dr-poornanand-goru,/specialists/dr-poornanand-goru,301,live listing
/united-kingdom/orthopaedics/dr-turab-syed,/specialists/dr-turab-syed,301,live listing
/united-kingdom/orthopaedics/miss-shamim-umarji,/specialists/miss-shamim-umarji,301,live listing
/united-kingdom/orthopaedics/mr-a-r-khan,/specialists/mr-a-r-khan,301,live listing
/united-kingdom/orthopaedics/mr-abbas-rashid,/specialists/mr-abbas-rashid,301,live listing
/united-kingdom/orthopaedics/mr-adam-ajis,/specialists/mr-adam-ajis,301,live listing
/united-kingdom/orthopaedics/mr-ahmed-shair,/specialists/mr-ahmed-shair,301,live listing
/united-kingdom/orthopaedics/mr-ajeya-adhikari,/specialists/mr-ajeya-adhikari,301,live listing
/united-kingdom/orthopaedics/mr-akshay-malhotra,/specialists/mr-akshay-malhotra,301,live listing
/united-kingdom/orthopaedics/mr-alex-cowey,/specialists/mr-alex-cowey,301,live listing
/united-kingdom/orthopaedics/mr-ali-abbasian,/specialists/mr-ali-abbasian,301,live listing
/united-kingdom/orthopaedics/mr-ali-shafighian,/specialists/mr-ali-shafighian,301,live listing
/united-kingdom/orthopaedics/mr-alistair-best,/specialists/mr-alistair-best,301,live listing
/united-kingdom/orthopaedics/mr-alun-yewlett,/specialists/mr-alun-yewlett,301,live listing
/united-kingdom/orthopaedics/mr-amir-reza-jenabzadeh,/specialists/mr-amir-reza-jenabzadeh,301,live listing
/united-kingdom/orthopaedics/mr-amratlal-patel,/specialists/mr-amratlal-patel,301,live listing
/united-kingdom/orthopaedics/mr-andreas-roposch,/specialists/mr-andreas-roposch,301,live listing
/united-kingdom/orthopaedics/mr-andrew-mcandrew,/specialists/mr-andrew-mcandrew,301,live listing
/united-kingdom/orthopaedics/mr-andrew-richards,/specialists/mr-andrew-richards,301,live listing
/united-kingdom/orthopaedics/mr-andrew-rogers,/specialists/mr-andrew-rogers,301,live listing
/united-kingdom/orthopaedics/mr-anthony-perera,/specialists/mr-anthony-perera,301,live listing
/united-kingdom/orthopaedics/mr-antony-greer,/specialists/mr-antony-greer,301,live listing
/united-kingdom/orthopaedics/mr-arthur-galea,/specialists/mr-arthur-galea,301,live listing
/united-kingdom/orthopaedics/mr-ashok-marudanayagam,/specialists/mr-ashok-marudanayagam,301,live listing
/united-kingdom/orthopaedics/mr-ayaz-lakdawala,/specialists/mr-ayaz-lakdawala,301,live listing
/united-kingdom/orthopaedics/mr-azal-jalgaonkar,/specialists/mr-azal-jalgaonkar,301,live listing
/united-kingdom/orthopaedics/mr-barry-rose,/specialists/mr-barry-rose,301,live listing
/united-kingdom/orthopaedics/mr-bilal-jamal,/specialists/mr-bilal-jamal,301,live listing
/united-kingdom/orthopaedics/mr-caspar-aylott,/specialists/mr-caspar-aylott,301,live listing
/united-kingdom/orthopaedics/mr-christopher-brooks,/specialists/mr-christopher-brooks,301,live listing
/united-kingdom/orthopaedics/mr-ciaran-mcgarvey,/specialists/mr-ciaran-mcgarvey,301,live listing
/united-kingdom/orthopaedics/mr-dan-armstrong,/specialists/mr-dan-armstrong,301,live listing
/united-kingdom/orthopaedics/mr-dave-cloke,/specialists/mr-dave-cloke,301,live listing
/united-kingdom/orthopaedics/mr-david-a-woods,/specialists/mr-david-a-woods,301,live listing
/united-kingdom/orthopaedics/mr-david-simpson,/specialists/mr-david-simpson,301,live listing
/united-kingdom/orthopaedics/mr-dirk-nowak,/specialists/mr-dirk-nowak,301,live listing
/united-kingdom/orthopaedics/mr-durairaj-jagajeevanram,/specialists/mr-durairaj-jagajeevanram,301,live listing
/united-kingdom/orthopaedics/mr-eyiyemi-pearse,/specialists/mr-eyiyemi-pearse,301,live listing
/united-kingdom/orthopaedics/mr-gavin-holt,/specialists/mr-gavin-holt,301,live listing
/united-kingdom/orthopaedics/mr-george-ampat,/specialists/mr-george-ampat,301,live listing
/united-kingdom/orthopaedics/mr-georgios-arealis,/specialists/mr-georgios-arealis,301,live listing
/united-kingdom/orthopaedics/mr-geza-kordas,/specialists/mr-geza-kordas,301,live listing
/united-kingdom/orthopaedics/mr-graeme-carlile,/specialists/mr-graeme-carlile,301,live listing
/united-kingdom/orthopaedics/mr-graeme-nicholas-fernandez,/specialists/mr-graeme-nicholas-fernandez,301,live listing
/united-kingdom/orthopaedics/mr-graham-walsh,/specialists/mr-graham-walsh,301,live listing
/united-kingdom/orthopaedics/mr-gregory-bodley-firth,/specialists/mr-gregory-bodley-firth,301,live listing
/united-kingdom/orthopaedics/mr-gunaratnam-shyamalan,/specialists/mr-gunaratnam-shyamalan,301,live listing
/united-kingdom/orthopaedics/mr-hanny-anwar,/specialists/mr-hanny-anwar,301,live listing
/united-kingdom/orthopaedics/mr-harry-belcher,/specialists/mr-harry-belcher,301,live listing
/united-kingdom/orthopaedics/mr-hilal-fareed,/specialists/mr-hilal-fareed,301,live listing
/united-kingdom/orthopaedics/mr-ian-mcnab,/specialists/mr-ian-mcnab,301,live listing
/united-kingdom/orthopaedics/mr-james-davis,/specialists/mr-james-davis,301,live listing
/united-kingdom/orthopaedics/mr-jitendra-mangwani,/specialists/mr-jitendra-mangwani,301,live listing
/united-kingdom/orthopaedics/mr-jonathan-clasper,/specialists/mr-jonathan-clasper,301,live listing
/united-kingdom/orthopaedics/mr-jonathan-gardiner,/specialists/mr-jonathan-gardiner,301,live listing
/united-kingdom/orthopaedics/mr-jonathan-p-compson,/specialists/mr-jonathan-p-compson,301,live listing
/united-kingdom/orthopaedics/mr-jose-manuel-marcelino,/specialists/mr-jose-manuel-marcelino,301,live listing
/united-kingdom/orthopaedics/mr-joshua-jacob,/specialists/mr-joshua-jacob,301,live listing
/united-kingdom/orthopaedics/mr-keith-borowsky,/specialists/mr-keith-borowsky,301,live listing
/united-kingdom/orthopaedics/mr-lawrence-o-hara,/specialists/mr-lawrence-o-hara,301,live listing
/united-kingdom/orthopaedics/mr-luc-boizot,/specialists/mr-luc-boizot,301,live listing
/united-kingdom/orthopaedics/mr-marcus-lee,/specialists/mr-marcus-lee,301,live listing
/united-kingdom/orthopaedics/mr-martin-knight,/specialists/mr-martin-knight,301,live listing
/united-kingdom/orthopaedics/mr-masood-shafafy,/specialists/mr-masood-shafafy,301,live listing
/united-kingdom/orthopaedics/mr-matthew-burwell,/specialists/mr-matthew-burwell,301,live listing
/united-kingdom/orthopaedics/mr-matthew-solan,/specialists/mr-matthew-solan,301,live listing
/united-kingdom/orthopaedics/mr-michael-fordyce,/specialists/mr-michael-fordyce,301,live listing
/united-kingdom/orthopaedics/mr-michael-lwin,/specialists/mr-michael-lwin,301,live listing
/united-kingdom/orthopaedics/mr-mohit-bansal,/specialists/mr-mohit-bansal,301,live listing
/united-kingdom/orthopaedics/mr-muralidhar-bhat,/specialists/mr-muralidhar-bhat,301,live listing
/united-kingdom/orthopaedics/mr-neil-aghera,/specialists/mr-neil-aghera,301,live listing
/united-kingdom/orthopaedics/mr-nicholas-little,/specialists/mr-nicholas-little,301,live listing
/united-kingdom/orthopaedics/mr-nick-little,/specialists/mr-nick-little,301,live listing
/united-kingdom/orthopaedics/mr-nikos-reissis,/specialists/mr-nikos-reissis,301,live listing
/united-kingdom/orthopaedics/mr-nilam-shergill,/specialists/mr-nilam-shergill,301,live listing
/united-kingdom/orthopaedics/mr-nitin-modi,/specialists/mr-nitin-modi,301,live listing
/united-kingdom/orthopaedics/mr-odisseas-shablahidis,/specialists/mr-odisseas-shablahidis,301,live listing
/united-kingdom/orthopaedics/mr-panos-makrides-frcs,/specialists/mr-panos-makrides-frcs,301,live listing
/united-kingdom/orthopaedics/mr-paul-dunkow,/specialists/mr-paul-dunkow,301,live listing
/united-kingdom/orthopaedics/mr-paul-pavlou,/specialists/mr-paul-pavlou,301,live listing
/united-kingdom/orthopaedics/mr-philip-sauve,/specialists/mr-philip-sauve,301,live listing
/united-kingdom/orthopaedics/mr-phillip-edge,/specialists/mr-phillip-edge,301,live listing
/united-kingdom/orthopaedics/mr-priyan-landham,/specialists/mr-priyan-landham,301,live listing
/united-kingdom/orthopaedics/mr-purnajyoti-banerjee,/specialists/mr-purnajyoti-banerjee,301,live listing
/united-kingdom/orthopaedics/mr-ratukondla-ravikumar,/specialists/mr-ratukondla-ravikumar,301,live listing
/united-kingdom/orthopaedics/mr-ravi-mallina,/specialists/mr-ravi-mallina,301,live listing
/united-kingdom/orthopaedics/mr-richard-coombs,/specialists/mr-richard-coombs,301,live listing
/united-kingdom/orthopaedics/mr-richard-roach,/specialists/mr-richard-roach,301,live listing
/united-kingdom/orthopaedics/mr-robert-handley,/specialists/mr-robert-handley,301,live listing
/united-kingdom/orthopaedics/mr-robert-lovell,/specialists/mr-robert-lovell,301,live listing
/united-kingdom/orthopaedics/mr-robert-smith,/specialists/mr-robert-smith,301,live listing
/united-kingdom/orthopaedics/mr-rohit-gupta,/specialists/mr-rohit-gupta,301,live listing
/united-kingdom/orthopaedics/mr-rohit-rambani,/specialists/mr-rohit-rambani,301,live listing
/united-kingdom/orthopaedics/mr-roland-russell,/specialists/mr-roland-russell,301,live listing
/united-kingdom/orthopaedics/mr-roy-twyman,/specialists/mr-roy-twyman,301,live listing
/united-kingdom/orthopaedics/mr-sameer-singh,/specialists/mr-sameer-singh,301,live listing
/united-kingdom/orthopaedics/mr-samuel-rajaratnam,/specialists/mr-samuel-rajaratnam,301,live listing
/united-kingdom/orthopaedics/mr-sanjiv-manjure,/specialists/mr-sanjiv-manjure,301,live listing
/united-kingdom/orthopaedics/mr-sarkhell-saadi-radha,/specialists/mr-sarkhell-saadi-radha,301,live listing
/united-kingdom/orthopaedics/mr-shahid-khan,/specialists/mr-shahid-khan,301,live listing
/united-kingdom/orthopaedics/mr-shelain-patel,/specialists/mr-shelain-patel,301,live listing
/united-kingdom/orthopaedics/mr-sherif-elnikety,/specialists/mr-sherif-elnikety,301,live listing
/united-kingdom/orthopaedics/mr-simon-mordecai,/specialists/mr-simon-mordecai,301,live listing
/united-kingdom/orthopaedics/mr-subramanyam-m-maripuri,/specialists/mr-subramanyam-m-maripuri,301,live listing
/united-kingdom/orthopaedics/mr-sumati-bothra,/specialists/mr-sumati-bothra,301,live listing
/united-kingdom/orthopaedics/mr-thomas-crompton,/specialists/mr-thomas-crompton,301,live listing
/united-kingdom/orthopaedics/mr-tim-spalding,/specialists/mr-tim-spalding,301,live listing
/united-kingdom/orthopaedics/mr-toby-j-colegate-stone,/specialists/mr-toby-j-colegate-stone,301,live listing
/united-kingdom/orthopaedics/mr-vipul-patel,/specialists/mr-vipul-patel,301,live listing
/united-kingdom/orthopaedics/mr-vladimir-bobic,/specialists/mr-vladimir-bobic,301,live listing
/united-kingdom/orthopaedics/mr-will-kieffer,/specialists/mr-will-kieffer,301,live listing
/united-kingdom/orthopaedics/mr-william-david-goodier,/specialists/mr-william-david-goodier,301,live listing
/united-kingdom/orthopaedics/mr-william-platt,/specialists/mr-william-platt,301,live listing
/united-kingdom/orthopaedics/mr-yuvraj-agrawal,/specialists/mr-yuvraj-agrawal,301,live listing
/united-kingdom/orthopaedics/mrs-christelle-van-der-merwe,/specialists/mrs-christelle-van-der-merwe,301,live listing
/united-kingdom/orthopaedics/mrs-tanya-wong,/specialists/mrs-tanya-wong,301,live listing
/united-kingdom/orthopaedics/ms-alison-hulme,/specialists/ms-alison-hulme,301,live listing
/united-kingdom/orthopaedics/ms-claudia-maizen,/specialists/ms-claudia-maizen,301,live listing
/united-kingdom/orthopaedics/ms-patricia-allen,/specialists/ms-patricia-allen,301,live listing
/united-kingdom/orthopaedics/professor-adrian-wilson,/specialists/professor-adrian-wilson,301,live listing
/united-kingdom/orthopaedics/professor-ernest-m-schilders,/specialists/professor-ernest-m-schilders,301,live listing
/united-kingdom/orthopaedics/professor-nick-harris,/specialists/professor-nick-harris,301,live listing
/united-kingdom/orthopaedics/professor-thomas-cosker,/specialists/professor-thomas-cosker,301,live listing
/united-kingdom/oxford/spires-physiotherapy-oxford,/search?location=Oxford,301,not imported — town only
/united-kingdom/pangbourne/dentistry/woodborough-house-dental-practice,/search?specialty=dentistry&location=Pangbourne,301,not imported — specialty and town
/united-kingdom/physiotherapist/dimitra-karyoti,/specialists/dimitra-karyoti,301,live listing
/united-kingdom/physiotherapist/dr-ali-hooshmand,/specialists/dr-ali-hooshmand,301,live listing
/united-kingdom/physiotherapist/dr-cassius-balucus,/specialists/dr-cassius-balucus,301,live listing
/united-kingdom/physiotherapist/dr-geoff-isaacs,/specialists/dr-geoff-isaacs,301,live listing
/united-kingdom/physiotherapist/dr-joshua-t-y-chai,/specialists/dr-joshua-t-y-chai,301,live listing
/united-kingdom/physiotherapist/dr-manjiri-gattty,/specialists/dr-manjiri-gattty,301,live listing
/united-kingdom/physiotherapist/dr-phil-harris,/specialists/dr-phil-harris,301,live listing
/united-kingdom/physiotherapist/dr-solomon-abrahams,/specialists/dr-solomon-abrahams,301,live listing
/united-kingdom/physiotherapist/jacob-yaad-hassan,/specialists/jacob-yaad-hassan,301,live listing
/united-kingdom/physiotherapist/merve-izol,/specialists/merve-izol,301,live listing
/united-kingdom/physiotherapist/miss-aastha-chowhan,/specialists/miss-aastha-chowhan,301,live listing
/united-kingdom/physiotherapist/miss-amelia-powell,/specialists/miss-amelia-powell,301,live listing
/united-kingdom/physiotherapist/miss-annie-dobson,/specialists/miss-annie-dobson,301,live listing
/united-kingdom/physiotherapist/miss-carole-hughes,/specialists/miss-carole-hughes,301,live listing
/united-kingdom/physiotherapist/miss-charlotte-wells,/specialists/miss-charlotte-wells,301,live listing
/united-kingdom/physiotherapist/miss-fiona-cressy,/specialists/miss-fiona-cressy,301,live listing
/united-kingdom/physiotherapist/miss-gabrielle-rankin,/specialists/miss-gabrielle-rankin,301,live listing
/united-kingdom/physiotherapist/miss-karina-murphy,/specialists/miss-karina-murphy,301,live listing
/united-kingdom/physiotherapist/miss-kerstin-falkenstein,/specialists/miss-kerstin-falkenstein,301,live listing
/united-kingdom/physiotherapist/miss-prerna-java,/specialists/miss-prerna-java,301,live listing
/united-kingdom/physiotherapist/miss-rachael-pinto,/specialists/miss-rachael-pinto,301,live listing
/united-kingdom/physiotherapist/miss-raluca-dinu,/specialists/miss-raluca-dinu,301,live listing
/united-kingdom/physiotherapist/miss-rujuta-apte,/specialists/miss-rujuta-apte,301,live listing
/united-kingdom/physiotherapist/miss-ruxandra-nica,/specialists/miss-ruxandra-nica,301,live listing
/united-kingdom/physiotherapist/mr-alex-floyd,/specialists/mr-alex-floyd,301,live listing
/united-kingdom/physiotherapist/mr-alvaro-astolfi,/specialists/mr-alvaro-astolfi,301,live listing
/united-kingdom/physiotherapist/mr-andre-bason,/specialists/mr-andre-bason,301,live listing
/united-kingdom/physiotherapist/mr-andy-read,/specialists/mr-andy-read,301,live listing
/united-kingdom/physiotherapist/mr-ashish-bhutani,/specialists/mr-ashish-bhutani,301,live listing
/united-kingdom/physiotherapist/mr-ben-trevett,/specialists/mr-ben-trevett,301,live listing
/united-kingdom/physiotherapist/mr-birol-eredzhebov,/specialists/mr-birol-eredzhebov,301,live listing
/united-kingdom/physiotherapist/mr-cameron-tudor,/specialists/mr-cameron-tudor,301,live listing
/united-kingdom/physiotherapist/mr-charlie-goodchild,/specialists/mr-charlie-goodchild,301,live listing
/united-kingdom/physiotherapist/mr-chris-myers,/specialists/mr-chris-myers,301,live listing
/united-kingdom/physiotherapist/mr-christoper-myers,/specialists/mr-christoper-myers,301,live listing
/united-kingdom/physiotherapist/mr-daniel-tonkin,/specialists/mr-daniel-tonkin,301,live listing
/united-kingdom/physiotherapist/mr-davide-tieppo,/specialists/mr-davide-tieppo,301,live listing
/united-kingdom/physiotherapist/mr-demir-jason-long,/specialists/mr-demir-jason-long,301,live listing
/united-kingdom/physiotherapist/mr-elmer-rodrigues,/specialists/mr-elmer-rodrigues,301,live listing
/united-kingdom/physiotherapist/mr-eric-clarke,/specialists/mr-eric-clarke,301,live listing
/united-kingdom/physiotherapist/mr-gareth-ziyambi,/specialists/mr-gareth-ziyambi,301,live listing
/united-kingdom/physiotherapist/mr-geoff-scott,/specialists/mr-geoff-scott,301,live listing
/united-kingdom/physiotherapist/mr-graham-anderson,/specialists/mr-graham-anderson,301,live listing
/united-kingdom/physiotherapist/mr-hugh-jenkins,/specialists/mr-hugh-jenkins,301,live listing
/united-kingdom/physiotherapist/mr-ian-prangley,/specialists/mr-ian-prangley,301,live listing
/united-kingdom/physiotherapist/mr-james-stupples,/specialists/mr-james-stupples,301,live listing
/united-kingdom/physiotherapist/mr-john-nugus,/specialists/mr-john-nugus,301,live listing
/united-kingdom/physiotherapist/mr-jon-pringle,/specialists/mr-jon-pringle,301,live listing
/united-kingdom/physiotherapist/mr-kandamthethi-thomas,/specialists/mr-kandamthethi-thomas,301,live listing
/united-kingdom/physiotherapist/mr-karl-cousins,/specialists/mr-karl-cousins,301,live listing
/united-kingdom/physiotherapist/mr-karl-khan,/specialists/mr-karl-khan,301,live listing
/united-kingdom/physiotherapist/mr-kenny-butler,/specialists/mr-kenny-butler,301,live listing
/united-kingdom/physiotherapist/mr-kevin-kong,/specialists/mr-kevin-kong,301,live listing
/united-kingdom/physiotherapist/mr-kieran-macphail,/specialists/mr-kieran-macphail,301,live listing
/united-kingdom/physiotherapist/mr-kristos-straker,/specialists/mr-kristos-straker,301,live listing
/united-kingdom/physiotherapist/mr-larry-koyama,/specialists/mr-larry-koyama,301,live listing
/united-kingdom/physiotherapist/mr-leslie-abrahams,/specialists/mr-leslie-abrahams,301,live listing
/united-kingdom/physiotherapist/mr-marco-de-lorenzi,/specialists/mr-marco-de-lorenzi,301,live listing
/united-kingdom/physiotherapist/mr-marian-jorasz,/specialists/mr-marian-jorasz,301,live listing
/united-kingdom/physiotherapist/mr-matt-roberts,/specialists/mr-matt-roberts,301,live listing
/united-kingdom/physiotherapist/mr-matthew-murray-downing,/specialists/mr-matthew-murray-downing,301,live listing
/united-kingdom/physiotherapist/mr-michael-pan,/specialists/mr-michael-pan,301,live listing
/united-kingdom/physiotherapist/mr-piotr-mizerek,/specialists/mr-piotr-mizerek,301,live listing
/united-kingdom/physiotherapist/mr-richard-collinge,/specialists/mr-richard-collinge,301,live listing
/united-kingdom/physiotherapist/mr-rob-foyster,/specialists/mr-rob-foyster,301,live listing
/united-kingdom/physiotherapist/mr-rosario-marco-de-vito,/specialists/mr-rosario-marco-de-vito,301,live listing
/united-kingdom/physiotherapist/mr-russell-kesley,/specialists/mr-russell-kesley,301,live listing
/united-kingdom/physiotherapist/mr-sayeed-syduzzaman,/specialists/mr-sayeed-syduzzaman,301,live listing
/united-kingdom/physiotherapist/mr-soham-deb,/specialists/mr-soham-deb,301,live listing
/united-kingdom/physiotherapist/mr-solomon-canevaro,/specialists/mr-solomon-canevaro,301,live listing
/united-kingdom/physiotherapist/mr-tyrone-kon,/specialists/mr-tyrone-kon,301,live listing
/united-kingdom/physiotherapist/mr-victor-st-ange,/specialists/mr-victor-st-ange,301,live listing
/united-kingdom/physiotherapist/mr-wayne-llewellyn,/specialists/mr-wayne-llewellyn,301,live listing
/united-kingdom/physiotherapist/mr-yash-pandit,/specialists/mr-yash-pandit,301,live listing
/united-kingdom/physiotherapist/mrs-angela-buck,/specialists/mrs-angela-buck,301,live listing
/united-kingdom/physiotherapist/mrs-anne-stevens,/specialists/mrs-anne-stevens,301,live listing
/united-kingdom/physiotherapist/mrs-catherine-greenstreet,/specialists/mrs-catherine-greenstreet,301,live listing
/united-kingdom/physiotherapist/mrs-clare-henson-bowen,/specialists/mrs-clare-henson-bowen,301,live listing
/united-kingdom/physiotherapist/mrs-kate-montgomery,/specialists/mrs-kate-montgomery,301,live listing
/united-kingdom/physiotherapist/mrs-louise-segui,/specialists/mrs-louise-segui,301,live listing
/united-kingdom/physiotherapist/mrs-marsha-evans,/specialists/mrs-marsha-evans,301,live listing
/united-kingdom/physiotherapist/mrs-martina-de-falco,/specialists/mrs-martina-de-falco,301,live listing
/united-kingdom/physiotherapist/mrs-sally-waters,/specialists/mrs-sally-waters,301,live listing
/united-kingdom/physiotherapist/mrs-sammy-margo,/specialists/mrs-sammy-margo,301,live listing
/united-kingdom/physiotherapist/ms-clare-naylor,/specialists/ms-clare-naylor,301,live listing
/united-kingdom/physiotherapist/ms-deirdre-o-kelly,/specialists/ms-deirdre-o-kelly,301,live listing
/united-kingdom/physiotherapist/ms-einav-cohen,/specialists/ms-einav-cohen,301,live listing
/united-kingdom/physiotherapist/ms-emma-taylor,/specialists/ms-emma-taylor,301,live listing
/united-kingdom/physiotherapist/ms-farhana-sonday,/specialists/ms-farhana-sonday,301,live listing
/united-kingdom/physiotherapist/ms-faye-burge,/specialists/ms-faye-burge,301,live listing
/united-kingdom/physiotherapist/ms-joni-anderson,/specialists/ms-joni-anderson,301,live listing
/united-kingdom/physiotherapist/ms-kathryn-tilbury-kt,/specialists/ms-kathryn-tilbury-kt,301,live listing
/united-kingdom/physiotherapist/ms-krina-panchal,/specialists/ms-krina-panchal,301,live listing
/united-kingdom/physiotherapist/ms-krisha-bhanushali,/specialists/ms-krisha-bhanushali,301,live listing
/united-kingdom/physiotherapist/ms-lauren-krulis,/specialists/ms-lauren-krulis,301,live listing
/united-kingdom/physiotherapist/ms-maria-elliot,/specialists/ms-maria-elliot,301,live listing
/united-kingdom/physiotherapist/ms-pascalle-smith,/specialists/ms-pascalle-smith,301,live listing
/united-kingdom/physiotherapist/ms-sarah-lawson,/specialists/ms-sarah-lawson,301,live listing
/united-kingdom/physiotherapist/ms-thyone-pana,/specialists/ms-thyone-pana,301,live listing
/united-kingdom/physiotherapist/ms-tracy-maunder,/specialists/ms-tracy-maunder,301,live listing
/united-kingdom/physiotherapist/professor-nicholas-clarke,/search?specialty=physiotherapy&location=Southampton,301,not imported — specialty and town
/united-kingdom/pontcanna/dentistry/absolute-dental-centre-limited,/search?specialty=dentistry&location=Pontcanna,301,not imported — specialty and town
/united-kingdom/pontprennau/gynaecology/nadia-hikary-bhal,/specialists/nadia-hikary-bhal,301,live listing
/united-kingdom/poole/aesthetic-doctors/botox-dermal-fillers-lip-fillers-aesthetics-poole-iskin-care,/search?specialty=aesthetics-specialists&location=Poole,301,not imported — specialty and town
/united-kingdom/portsmouth/general-practioners/evergreen-health-chiropractic,/search?specialty=general-practice&location=Portsmouth,301,not imported — specialty and town
/united-kingdom/reading/berkshire-physiotherapy,/search?location=Reading,301,not imported — town only
/united-kingdom/reading/orthopaedics/professor-ofer-levy,/specialists/professor-ofer-levy,301,live listing
/united-kingdom/rochdale/orthopaedics/mr-ardeshir-bonshahi,/specialists/mr-ardeshir-bonshahi,301,live listing
/united-kingdom/royal-tunbridge-wells/orthopaedics/mr-senthil-kumar-velayudham,/specialists/mr-senthil-kumar-velayudham,301,live listing
/united-kingdom/sandwell-uk/aesthetic-doctors/be-you-by-talisa-aesthetics,/specialists/be-you-by-talisa-aesthetics,301,live listing
/united-kingdom/sandwell-uk/aesthetic-doctors/cupid-aesthetics,/specialists/cupid-aesthetics,301,live listing
/united-kingdom/sandwell-uk/aesthetic-doctors/dermaesthetix-uk,/specialists/dermaesthetix-uk,301,live listing
/united-kingdom/sandwell-uk/aesthetic-doctors/face-fairy-aesthetics,/specialists/face-fairy-aesthetics,301,live listing
/united-kingdom/sandwell-uk/aesthetic-doctors/star-aesthetics-clinic-academy,/specialists/star-aesthetics-clinic-academy,301,live listing
/united-kingdom/sandwell-uk/dentistry/abbey-house-dental-stone,/specialists/abbey-house-dental-stone,301,live listing
/united-kingdom/sandwell-uk/dentistry/asden-house-west-bromwich-dental-clinic,/specialists/asden-house-west-bromwich-dental-clinic,301,live listing
/united-kingdom/sandwell-uk/dentistry/divine-dentistry,/specialists/divine-dentistry,301,live listing
/united-kingdom/sandwell-uk/dentistry/hakimi-dental-clinic,/specialists/hakimi-dental-clinic,301,live listing
/united-kingdom/sandwell-uk/dentistry/the-d-ntal-clinic,/specialists/the-d-ntal-clinic,301,live listing
/united-kingdom/sandwell-uk/dermatologist/birmingham-skin-centre,/specialists/birmingham-skin-centre,301,live listing
/united-kingdom/sandwell-uk/dermatologist/satinskin-aesthetic-clinic,/specialists/satinskin-aesthetic-clinic,301,live listing
/united-kingdom/sandwell-uk/dermatologist/skin-therapy-clinic-ltd,/specialists/skin-therapy-clinic-ltd,301,live listing
/united-kingdom/sandwell-uk/dermatologist/the-ks-clinic,/specialists/the-ks-clinic,301,live listing
/united-kingdom/sandwell-uk/dermatologist/walsall-skin-sanctuary,/specialists/walsall-skin-sanctuary,301,live listing
/united-kingdom/sandwell-uk/ent-specialist/earwaxspecialist-co-uk-ear-wax-removal-stourbridge,/specialists/earwaxspecialist-co-uk-ear-wax-removal-stourbridge,301,live listing
/united-kingdom/sandwell-uk/ent-specialist/midland-health,/specialists/midland-health,301,live listing
/united-kingdom/sandwell-uk/ent-specialist/mw-ear-wax-removal,/specialists/mw-ear-wax-removal,301,live listing
/united-kingdom/sandwell-uk/psychologist/success-psychology-uk,/specialists/success-psychology-uk,301,live listing
/united-kingdom/sandwell-uk/psychologist/the-psychotherapy-clinic,/specialists/the-psychotherapy-clinic,301,live listing
/united-kingdom/sawbridgeworth/orthopaedics/mr-satish-kutty,/specialists/mr-satish-kutty,301,live listing
/united-kingdom/sheffield/gynaecology/swati-jha,/specialists/swati-jha,301,live listing
/united-kingdom/sheffield/white-house-clinic-sheffield-west-physiotherapy-sports-injury-management,/search?location=Sheffield,301,not imported — town only
/united-kingdom/shenfield/orthopaedics/mr-ravi-ray,/specialists/mr-ravi-ray,301,live listing
/united-kingdom/solihull-uk/aesthetic-doctors/achieve-aesthetics-solihull,/specialists/achieve-aesthetics-solihull,301,live listing
/united-kingdom/solihull-uk/aesthetic-doctors/aesthetics-beauty-solihull,/specialists/aesthetics-beauty-solihull,301,live listing
/united-kingdom/solihull-uk/aesthetic-doctors/aesthetics-hair,/specialists/aesthetics-hair,301,live listing
/united-kingdom/solihull-uk/aesthetic-doctors/ann-glamour-beauty,/specialists/ann-glamour-beauty,301,live listing
/united-kingdom/solihull-uk/aesthetic-doctors/beauty-label-aesthetics,/specialists/beauty-label-aesthetics,301,live listing
/united-kingdom/solihull-uk/aesthetic-doctors/cosmederm-clinic,/specialists/cosmederm-clinic,301,live listing
/united-kingdom/solihull-uk/aesthetic-doctors/dentelle-aesthetics,/specialists/dentelle-aesthetics,301,live listing
/united-kingdom/solihull-uk/aesthetic-doctors/dr-aesthetica-medical-aesthetic-clinic,/specialists/dr-aesthetica-medical-aesthetic-clinic,301,live listing
/united-kingdom/solihull-uk/aesthetic-doctors/face-clinic,/specialists/face-clinic,301,live listing
/united-kingdom/solihull-uk/aesthetic-doctors/fresh-aesthetics,/specialists/fresh-aesthetics,301,live listing
/united-kingdom/solihull-uk/aesthetic-doctors/hampton-clinic,/specialists/hampton-clinic,301,live listing
/united-kingdom/solihull-uk/aesthetic-doctors/heavenly-aesthetics-beauty-lounge-vitamin-drips-botox-lip-filler-we-also-have-a-beauty-lounge-manicure-pedicures,/specialists/heavenly-aesthetics-beauty-lounge-vitamin-drips-botox-lip-filler-we-also-have-a-beauty-lounge-manicure-pedicures,301,live listing
/united-kingdom/solihull-uk/aesthetic-doctors/jas-sanghera-aesthetics,/specialists/jas-sanghera-aesthetics,301,live listing
/united-kingdom/solihull-uk/aesthetic-doctors/katy-victoria-beauty-aesthetics,/specialists/katy-victoria-beauty-aesthetics,301,live listing
/united-kingdom/solihull-uk/aesthetic-doctors/laurie-maes-aesthetics,/specialists/laurie-maes-aesthetics,301,live listing
/united-kingdom/solihull-uk/aesthetic-doctors/ld-medical-aesthetics,/specialists/ld-medical-aesthetics,301,live listing
/united-kingdom/solihull-uk/aesthetic-doctors/nicky-tye-aesthetics,/specialists/nicky-tye-aesthetics,301,live listing
/united-kingdom/solihull-uk/aesthetic-doctors/nouvo-clinic,/specialists/nouvo-clinic,301,live listing
/united-kingdom/solihull-uk/aesthetic-doctors/nyx-aesthetics,/specialists/nyx-aesthetics,301,live listing
/united-kingdom/solihull-uk/aesthetic-doctors/omarosa-beauty-laser-clinic,/specialists/omarosa-beauty-laser-clinic,301,live listing
/united-kingdom/solihull-uk/aesthetic-doctors/rejuven8-skin-clinic,/specialists/rejuven8-skin-clinic,301,live listing
/united-kingdom/solihull-uk/aesthetic-doctors/renew-glow-clinic,/specialists/renew-glow-clinic,301,live listing
/united-kingdom/solihull-uk/aesthetic-doctors/rlo-aesthetics,/specialists/rlo-aesthetics,301,live listing
/united-kingdom/solihull-uk/aesthetic-doctors/rosies-aesthetics,/specialists/rosies-aesthetics,301,live listing
/united-kingdom/solihull-uk/aesthetic-doctors/sarah-raine-aesthetics,/specialists/sarah-raine-aesthetics,301,live listing
/united-kingdom/solihull-uk/aesthetic-doctors/skin-deep,/specialists/skin-deep,301,live listing
/united-kingdom/solihull-uk/aesthetic-doctors/solihull-aesthetics,/specialists/solihull-aesthetics,301,live listing
/united-kingdom/solihull-uk/aesthetic-doctors/solihull-couture-brows-aesthetics,/specialists/solihull-couture-brows-aesthetics,301,live listing
/united-kingdom/solihull-uk/aesthetic-doctors/the-beautique-studio-luxury-nail-bar-and-aesthetic-clinic,/specialists/the-beautique-studio-luxury-nail-bar-and-aesthetic-clinic,301,live listing
/united-kingdom/solihull-uk/aesthetic-doctors/the-elite-clinic,/specialists/the-elite-clinic,301,live listing
/united-kingdom/solihull-uk/aesthetic-doctors/the-glow-room-solihull,/specialists/the-glow-room-solihull,301,live listing
/united-kingdom/solihull-uk/aesthetic-doctors/the-sculpt-clinic,/specialists/the-sculpt-clinic,301,live listing
/united-kingdom/solihull-uk/aesthetic-doctors/urban-body-aesthetics,/specialists/urban-body-aesthetics,301,live listing
/united-kingdom/solihull-uk/aesthetic-doctors/vanita©,/specialists/vanita©,301,live listing
/united-kingdom/solihull-uk/dentistry/606-dental-practice,/specialists/606-dental-practice,301,live listing
/united-kingdom/solihull-uk/dentistry/ascent-dental-care-solihull,/specialists/ascent-dental-care-solihull,301,live listing
/united-kingdom/solihull-uk/dentistry/aurora-dental-solihull,/specialists/aurora-dental-solihull,301,live listing
/united-kingdom/solihull-uk/dentistry/blossomfield-dental-care,/specialists/blossomfield-dental-care,301,live listing
/united-kingdom/solihull-uk/dentistry/central-england-specialist-referral-centre,/specialists/central-england-specialist-referral-centre,301,live listing
/united-kingdom/solihull-uk/dentistry/changing-faces-dentistry-knowle,/specialists/changing-faces-dentistry-knowle,301,live listing
/united-kingdom/solihull-uk/dentistry/dental-health-care,/specialists/dental-health-care,301,live listing
/united-kingdom/solihull-uk/dentistry/dominic-hassall-training-institute,/specialists/dominic-hassall-training-institute,301,live listing
/united-kingdom/solihull-uk/dentistry/downing-dental,/specialists/downing-dental,301,live listing
/united-kingdom/solihull-uk/dentistry/eternal-smiles-dental-centre,/specialists/eternal-smiles-dental-centre,301,live listing
/united-kingdom/solihull-uk/dentistry/evodental-birmingham-solihull,/specialists/evodental-birmingham-solihull,301,live listing
/united-kingdom/solihull-uk/dentistry/heath-dental,/specialists/heath-dental,301,live listing
/united-kingdom/solihull-uk/dentistry/infinity-dental-solihull,/specialists/infinity-dental-solihull,301,live listing
/united-kingdom/solihull-uk/dentistry/mr-nisar-khan-dental-practice-manor-square,/specialists/mr-nisar-khan-dental-practice-manor-square,301,live listing
/united-kingdom/solihull-uk/dentistry/orthodontics-for-you,/specialists/orthodontics-for-you,301,live listing
/united-kingdom/solihull-uk/dentistry/rks-dental-hygiene,/specialists/rks-dental-hygiene,301,live listing
/united-kingdom/solihull-uk/dentistry/shakespeare-drive-dental-centre,/specialists/shakespeare-drive-dental-centre,301,live listing
/united-kingdom/solihull-uk/dentistry/shiraz-endodontic-practice,/specialists/shiraz-endodontic-practice,301,live listing
/united-kingdom/solihull-uk/dentistry/smile-more-dental-centre-solihull,/specialists/smile-more-dental-centre-solihull,301,live listing
/united-kingdom/solihull-uk/dentistry/solihull-dental-practice,/specialists/solihull-dental-practice,301,live listing
/united-kingdom/solihull-uk/dentistry/the-dentists-dorridge,/specialists/the-dentists-dorridge,301,live listing
/united-kingdom/solihull-uk/dentistry/zuf-dental-care,/specialists/zuf-dental-care,301,live listing
/united-kingdom/solihull-uk/dermatologist/skeendeep,/specialists/skeendeep,301,live listing
/united-kingdom/solihull-uk/dermatologist/solihull-hospital,/facilities/solihull-hospital,301,became a facility
/united-kingdom/solihull-uk/ent-specialist/alto-hearing-tinnitus-specialists-kenilworth,/specialists/alto-hearing-tinnitus-specialists-kenilworth,301,live listing
/united-kingdom/solihull-uk/ent-specialist/clear-ear-solihull,/specialists/clear-ear-solihull,301,live listing
/united-kingdom/solihull-uk/ent-specialist/earwaxspecialist-co-uk-birmingham-hearing-care,/specialists/earwaxspecialist-co-uk-birmingham-hearing-care,301,live listing
/united-kingdom/solihull-uk/ent-specialist/solihull-ear-wax-removal-microsuction,/specialists/solihull-ear-wax-removal-microsuction,301,live listing
/united-kingdom/solihull-uk/orthopaedics/daleswood-health,/specialists/daleswood-health,301,live listing
/united-kingdom/solihull-uk/orthopaedics/hand-surgery-consultant-midland-hand-clinic,/specialists/hand-surgery-consultant-midland-hand-clinic,301,live listing
/united-kingdom/solihull-uk/orthopaedics/midland-hip-and-knee-clinic,/specialists/midland-hip-and-knee-clinic,301,live listing
/united-kingdom/solihull-uk/orthopaedics/r-m-callaghan-associates-ltd,/specialists/r-m-callaghan-associates-ltd,301,live listing
/united-kingdom/solihull-uk/orthopaedics/spire-parkway-hospital,/facilities/spire-parkway-hospital,301,became a facility
/united-kingdom/solihull-uk/psychologist/calm-collective-therapy,/specialists/calm-collective-therapy,301,live listing
/united-kingdom/solihull-uk/psychologist/dove-house-psychology-services,/specialists/dove-house-psychology-services,301,live listing
/united-kingdom/solihull-uk/psychologist/enable-wellness-consultancy,/specialists/enable-wellness-consultancy,301,live listing
/united-kingdom/solihull-uk/psychologist/healing-young-minds,/specialists/healing-young-minds,301,live listing
/united-kingdom/solihull-uk/psychologist/hilary-dixon-at-positive-new-you-limited,/specialists/hilary-dixon-at-positive-new-you-limited,301,live listing
/united-kingdom/solihull-uk/psychologist/insight-counselling-and-psychotherapy,/specialists/insight-counselling-and-psychotherapy,301,live listing
/united-kingdom/solihull-uk/psychologist/jude-scott-intuitive-living,/specialists/jude-scott-intuitive-living,301,live listing
/united-kingdom/solihull-uk/psychologist/perfect-touch-wellness-beauty-clinic-training-center-solihull,/specialists/perfect-touch-wellness-beauty-clinic-training-center-solihull,301,live listing
/united-kingdom/solihull-uk/psychologist/serenity,/specialists/serenity,301,live listing
/united-kingdom/solihull-uk/psychologist/solihull-autism-assessment-service,/specialists/solihull-autism-assessment-service,301,live listing
/united-kingdom/solihull-uk/psychologist/solihull-cbt,/specialists/solihull-cbt,301,live listing
/united-kingdom/solihull-uk/psychologist/solihull-mind,/specialists/solihull-mind,301,live listing
/united-kingdom/solihull-uk/psychologist/take-time-counselling,/specialists/take-time-counselling,301,live listing
/united-kingdom/solihull-uk/psychologist/tracy-gilmour-reiki-healer-and-mentor,/specialists/tracy-gilmour-reiki-healer-and-mentor,301,live listing
/united-kingdom/solihull-uk/rheumatologist/footconsultant,/search?location=Solihull,301,not imported — town only
/united-kingdom/solihull-uk/rheumatologist/spire-parkway-dermatology-skin-care-clinic,/search?location=Solihull,301,not imported — town only
/united-kingdom/solihull/general-practioners/balachandran-sriram,/search?specialty=general-practice&location=1%20Park%20Ave,301,not imported — specialty and town
/united-kingdom/solihull/orthopaedics/mr-akash-sharma,/specialists/mr-akash-sharma,301,live listing
/united-kingdom/solihull/orthopaedics/panos-makrides,/search?specialty=orthopaedics&location=Solihull,301,not imported — specialty and town
/united-kingdom/solihull/orthopaedics/trevor-lawrence,/search?specialty=orthopaedics&location=Solihull,301,not imported — specialty and town
/united-kingdom/solihull/physiopoint-limited-shirley-solihull,/search?location=Solihull,301,not imported — town only
/united-kingdom/south-brent/psychologist/elaleni-counselling,/search?specialty=psychology&location=South%20Brent,301,not imported — specialty and town
/united-kingdom/south-kensington/ent-surgeon/gentle-wong,/specialists/gentle-wong,301,live listing
/united-kingdom/southampton/jonathan-clark-physiotherapy-southampton,/search?location=Southampton,301,not imported — town only
/united-kingdom/southampton/orthopaedics/mr-simon-tilley,/specialists/mr-simon-tilley,301,live listing
/united-kingdom/southampton/physiotherapist/jonathan-clark-physiotherapy-eastleigh,/search?specialty=physiotherapy&location=Southampton,301,not imported — specialty and town
/united-kingdom/southampton/physiotherapist/pure-physiotherapy-southampton-cumberland,/search?specialty=physiotherapy&location=Southampton,301,not imported — specialty and town
/united-kingdom/southampton/physiotherapist/response-physio-southampton,/search?specialty=physiotherapy&location=Southampton,301,not imported — specialty and town
/united-kingdom/southampton/physiotherapist/restored-eden-physiotherapy,/search?specialty=physiotherapy&location=Southampton,301,not imported — specialty and town
/united-kingdom/southampton/physiotherapist/southampton-physiotherapy-clinic,/search?specialty=physiotherapy&location=Southampton,301,not imported — specialty and town
/united-kingdom/springfield/gynaecology/munawar-hussain,/specialists/munawar-hussain,301,live listing
/united-kingdom/stirling/aesthetic-doctors/frowndocs-stirling,/search?specialty=aesthetics-specialists&location=Stirling,301,not imported — specialty and town
/united-kingdom/stirling/orthopaedics/mr-amit-putti,/specialists/mr-amit-putti,301,live listing
/united-kingdom/sudbury-hill/orthopaedics/mr-senthooran-raja,/specialists/mr-senthooran-raja,301,live listing
/united-kingdom/sutton-coldfield/orthopaedics/fahad-siddique-hossain,/search?specialty=orthopaedics&location=Sutton%20Coldfield,301,not imported — specialty and town
/united-kingdom/sutton-coldfield/orthopaedics/mark-dunbar,/search?specialty=orthopaedics&location=Sutton%20Coldfield,301,not imported — specialty and town
/united-kingdom/sutton-coldfield/orthopaedics/mr-tarek-elgamal,/specialists/mr-tarek-elgamal,301,live listing
/united-kingdom/sutton-coldfield/resolve-physiotherapy-ltd,/search?location=Sutton%20Coldfield,301,not imported — town only
/united-kingdom/sutton/gynaecology/latika-narang,/specialists/latika-narang,301,live listing
/united-kingdom/teddington/general-practioners/shilpa-dave,/search?specialty=general-practice&location=53%20High%20St,301,not imported — specialty and town
/united-kingdom/tollerton/ent-surgeon/anand-kasbekar,/specialists/anand-kasbekar,301,live listing
/united-kingdom/tollerton/ent-surgeon/anshul-sama,/specialists/anshul-sama,301,live listing
/united-kingdom/tyburnia/general-practioners/lavan-varathan,/search?specialty=general-practice&location=24%20Conduit%20Pl,301,not imported — specialty and town
/united-kingdom/uddingston/uddingston-physiotherapy-rehabilitation-clinic,/search?location=Uddingston,301,not imported — town only
/united-kingdom/verwood/physiotherapist/frameworks-clinic,/search?specialty=physiotherapy&location=Verwood,301,not imported — specialty and town
/united-kingdom/walsall-uk/aesthetic-doctors/121-aesthetics,/specialists/121-aesthetics,301,live listing
/united-kingdom/walsall-uk/aesthetic-doctors/aesthetics-lounge-academy,/specialists/aesthetics-lounge-academy,301,live listing
/united-kingdom/walsall-uk/aesthetic-doctors/amstarlips,/specialists/amstarlips,301,live listing
/united-kingdom/walsall-uk/aesthetic-doctors/cole-aesthetics-clinic-ltd,/specialists/cole-aesthetics-clinic-ltd,301,live listing
/united-kingdom/walsall-uk/aesthetic-doctors/deep-beauty-and-aesthetics,/specialists/deep-beauty-and-aesthetics,301,live listing
/united-kingdom/walsall-uk/aesthetic-doctors/elite-care-clinic-ltd,/specialists/elite-care-clinic-ltd,301,live listing
/united-kingdom/walsall-uk/aesthetic-doctors/ethereal-touch-aesthetics,/specialists/ethereal-touch-aesthetics,301,live listing
/united-kingdom/walsall-uk/aesthetic-doctors/facial-spa-walsall,/specialists/facial-spa-walsall,301,live listing
/united-kingdom/walsall-uk/aesthetic-doctors/fresh-glow-aesthetics-ltd,/specialists/fresh-glow-aesthetics-ltd,301,live listing
/united-kingdom/walsall-uk/aesthetic-doctors/halo-house-of-beauty,/specialists/halo-house-of-beauty,301,live listing
/united-kingdom/walsall-uk/aesthetic-doctors/liz-aesthetics-massage-studio,/specialists/liz-aesthetics-massage-studio,301,live listing
/united-kingdom/walsall-uk/aesthetic-doctors/loulabelles-aesthetics-treatments,/specialists/loulabelles-aesthetics-treatments,301,live listing
/united-kingdom/walsall-uk/aesthetic-doctors/lunar-aesthetics,/specialists/lunar-aesthetics,301,live listing
/united-kingdom/walsall-uk/aesthetic-doctors/reflection-aesthetics,/specialists/reflection-aesthetics,301,live listing
/united-kingdom/walsall-uk/aesthetic-doctors/sorelle-aesthetics-beauty-clinic,/specialists/sorelle-aesthetics-beauty-clinic,301,live listing
/united-kingdom/walsall-uk/aesthetic-doctors/vx-aesthetics-walsall,/specialists/vx-aesthetics-walsall,301,live listing
/united-kingdom/walsall-uk/dentistry/aldridge-house-–-dental-practice-in-aldridge,/specialists/aldridge-house-–-dental-practice-in-aldridge,301,live listing
/united-kingdom/walsall-uk/dentistry/allsopp-dental-practice,/specialists/allsopp-dental-practice,301,live listing
/united-kingdom/walsall-uk/dentistry/anchor-road-dental-practice,/specialists/anchor-road-dental-practice,301,live listing
/united-kingdom/walsall-uk/dentistry/goodall-dental-practice,/specialists/goodall-dental-practice,301,live listing
/united-kingdom/walsall-uk/dentistry/hillary-street-dental-surgery,/specialists/hillary-street-dental-surgery,301,live listing
/united-kingdom/walsall-uk/dentistry/pelsall-lane-dental-practice,/specialists/pelsall-lane-dental-practice,301,live listing
/united-kingdom/walsall-uk/dentistry/premier-dental-care,/specialists/premier-dental-care,301,live listing
/united-kingdom/walsall-uk/dentistry/renew-dental,/specialists/renew-dental,301,live listing
/united-kingdom/walsall-uk/dentistry/walsall-wood-dentistry,/specialists/walsall-wood-dentistry,301,live listing
/united-kingdom/walsall-uk/dentistry/yew-tree-dental-surgery,/specialists/yew-tree-dental-surgery,301,live listing
/united-kingdom/walsall-uk/dermatologist/bayside-aesthetics,/specialists/bayside-aesthetics,301,live listing
/united-kingdom/walsall-uk/dermatologist/botox-walsall-lip-fillers-walsall-lumi-eyes-walsall-bayside-aesthetics,/specialists/botox-walsall-lip-fillers-walsall-lumi-eyes-walsall-bayside-aesthetics,301,live listing
/united-kingdom/walsall-uk/dermatologist/walsall-skin-clinic,/specialists/walsall-skin-clinic,301,live listing
/united-kingdom/walsall-uk/orthopaedics/birmingham-hip-and-knee-clinic-panos-makrides,/specialists/birmingham-hip-and-knee-clinic-panos-makrides,301,live listing
/united-kingdom/walsall-uk/orthopaedics/blackberry-clinic-birmingham,/specialists/blackberry-clinic-birmingham,301,live listing
/united-kingdom/walsall-uk/orthopaedics/threespiresphysiotherapy,/specialists/threespiresphysiotherapy,301,live listing
/united-kingdom/walsall-uk/orthopaedics/walsall-nhs-podiatry-department-bentley-health-centre,/specialists/walsall-nhs-podiatry-department-bentley-health-centre,301,live listing
/united-kingdom/walsall-uk/physiotherapist/hatherton-medical-centre,/specialists/hatherton-medical-centre,301,live listing
/united-kingdom/walsall-uk/psychologist/bridge-therapy-uk-hypnotherapy-ltd,/specialists/bridge-therapy-uk-hypnotherapy-ltd,301,live listing
/united-kingdom/walsall-uk/psychologist/dh-coaching-consulting,/specialists/dh-coaching-consulting,301,live listing
/united-kingdom/walsall-uk/psychologist/meeting-minds,/specialists/meeting-minds,301,live listing
/united-kingdom/walsall-uk/psychologist/open-doors-therapy,/specialists/open-doors-therapy,301,live listing
/united-kingdom/walsall-uk/psychologist/restoration,/specialists/restoration,301,live listing
/united-kingdom/walsall-uk/psychologist/sheleen-welborn-counselling-psychotherapy-pelsall-walsall-west-midlands,/specialists/sheleen-welborn-counselling-psychotherapy-pelsall-walsall-west-midlands,301,live listing
/united-kingdom/walsall-uk/psychologist/the-pebble-practice,/specialists/the-pebble-practice,301,live listing
/united-kingdom/walsall-uk/psychologist/w-p-h,/specialists/w-p-h,301,live listing
/united-kingdom/warley/orthopaedics/dimitrios-tsekes,/specialists/dimitrios-tsekes,301,live listing
/united-kingdom/warley/orthopaedics/mr-dimitrios-tsekes,/specialists/mr-dimitrios-tsekes,301,live listing
/united-kingdom/warley/orthopaedics/mr-nurul-ahad,/specialists/mr-nurul-ahad,301,live listing
/united-kingdom/warley/orthopaedics/mr-ravindran-kuzhupilly-ranjith,/specialists/mr-ravindran-kuzhupilly-ranjith,301,live listing
/united-kingdom/warley/orthopaedics/mr-saket-tibrewal,/specialists/mr-saket-tibrewal,301,live listing
/united-kingdom/warley/orthopaedics/mr-shahrier-sarker,/specialists/mr-shahrier-sarker,301,live listing
/united-kingdom/weavering/orthopaedics/bijayendra-singh,/specialists/bijayendra-singh,301,live listing
/united-kingdom/wendover/dentistry/smile-design-dental-practice,/search?specialty=dentistry&location=Wendover,301,not imported — specialty and town
/united-kingdom/west-bromwich/physiotherapist/3j-herbal,/search?specialty=physiotherapy&location=West%20Bromwich,301,not imported — specialty and town
/united-kingdom/weybridge/general-practioners/bruce-jobling,/specialists/bruce-jobling,301,live listing
/united-kingdom/wilmslow/general-practioners/sally-harris,/specialists/sally-harris,301,live listing
/united-kingdom/wilmslow/orthopaedics/mr-michael-walton,/specialists/mr-michael-walton,301,live listing
/united-kingdom/wilmslow/orthopaedics/mr-rama-mohan,/specialists/mr-rama-mohan,301,live listing
/united-kingdom/winchester/orthopaedics/mr-christopher-bailey,/specialists/mr-christopher-bailey,301,live listing
/united-kingdom/winchester/orthopaedics/mr-iain-macleod,/specialists/mr-iain-macleod,301,live listing
/united-kingdom/windsor/ent-surgeon/roland-hettige,/specialists/roland-hettige,301,live listing
/united-kingdom/windsor/orthopaedics/mr-alastair-davidson,/specialists/mr-alastair-davidson,301,live listing
/united-kingdom/windsor/orthopaedics/mr-jeremy-granville-chapman,/specialists/mr-jeremy-granville-chapman,301,live listing
/united-kingdom/woking/general-practioners/vaibhav-verma,/search?specialty=general-practice&location=54%20Brewery%20Rd,301,not imported — specialty and town
/united-kingdom/woking/orthopaedics/mr-constant-busch,/specialists/mr-constant-busch,301,live listing
/united-kingdom/wolverhampton-uk/aesthetic-doctors/aesthetics-dental-and-implant-surgery,/specialists/aesthetics-dental-and-implant-surgery,301,live listing
/united-kingdom/wolverhampton-uk/aesthetic-doctors/aesthetics-wellness-clinic,/specialists/aesthetics-wellness-clinic,301,live listing
/united-kingdom/wolverhampton-uk/aesthetic-doctors/al-aesthetics-botox-and-lip-fillers-wolverhampton,/specialists/al-aesthetics-botox-and-lip-fillers-wolverhampton,301,live listing
/united-kingdom/wolverhampton-uk/aesthetic-doctors/beautician-oksana-latt,/specialists/beautician-oksana-latt,301,live listing
/united-kingdom/wolverhampton-uk/aesthetic-doctors/beautoxology,/specialists/beautoxology,301,live listing
/united-kingdom/wolverhampton-uk/aesthetic-doctors/beechwood-house-healthcare-medical-aesthetic-clinic,/specialists/beechwood-house-healthcare-medical-aesthetic-clinic,301,live listing
/united-kingdom/wolverhampton-uk/aesthetic-doctors/bioskin-aesthetics,/specialists/bioskin-aesthetics,301,live listing
/united-kingdom/wolverhampton-uk/aesthetic-doctors/booshtox-doctor-treated-botox-fillers-laser-by-female-staff,/specialists/booshtox-doctor-treated-botox-fillers-laser-by-female-staff,301,live listing
/united-kingdom/wolverhampton-uk/aesthetic-doctors/cabelo-unisex-hair-salon-footcare-beauty-aesthetics-and-wellness-hub,/specialists/cabelo-unisex-hair-salon-footcare-beauty-aesthetics-and-wellness-hub,301,live listing
/united-kingdom/wolverhampton-uk/aesthetic-doctors/clinique-modele-aesthetics,/specialists/clinique-modele-aesthetics,301,live listing
/united-kingdom/wolverhampton-uk/aesthetic-doctors/contored-cosmetics-uk,/specialists/contored-cosmetics-uk,301,live listing
/united-kingdom/wolverhampton-uk/aesthetic-doctors/creative-beauty-boutique,/specialists/creative-beauty-boutique,301,live listing
/united-kingdom/wolverhampton-uk/aesthetic-doctors/doll-aesthetics,/specialists/doll-aesthetics,301,live listing
/united-kingdom/wolverhampton-uk/aesthetic-doctors/finest-touch-cosmetic-enhancement-clinic,/specialists/finest-touch-cosmetic-enhancement-clinic,301,live listing
/united-kingdom/wolverhampton-uk/aesthetic-doctors/girlboss-permanent-cosmetics,/specialists/girlboss-permanent-cosmetics,301,live listing
/united-kingdom/wolverhampton-uk/aesthetic-doctors/inscribed-cosmetics,/specialists/inscribed-cosmetics,301,live listing
/united-kingdom/wolverhampton-uk/aesthetic-doctors/kelly-louise-aesthetics,/specialists/kelly-louise-aesthetics,301,live listing
/united-kingdom/wolverhampton-uk/aesthetic-doctors/lavandula-blu-beauty-holistic-therapies,/specialists/lavandula-blu-beauty-holistic-therapies,301,live listing
/united-kingdom/wolverhampton-uk/aesthetic-doctors/optimal-beauty-and-training,/specialists/optimal-beauty-and-training,301,live listing
/united-kingdom/wolverhampton-uk/aesthetic-doctors/penny-price-aromatherapy,/specialists/penny-price-aromatherapy,301,live listing
/united-kingdom/wolverhampton-uk/aesthetic-doctors/pose-aesthetics-clinic,/specialists/pose-aesthetics-clinic,301,live listing
/united-kingdom/wolverhampton-uk/aesthetic-doctors/rejuvenate-aesthetics,/specialists/rejuvenate-aesthetics,301,live listing
/united-kingdom/wolverhampton-uk/aesthetic-doctors/revived-aesthetics,/specialists/revived-aesthetics,301,live listing
/united-kingdom/wolverhampton-uk/aesthetic-doctors/sanctuary-aesthetics,/specialists/sanctuary-aesthetics,301,live listing
/united-kingdom/wolverhampton-uk/aesthetic-doctors/sonia-dale-clinic,/specialists/sonia-dale-clinic,301,live listing
/united-kingdom/wolverhampton-uk/aesthetic-doctors/the-beauty-rooms-spa,/specialists/the-beauty-rooms-spa,301,live listing
/united-kingdom/wolverhampton-uk/aesthetic-doctors/virtue-medical-aesthetics-ltd,/specialists/virtue-medical-aesthetics-ltd,301,live listing
/united-kingdom/wolverhampton-uk/dentistry/antrim-house-dental-practice,/specialists/antrim-house-dental-practice,301,live listing
/united-kingdom/wolverhampton-uk/dentistry/bilston-dental-care-wolverhampton,/specialists/bilston-dental-care-wolverhampton,301,live listing
/united-kingdom/wolverhampton-uk/dentistry/brij-dhody-dental-practice,/specialists/brij-dhody-dental-practice,301,live listing
/united-kingdom/wolverhampton-uk/dentistry/cannock-road-dental-practice,/specialists/cannock-road-dental-practice,301,live listing
/united-kingdom/wolverhampton-uk/dentistry/church-street-dental-practice,/specialists/church-street-dental-practice,301,live listing
/united-kingdom/wolverhampton-uk/dentistry/claregate-dental-practice,/specialists/claregate-dental-practice,301,live listing
/united-kingdom/wolverhampton-uk/dentistry/codsall-dental-practice,/specialists/codsall-dental-practice,301,live listing
/united-kingdom/wolverhampton-uk/dentistry/dental-health-stop,/specialists/dental-health-stop,301,live listing
/united-kingdom/wolverhampton-uk/dentistry/dovedale-dental-practice,/specialists/dovedale-dental-practice,301,live listing
/united-kingdom/wolverhampton-uk/dentistry/dr-m-gibbons-associates-dental-surgeons,/specialists/dr-m-gibbons-associates-dental-surgeons,301,live listing
/united-kingdom/wolverhampton-uk/dentistry/goldthorn-dental-practice,/specialists/goldthorn-dental-practice,301,live listing
/united-kingdom/wolverhampton-uk/dentistry/halfway-house-dental-invisalign-orthodontic-clinic,/specialists/halfway-house-dental-invisalign-orthodontic-clinic,301,live listing
/united-kingdom/wolverhampton-uk/dentistry/mr-p-holden-wolverhampton-dental,/specialists/mr-p-holden-wolverhampton-dental,301,live listing
/united-kingdom/wolverhampton-uk/dentistry/parkdale-dental-and-implant-clinic,/specialists/parkdale-dental-and-implant-clinic,301,live listing
/united-kingdom/wolverhampton-uk/dentistry/parkside-dental-care,/specialists/parkside-dental-care,301,live listing
/united-kingdom/wolverhampton-uk/dentistry/stephen-cowley-dental-surgery,/specialists/stephen-cowley-dental-surgery,301,live listing
/united-kingdom/wolverhampton-uk/dentistry/the-lansdowne-dental-centre,/specialists/the-lansdowne-dental-centre,301,live listing
/united-kingdom/wolverhampton-uk/dentistry/the247dentist-wolverhampton,/specialists/the247dentist-wolverhampton,301,live listing
/united-kingdom/wolverhampton-uk/dentistry/titley-darby-dehal-associates,/specialists/titley-darby-dehal-associates,301,live listing
/united-kingdom/wolverhampton-uk/dentistry/treetops-dental-surgery,/specialists/treetops-dental-surgery,301,live listing
/united-kingdom/wolverhampton-uk/dentistry/wightwick-dental-practice,/specialists/wightwick-dental-practice,301,live listing
/united-kingdom/wolverhampton-uk/dentistry/wolverhampton-special-care-dental,/specialists/wolverhampton-special-care-dental,301,live listing
/united-kingdom/wolverhampton-uk/dermatologist/beauty-first-laser-skin-clinic,/specialists/beauty-first-laser-skin-clinic,301,live listing
/united-kingdom/wolverhampton-uk/dermatologist/body-perfection-laser-clinic,/specialists/body-perfection-laser-clinic,301,live listing
/united-kingdom/wolverhampton-uk/dermatologist/eterno-skin-clinic,/specialists/eterno-skin-clinic,301,live listing
/united-kingdom/wolverhampton-uk/dermatologist/imani-derma-aesthetics,/specialists/imani-derma-aesthetics,301,live listing
/united-kingdom/wolverhampton-uk/dermatologist/laser-skin-clinics-aesthetics,/specialists/laser-skin-clinics-aesthetics,301,live listing
/united-kingdom/wolverhampton-uk/dermatologist/lotus-laser-room,/specialists/lotus-laser-room,301,live listing
/united-kingdom/wolverhampton-uk/dermatologist/tettenhall-clinic,/specialists/tettenhall-clinic,301,live listing
/united-kingdom/wolverhampton-uk/dermatologist/the-luxe-clinic,/specialists/the-luxe-clinic,301,live listing
/united-kingdom/wolverhampton-uk/dermatologist/younique-skin-clinic-and-spa,/specialists/younique-skin-clinic-and-spa,301,live listing
/united-kingdom/wolverhampton-uk/ent-specialist/interhearing-advanced-hearing-services,/specialists/interhearing-advanced-hearing-services,301,live listing
/united-kingdom/wolverhampton-uk/gynaecology/genesiscare,/specialists/genesiscare,301,live listing
/united-kingdom/wolverhampton-uk/gynaecology/st-judes-womens-hospital,/facilities/st-judes-womens-hospital,301,became a facility
/united-kingdom/wolverhampton-uk/orthopaedics/orthopaedic-vet-ashbourne,/specialists/orthopaedic-vet-ashbourne,301,live listing
/united-kingdom/wolverhampton-uk/psychologist/a-new-day-counselling,/specialists/a-new-day-counselling,301,live listing
/united-kingdom/wolverhampton-uk/psychologist/aj-creative-counselling,/specialists/aj-creative-counselling,301,live listing
/united-kingdom/wolverhampton-uk/psychologist/base-25,/specialists/base-25,301,live listing
/united-kingdom/wolverhampton-uk/psychologist/begat-ltd,/specialists/begat-ltd,301,live listing
/united-kingdom/wolverhampton-uk/psychologist/blue-canary-therapy,/specialists/blue-canary-therapy,301,live listing
/united-kingdom/wolverhampton-uk/psychologist/bole-counselling-services,/specialists/bole-counselling-services,301,live listing
/united-kingdom/wolverhampton-uk/psychologist/brightside-psychology,/specialists/brightside-psychology,301,live listing
/united-kingdom/wolverhampton-uk/psychologist/clarity-counselling-wolverhampton-carole-palmer-mbacp-reg-bed-hons-dip-counselling,/specialists/clarity-counselling-wolverhampton-carole-palmer-mbacp-reg-bed-hons-dip-counselling,301,live listing
/united-kingdom/wolverhampton-uk/psychologist/clearer-view-counselling-wolverhampton,/specialists/clearer-view-counselling-wolverhampton,301,live listing
/united-kingdom/wolverhampton-uk/psychologist/codsall-therapy-centre,/specialists/codsall-therapy-centre,301,live listing
/united-kingdom/wolverhampton-uk/psychologist/dizzycare-clinic,/specialists/dizzycare-clinic,301,live listing
/united-kingdom/wolverhampton-uk/psychologist/elysium-counselling-services,/specialists/elysium-counselling-services,301,live listing
/united-kingdom/wolverhampton-uk/psychologist/footprints-therapy-health-wellbeing-centre,/specialists/footprints-therapy-health-wellbeing-centre,301,live listing
/united-kingdom/wolverhampton-uk/psychologist/harmony-physiotherapy,/specialists/harmony-physiotherapy,301,live listing
/united-kingdom/wolverhampton-uk/psychologist/health-actions,/specialists/health-actions,301,live listing
/united-kingdom/wolverhampton-uk/psychologist/hebron-counselling,/specialists/hebron-counselling,301,live listing
/united-kingdom/wolverhampton-uk/psychologist/humanima-cic,/specialists/humanima-cic,301,live listing
/united-kingdom/wolverhampton-uk/psychologist/insight-counselling,/specialists/insight-counselling,301,live listing
/united-kingdom/wolverhampton-uk/psychologist/insight-hypnotherapy-counselling-practice,/specialists/insight-hypnotherapy-counselling-practice,301,live listing
/united-kingdom/wolverhampton-uk/psychologist/jh-counselling-solutions,/specialists/jh-counselling-solutions,301,live listing
/united-kingdom/wolverhampton-uk/psychologist/lemon-tree-therapy,/specialists/lemon-tree-therapy,301,live listing
/united-kingdom/wolverhampton-uk/psychologist/mel-riley,/specialists/mel-riley,301,live listing
/united-kingdom/wolverhampton-uk/psychologist/mosaic-counselling-coaching,/specialists/mosaic-counselling-coaching,301,live listing
/united-kingdom/wolverhampton-uk/psychologist/nav-pain-clinic-and-massages,/search?specialty=psychology&location=Wolverhampton,301,not imported — specialty and town
/united-kingdom/wolverhampton-uk/psychologist/shires-psychotherapy,/specialists/shires-psychotherapy,301,live listing
/united-kingdom/wolverhampton-uk/psychologist/soul-2-soul-counselling-and-holistic-therapies,/specialists/soul-2-soul-counselling-and-holistic-therapies,301,live listing
/united-kingdom/wolverhampton-uk/psychologist/tranceform-psychology,/specialists/tranceform-psychology,301,live listing
/united-kingdom/wolverhampton-uk/psychologist/trancescend-therapy-services-robert-rutherford,/specialists/trancescend-therapy-services-robert-rutherford,301,live listing
/united-kingdom/wolverhampton-uk/psychologist/wolverhampton-assessment-centre,/specialists/wolverhampton-assessment-centre,301,live listing
/united-kingdom/wolverhampton-uk/psychologist/wolverhampton-ms-therapy-centre,/specialists/wolverhampton-ms-therapy-centre,301,live listing
/united-kingdom/worcester-park/orthopaedics/mr-amarjit-anand,/specialists/mr-amarjit-anand,301,live listing
/united-kingdom/worcester/orthopaedics/mr-nadim-aslam,/specialists/mr-nadim-aslam,301,live listing
/wales/pontprennau/gynaecology/preetkiron-bhal,/specialists/preetkiron-bhal,301,live listing
/walsall-uk/aesthetic-doctors/hypnotic-beauty-aesthetics,/specialists/hypnotic-beauty-aesthetics,301,live listing
/walsall-uk/psychologist/happy-head-space,/specialists/happy-head-space,301,live listing
/walsall-uk/psychologist/neil-time-to-thrive,/specialists/neil-time-to-thrive,301,live listing
/wolverhampton-uk/dentistry/wolverhampton-dental,/specialists/wolverhampton-dental,301,live listing
/wolverhampton-uk/dentistry/wv1-dental-implant-clinic,/specialists/wv1-dental-implant-clinic,301,live listing
